SID,SEASON,NUMBER,BASIN,SUBBASIN,NAME,ISO_TIME,NATURE,LAT,LON,WMO_WIND,WMO_PRES,WMO_AGENCY,TRACK_TYPE,DIST2LAND,LANDFALL,IFLAG,USA_AGENCY,USA_ATCF_ID,USA_LAT,USA_LON,USA_RECORD,USA_STATUS,USA_WIND,USA_PRES,USA_SSHS,USA_R34_NE,USA_R34_SE,USA_R34_SW,USA_R34_NW,USA_R50_NE,USA_R50_SE,USA_R50_SW,USA_R50_NW,USA_R64_NE,USA_R64_SE,USA_R64_SW,USA_R64_NW,USA_POCI,USA_ROCI,USA_RMW,USA_EYE,TOKYO_LAT,TOKYO_LON,TOKYO_GRADE,TOKYO_WIND,TOKYO_PRES,TOKYO_R50_DIR,TOKYO_R50_LONG,TOKYO_R50_SHORT,TOKYO_R30_DIR,TOKYO_R30_LONG,TOKYO_R30_SHORT,TOKYO_LAND,CMA_LAT,CMA_LON,CMA_CAT,CMA_WIND,CMA_PRES,HKO_LAT,HKO_LON,HKO_CAT,HKO_WIND,HKO_PRES,KMA_LAT,KMA_LON,KMA_CAT,KMA_WIND,KMA_PRES,KMA_R50_DIR,KMA_R50_LONG,KMA_R50_SHORT,KMA_R30_DIR,KMA_R30_LONG,KMA_R30_SHORT,NEWDELHI_LAT,NEWDELHI_LON,NEWDELHI_GRADE,NEWDELHI_WIND,NEWDELHI_PRES,NEWDELHI_CI,NEWDELHI_DP,NEWDELHI_POCI,REUNION_LAT,REUNION_LON,REUNION_TYPE,REUNION_WIND,REUNION_PRES,REUNION_TNUM,REUNION_CI,REUNION_RMW,REUNION_R34_NE,REUNION_R34_SE,REUNION_R34_SW,REUNION_R34_NW,REUNION_R50_NE,REUNION_R50_SE,REUNION_R50_SW,REUNION_R50_NW,REUNION_R64_NE,REUNION_R64_SE,REUNION_R64_SW,REUNION_R64_NW,BOM_LAT,BOM_LON,BOM_TYPE,BOM_WIND,BOM_PRES,BOM_TNUM,BOM_CI,BOM_RMW,BOM_R34_NE,BOM_R34_SE,BOM_R34_SW,BOM_R34_NW,BOM_R50_NE,BOM_R50_SE,BOM_R50_SW,BOM_R50_NW,BOM_R64_NE,BOM_R64_SE,BOM_R64_SW,BOM_R64_NW,BOM_ROCI,BOM_POCI,BOM_EYE,BOM_POS_METHOD,BOM_PRES_METHOD,NADI_LAT,NADI_LON,NADI_CAT,NADI_WIND,NADI_PRES,WELLINGTON_LAT,WELLINGTON_LON,WELLINGTON_WIND,WELLINGTON_PRES,DS824_LAT,DS824_LON,DS824_STAGE,DS824_WIND,DS824_PRES,TD9636_LAT,TD9636_LON,TD9636_STAGE,TD9636_WIND,TD9636_PRES,TD9635_LAT,TD9635_LON,TD9635_WIND,TD9635_PRES,TD9635_ROCI,NEUMANN_LAT,NEUMANN_LON,NEUMANN_CLASS,NEUMANN_WIND,NEUMANN_PRES,MLC_LAT,MLC_LON,MLC_CLASS,MLC_WIND,MLC_PRES,USA_GUST,BOM_GUST,BOM_GUST_PER,REUNION_GUST,REUNION_GUST_PER,USA_SEAHGT,USA_SEARAD_NE,USA_SEARAD_SE,USA_SEARAD_SW,USA_SEARAD_NW,STORM_SPEED,STORM_DIR
 ,Year, , , , , , ,degrees_north,degrees_east,kts,mb, , ,km,km, , , ,degrees_north,degrees_east, , ,kts,mb,1,nmile,nmile,nmile,nmile,nmile,nmile,nmile,nmile,nmile,nmile,nmile,nmile,mb,nmile,nmile,nmile,degrees_north,degrees_east,1,kts,mb, ,nmile,nmile, ,nmile,nmile,1,degrees_north,degrees_east,1,kts,mb,degrees_north,degrees_east, ,kts,mb,degrees_north,degrees_east, ,kts,mb, ,nmile,nmile, ,nmile,nmile,degrees_north,degrees_east, ,kts,mb,1,mb,mb,degrees_north,degrees_east, ,kts,mb,1,1,nmile,nmile,nmile,nmile,nmile,nmile,nmile,nmile,nmile,nmile,nmile,nmile,nmile,degrees_north,degrees_east, ,kts,mb,1,1,nmile,nmile,nmile,nmile,nmile,nmile,nmile,nmile,nmile,nmile,nmile,nmile,nmile,nmile,mb,nmile, , ,degrees_north,degrees_east,1,kts,mb,degrees_north,degrees_east,kts,mb,degrees_north,degrees_east, ,kts,mb,degrees_north,degrees_east, ,kts,mb,degrees_north,degrees_east,kts,mb,nmile,degrees_north,degrees_east, ,kts,mb,degrees_north,degrees_east, ,kts,mb,kts,kts,second,kts,second,ft,nmile,nmile,nmile,nmile,kts,degrees
2023030N08087,2023,6,NI,BB,UNNAMED,2023-01-30 03:00:00,TS,7.7,87.2,25,1004,newdelhi,main,590,528,_____O_________, , , , , , , , ,-5, , , , , , , , , , , , , , , , , , , , , , , , , , , , , , , , , , , , , , , , , , , , , , , , , ,7.7,87.2,D,25,1004,1.50000,4, , , , , , , , , , , , , , , , , , , , , , , , , , , , , , , , , , , , , , , , , , , , , , , , , , , , , , , , , , , , , , , , , , , , , , , , , , , , , , , , , , , , , , , , , , ,13,290
2023030N08087,2023,6,NI,BB,UNNAMED,2023-01-30 06:00:00,TS,7.9,86.6,25,1004,newdelhi,main,528,498,_____O_________, , , , , , , , ,-5, , , , , , , , , , , , , , , , , , , , , , , , , , , , , , , , , , , , , , , , , , , , , , , , , ,7.9,86.6,D,25,1004,1.50000,4, , , , , , , , , , , , , , , , , , , , , , , , , , , , , , , , , , , , , , , , , , , , , , , , , , , , , , , , , , , , , , , , , , , , , , , , , , , , , , , , , , , , , , , , , , ,10,285
2023030N08087,2023,6,NI,BB,UNNAMED,2023-01-30 09:00:00,TS,8.0,86.2, , , ,main,487,465,_____P_________, , , , , , , , ,-5, , , , , , , , , , , , , , , , , , , , , , , , , , , , , , , , , , , , , , , , , , , , , , , , , ,8.0,86.2,D,25,1004, ,4, , , , , , , , , , , , , , , , , , , , , , , , , , , , , , , , , , , , , , , , , , , , , , , , , , , , , , , , , , , , , , , , , , , , , , , , , , , , , , , , , , , , , , , , , , ,6,280
2023030N08087,2023,6,NI,BB,UNNAMED,2023-01-30 12:00:00,TS,8.0,86.0,25,1004,newdelhi,main,465,432,_____O_________, , , , , , , , ,-5, , , , , , , , , , , , , , , , , , , , , , , , , , , , , , , , , , , , , , , , , , , , , , , , , ,8.0,86.0,D,25,1004,1.50000,4, , , , , , , , , , , , , , , , , , , , , , , , , , , , , , , , , , , , , , , , , , , , , , , , , , , , , , , , , , , , , , , , , , , , , , , , , , , , , , , , , , , , , , , , , , ,6,275
2023030N08087,2023,6,NI,BB,UNNAMED,2023-01-30 15:00:00,TS,8.1,85.6, , , ,main,422,389,_____P_________, , , , , , , , ,-5, , , , , , , , , , , , , , , , , , , , , , , , , , , , , , , , , , , , , , , , , , , , , , , , , ,8.1,85.6,D,25,1004, ,4, , , , , , , , , , , , , , , , , , , , , , , , , , , , , , , , , , , , , , , , , , , , , , , , , , , , , , , , , , , , , , , , , , , , , , , , , , , , , , , , , , , , , , , , , , ,7,280
2023030N08087,2023,6,NI,BB,UNNAMED,2023-01-30 18:00:00,TS,8.1,85.3,25,1004,newdelhi,main,389,368,_____O_________, , , , , , , , ,-5, , , , , , , , , , , , , , , , , , , , , , , , , , , , , , , , , , , , , , , , , , , , , , , , , ,8.1,85.3,D,25,1004,1.50000,4, , , , , , , , , , , , , , , , , , , , , , , , , , , , , , , , , , , , , , , , , , , , , , , , , , , , , , , , , , , , , , , , , , , , , , , , , , , , , , , , , , , , , , , , , , ,6,275
2023030N08087,2023,6,NI,BB,UNNAMED,2023-01-30 21:00:00,TS,8.1,85.1, , , ,main,368,337,_____P_________, , , , , , , , ,-5, , , , , , , , , , , , , , , , , , , , , , , , , , , , , , , , , , , , , , , , , , , , , , , , , ,8.1,85.1,D,25,1004, ,4, , , , , , , , , , , , , , , , , , , , , , , , , , , , , , , , , , , , , , , , , , , , , , , , , , , , , , , , , , , , , , , , , , , , , , , , , , , , , , , , , , , , , , , , , , ,5,280
2023030N08087,2023,6,NI,BB,UNNAMED,2023-01-31 00:00:00,TS,8.2,84.8,25,1004,newdelhi,main,337,289,_____O_________, , , , , , , , ,-5, , , , , , , , , , , , , , , , , , , , , , , , , , , , , , , , , , , , , , , , , , , , , , , , , ,8.2,84.8,D,25,1004,1.50000,4, , , , , , , , , , , , , , , , , , , , , , , , , , , , , , , , , , , , , , , , , , , , , , , , , , , , , , , , , , , , , , , , , , , , , , , , , , , , , , , , , , , , , , , , , , ,8,290
2023030N08087,2023,6,NI,BB,UNNAMED,2023-01-31 03:00:00,TS,8.4,84.3,25,1004,newdelhi,main,289,257,_____O_________, , , , , , , , ,-5, , , , , , , , , , , , , , , , , , , , , , , , , , , , , , , , , , , , , , , , , , , , , , , , , ,8.4,84.3,D,25,1004,1.50000,4, , , , , , , , , , , , , , , , , , , , , , , , , , , , , , , , , , , , , , , , , , , , , , , , , , , , , , , , , , , , , , , , , , , , , , , , , , , , , , , , , , , , , , , , , , ,10,295
2023030N08087,2023,6,NI,BB,UNNAMED,2023-01-31 06:00:00,TS,8.6,83.9,25,1004,newdelhi,main,257,242,_____O_________, , , , , , , , ,-5, , , , , , , , , , , , , , , , , , , , , , , , , , , , , , , , , , , , , , , , , , , , , , , , , ,8.6,83.9,D,25,1004,1.50000,4, , , , , , , , , , , , , , , , , , , , , , , , , , , , , , , , , , , , , , , , , , , , , , , , , , , , , , , , , , , , , , , , , , , , , , , , , , , , , , , , , , , , , , , , , , ,7,295
2023030N08087,2023,6,NI,BB,UNNAMED,2023-01-31 09:00:00,TS,8.7,83.7, , , ,main,242,218,_____P_________, , , , , , , , ,-5, , , , , , , , , , , , , , , , , , , , , , , , , , , , , , , , , , , , , , , , , , , , , , , , , ,8.7,83.7,D,25,1004, ,4, , , , , , , , , , , , , , , , , , , , , , , , , , , , , , , , , , , , , , , , , , , , , , , , , , , , , , , , , , , , , , , , , , , , , , , , , , , , , , , , , , , , , , , , , , ,4,270
2023030N08087,2023,6,NI,BB,UNNAMED,2023-01-31 12:00:00,TS,8.6,83.5,25,1004,newdelhi,main,218,184,_____O_________, , , , , , , , ,-5, , , , , , , , , , , , , , , , , , , , , , , , , , , , , , , , , , , , , , , , , , , , , , , , , ,8.6,83.5,D,25,1004,1.50000,4, , , , , , , , , , , , , , , , , , , , , , , , , , , , , , , , , , , , , , , , , , , , , , , , , , , , , , , , , , , , , , , , , , , , , , , , , , , , , , , , , , , , , , , , , , ,5,245
2023030N08087,2023,6,NI,BB,UNNAMED,2023-01-31 15:00:00,TS,8.5,83.2, , , ,main,184,144,_____P_________, , , , , , , , ,-5, , , , , , , , , , , , , , , , , , , , , , , , , , , , , , , , , , , , , , , , , , , , , , , , , ,8.5,83.2,D,25,1004, ,4, , , , , , , , , , , , , , , , , , , , , , , , , , , , , , , , , , , , , , , , , , , , , , , , , , , , , , , , , , , , , , , , , , , , , , , , , , , , , , , , , , , , , , , , , , ,7,245
2023030N08087,2023,6,NI,BB,UNNAMED,2023-01-31 18:00:00,TS,8.3,82.9,25,1004,newdelhi,main,144,129,_____O_________, , , , , , , , ,-5, , , , , , , , , , , , , , , , , , , , , , , , , , , , , , , , , , , , , , , , , , , , , , , , , ,8.3,82.9,D,25,1004,1.50000,4, , , , , , , , , , , , , , , , , , , , , , , , , , , , , , , , , , , , , , , , , , , , , , , , , , , , , , , , , , , , , , , , , , , , , , , , , , , , , , , , , , , , , , , , , , ,5,240
2023030N08087,2023,6,NI,BB,UNNAMED,2023-01-31 21:00:00,TS,8.2,82.8, , , ,main,129,119,_____P_________, , , , , , , , ,-5, , , , , , , , , , , , , , , , , , , , , , , , , , , , , , , , , , , , , , , , , , , , , , , , , ,8.2,82.8,D,25,1004, ,4, , , , , , , , , , , , , , , , , , , , , , , , , , , , , , , , , , , , , , , , , , , , , , , , , , , , , , , , , , , , , , , , , , , , , , , , , , , , , , , , , , , , , , , , , , ,2,245
2023030N08087,2023,6,NI,BB,UNNAMED,2023-02-01 00:00:00,TS,8.2,82.7,25,1004,newdelhi,main,119,101,_____O_________, , , , , , , , ,-5, , , , , , , , , , , , , , , , , , , , , , , , , , , , , , , , , , , , , , , , , , , , , , , , , ,8.2,82.7,D,25,1004,1.50000,4, , , , , , , , , , , , , , , , , , , , , , , , , , , , , , , , , , , , , , , , , , , , , , , , , , , , , , , , , , , , , , , , , , , , , , , , , , , , , , , , , , , , , , , , , , ,3,265
2023030N08087,2023,6,NI,BB,UNNAMED,2023-02-01 03:00:00,TS,8.2,82.5,25,1004,newdelhi,main,101,101,_____O_________, , , , , , , , ,-5, , , , , , , , , , , , , , , , , , , , , , , , , , , , , , , , , , , , , , , , , , , , , , , , , ,8.2,82.5,D,25,1004,1.50000,4, , , , , , , , , , , , , , , , , , , , , , , , , , , , , , , , , , , , , , , , , , , , , , , , , , , , , , , , , , , , , , , , , , , , , , , , , , , , , , , , , , , , , , , , , , ,2,270
2023030N08087,2023,6,NI,BB,UNNAMED,2023-02-01 06:00:00,TS,8.2,82.5,25,1004,newdelhi,main,101,90,_____O_________, , , , , , , , ,-5, , , , , , , , , , , , , , , , , , , , , , , , , , , , , , , , , , , , , , , , , , , , , , , , , ,8.2,82.5,D,25,1004,1.50000,4, , , , , , , , , , , , , , , , , , , , , , , , , , , , , , , , , , , , , , , , , , , , , , , , , , , , , , , , , , , , , , , , , , , , , , , , , , , , , , , , , , , , , , , , , , ,1,275
2023030N08087,2023,6,NI,BB,UNNAMED,2023-02-01 09:00:00,TS,8.2,82.4, , , ,main,90,80,_____P_________, , , , , , , , ,-5, , , , , , , , , , , , , , , , , , , , , , , , , , , , , , , , , , , , , , , , , , , , , , , , , ,8.2,82.4,D,25,1004, ,4, , , , , , , , , , , , , , , , , , , , , , , , , , , , , , , , , , , , , , , , , , , , , , , , , , , , , , , , , , , , , , , , , , , , , , , , , , , , , , , , , , , , , , , , , , ,2,270
2023030N08087,2023,6,NI,BB,UNNAMED,2023-02-01 12:00:00,TS,8.2,82.3,25,1004,newdelhi,main,80,69,_____O_________, , , , , , , , ,-5, , , , , , , , , , , , , , , , , , , , , , , , , , , , , , , , , , , , , , , , , , , , , , , , , ,8.2,82.3,D,25,1004,1.50000,4, , , , , , , , , , , , , , , , , , , , , , , , , , , , , , , , , , , , , , , , , , , , , , , , , , , , , , , , , , , , , , , , , , , , , , , , , , , , , , , , , , , , , , , , , , ,2,265
2023030N08087,2023,6,NI,BB,UNNAMED,2023-02-01 15:00:00,TS,8.2,82.2, , , ,main,69,56,_____P_________, , , , , , , , ,-5, , , , , , , , , , , , , , , , , , , , , , , , , , , , , , , , , , , , , , , , , , , , , , , , , ,8.2,82.2,D,25,1004, ,4, , , , , , , , , , , , , , , , , , , , , , , , , , , , , , , , , , , , , , , , , , , , , , , , , , , , , , , , , , , , , , , , , , , , , , , , , , , , , , , , , , , , , , , , , , ,2,245
2023030N08087,2023,6,NI,BB,UNNAMED,2023-02-01 18:00:00,TS,8.1,82.1,25,1004,newdelhi,main,56,24,_____O_________, , , , , , , , ,-5, , , , , , , , , , , , , , , , , , , , , , , , , , , , , , , , , , , , , , , , , , , , , , , , , ,8.1,82.1,D,25,1004,1.50000,4, , , , , , , , , , , , , , , , , , , , , , , , , , , , , , , , , , , , , , , , , , , , , , , , , , , , , , , , , , , , , , , , , , , , , , , , , , , , , , , , , , , , , , , , , , ,5,240
2023030N08087,2023,6,NI,BB,UNNAMED,2023-02-01 21:00:00,TS,7.9,81.8, , , ,main,24,0,_____P_________, , , , , , , , ,-5, , , , , , , , , , , , , , , , , , , , , , , , , , , , , , , , , , , , , , , , , , , , , , , , , ,7.9,81.8,D,25,1004, ,4, , , , , , , , , , , , , , , , , , , , , , , , , , , , , , , , , , , , , , , , , , , , , , , , , , , , , , , , , , , , , , , , , , , , , , , , , , , , , , , , , , , , , , , , , , ,9,235
2023030N08087,2023,6,NI,BB,UNNAMED,2023-02-02 00:00:00,TS,7.6,81.4,25,1004,newdelhi,main,0,0,_____O_________, , , , , , , , ,-5, , , , , , , , , , , , , , , , , , , , , , , , , , , , , , , , , , , , , , , , , , , , , , , , , ,7.6,81.4,D,25,1004,0.00000,4, , , , , , , , , , , , , , , , , , , , , , , , , , , , , , , , , , , , , , , , , , , , , , , , , , , , , , , , , , , , , , , , , , , , , , , , , , , , , , , , , , , , , , , , , , ,10,225
2023030N08087,2023,6,NI,BB,UNNAMED,2023-02-02 03:00:00,TS,7.2,81.1,20,1004,newdelhi,main,0,0,_____O_________, , , , , , , , ,-5, , , , , , , , , , , , , , , , , , , , , , , , , , , , , , , , , , , , , , , , , , , , , , , , , ,7.2,81.1,D,20,1004,0.00000,4, , , , , , , , , , , , , , , , , , , , , , , , , , , , , , , , , , , , , , , , , , , , , , , , , , , , , , , , , , , , , , , , , , , , , , , , , , , , , , , , , , , , , , , , , , ,10,215
2023030N08087,2023,6,NI,BB,UNNAMED,2023-02-02 06:00:00,TS,6.8,80.8,20,1006,newdelhi,main,0,0,_____O_________, , , , , , , , ,-5, , , , , , , , , , , , , , , , , , , , , , , , , , , , , , , , , , , , , , , , , , , , , , , , , ,6.8,80.8,D,20,1006,0.00000,4, , , , , , , , , , , , , , , , , , , , , , , , , , , , , , , , , , , , , , , , , , , , , , , , , , , , , , , , , , , , , , , , , , , , , , , , , , , , , , , , , , , , , , , , , , ,9,220
2023030N08087,2023,6,NI,BB,UNNAMED,2023-02-02 09:00:00,TS,6.5,80.5, , , ,main,0,0,_____P_________, , , , , , , , ,-5, , , , , , , , , , , , , , , , , , , , , , , , , , , , , , , , , , , , , , , , , , , , , , , , , ,6.5,80.5,D,20,1006, ,4, , , , , , , , , , , , , , , , , , , , , , , , , , , , , , , , , , , , , , , , , , , , , , , , , , , , , , , , , , , , , , , , , , , , , , , , , , , , , , , , , , , , , , , , , , ,7,225
2023030N08087,2023,6,NI,BB,UNNAMED,2023-02-02 12:00:00,TS,6.3,80.3,20,1006,newdelhi,main,0, ,_____O_________, , , , , , , , ,-5, , , , , , , , , , , , , , , , , , , , , , , , , , , , , , , , , , , , , , , , , , , , , , , , , ,6.3,80.3,D,20,1006,0.00000,4, , , , , , , , , , , , , , , , , , , , , , , , , , , , , , , , , , , , , , , , , , , , , , , , , , , , , , , , , , , , , , , , , , , , , , , , , , , , , , , , , , , , , , , , , , ,6,230
2023129N08091,2023,19,NI,BB,MOCHA,2023-05-08 18:00:00,TS,7.7,91.4, , , ,main,481,481,O______________,jtwc_io,IO012023,7.7,91.4, ,TD,25,1004,-1, , , , , , , , , , , , , , , , , , , , , , , , , , , , , , , , , , , , , , , , , , , , , , , , , , , , , , , , , , , , , , , , , , , , , , , , , , , , , , , , , , , , , , , , , , , , , , , , , , , , , , , , , , , , , , , , , , , , , , , , , , , , , , , , , , , , , , , , , , , , , , , , , , ,6,260
2023129N08091,2023,19,NI,BB,MOCHA,2023-05-08 21:00:00,TS,7.6,91.1, , , ,main,505,505,P______________, ,IO012023,7.6,91.1, ,TD,25,1004,-1, , , , , , , , , , , , , , , , , , , , , , , , , , , , , , , , , , , , , , , , , , , , , , , , , , , , , , , , , , , , , , , , , , , , , , , , , , , , , , , , , , , , , , , , , , , , , , , , , , , , , , , , , , , , , , , , , , , , , , , , , , , , , , , , , , , , , , , , , , , , , , , , , , ,7,260
2023129N08091,2023,19,NI,BB,MOCHA,2023-05-09 00:00:00,TS,7.6,90.7, , , ,main,545,545,O______________,jtwc_io,IO012023,7.6,90.7, ,TD,25,1004,-1, , , , , , , , , , , , ,1006,160,40, , , , , , , , , , , , , , , , , , , , , , , , , , , , , , , , , , , , , , , , , , , , , , , , , , , , , , , , , , , , , , , , , , , , , , , , , , , , , , , , , , , , , , , , , , , , , , , , , , , , , , , , , , , , , , , , , , , , , , , , , , , , , , , , , , , ,10,265
2023129N08091,2023,19,NI,BB,MOCHA,2023-05-09 03:00:00,TS,7.6,90.1, , , ,main,606,606,P______________, ,IO012023,7.6,90.1, ,TD,25,1004,-1, , , , , , , , , , , , ,1006,160,65, , , , , , , , , , , , , , , , , , , , , , , , , , , , , , , , , , , , , , , , , , , , , , , , , , , , , , , , , , , , , , , , , , , , , , , , , , , , , , , , , , , , , , , , , , , , , , , , , , , , , , , , , , , , , , , , , , , , , , , , , , , , , , , , , , , ,11,270
2023129N08091,2023,19,NI,BB,MOCHA,2023-05-09 06:00:00,TS,7.6,89.6, , , ,main,658,658,O______________,jtwc_io,IO012023,7.6,89.6, ,TD,25,1004,-1, , , , , , , , , , , , ,1006,160,90, , , , , , , , , , , , , , , , , , , , , , , , , , , , , , , , , , , , , , , , , , , , , , , , , , , , , , , , , , , , , , , , , , , , , , , , , , , , , , , , , , , , , , , , , , , , , , , , , , , , , , , , , , , , , , , , , , , , , , , , , , , , , , , , , , , ,8,275
2023129N08091,2023,19,NI,BB,MOCHA,2023-05-09 09:00:00,TS,7.7,89.3, , , ,main,693,693,P______________, ,IO012023,7.7,89.3, ,TD,25,1003,-1, , , , , , , , , , , , ,1005,178,90, , , , , , , , , , , , , , , , , , , , , , , , , , , , , , , , , , , , , , , , , , , , , , , , , , , , , , , , , , , , , , , , , , , , , , , , , , , , , , , , , , , , , , , , , , , , , , , , , , , , , , , , , , , , , , , , , , , , , , , , , , , , , , , , , , , ,5,310
2023129N08091,2023,19,NI,BB,MOCHA,2023-05-09 12:00:00,TS,7.9,89.3,25,1002,newdelhi,main,701,701,O____O_________,jtwc_io,IO012023,7.8,89.2, ,TD,25,1002,-1, , , , , , , , , , , , ,1004,195,90, , , , , , , , , , , , , , , , , , , , , , , , , , , , , , , , , , ,8.3,89.5,D,25,1002,1.50000,3, , , , , , , , , , , , , , , , , , , , , , , , , , , , , , , , , , , , , , , , , , , , , , , , , , , , , , , , , , , , , , , , , , , , , , , , , , , , , , , , , , , , , , , , , , ,5,340
2023129N08091,2023,19,NI,BB,MOCHA,2023-05-09 15:00:00,TS,8.1,89.2, , , ,main,719,719,P____P_________, ,IO012023,7.9,89.1, ,TD,25,1002,-1, , , , , , , , , , , , ,1004,195,90, , , , , , , , , , , , , , , , , , , , , , , , , , , , , , , , , , ,8.4,89.4,D,25,1002, ,3, , , , , , , , , , , , , , , , , , , , , , , , , , , , , , , , , , , , , , , , , , , , , , , , , , , , , , , , , , , , , , , , , , , , , , , , , , , , , , , , , , , , , , , , , , ,4,340
2023129N08091,2023,19,NI,BB,MOCHA,2023-05-09 18:00:00,TS,8.3,89.1,25,1002,newdelhi,main,738,738,O____O_________,jtwc_io,IO012023,8.1,89.0, ,TD,25,1001,-1, , , , , , , , , , , , ,1004,195,90, , , , , , , , , , , , , , , , , , , , , , , , , , , , , , , , , , ,8.5,89.3,D,25,1002,1.50000,3, , , , , , , , , , , , , , , , , , , , , , , , , , , , , , , , , , , , , , , , , , , , , , , , , , , , , , , , , , , , , , , , , , , , , , , , , , , , , , , , , , , , , , , , , , ,2,330
2023129N08091,2023,19,NI,BB,MOCHA,2023-05-09 21:00:00,TS,8.3,89.1, , , ,main,738,738,P____P_________, ,IO012023,8.2,89.0, ,TD,28,996,-1, , , , , , , , , , , , ,1004,195,85, , , , , , , , , , , , , , , , , , , , , , , , , , , , , , , , , , ,8.5,89.1,D,28,1001, ,4, , , , , , , , , , , , , , , , , , , , , , , , , , , , , , , , , , , , , , , , , , , , , , , , , , , , , , , , , , , , , , , , , , , , , , , , , , , , , , , , , , , , , , , , , , ,3,315
2023129N08091,2023,19,NI,BB,MOCHA,2023-05-10 00:00:00,TS,8.5,89.0,30,1000,newdelhi,main,757,757,O____O_________,jtwc_io,IO012023,8.4,88.9, ,TD,30,991,-1, , , , , , , , , , , , ,1004,195,80, , , , , , , , , , , , , , , , , , , , , , , , , , , , , , , , , , ,8.5,89.0,DD,30,1000,2.00000,4, , , , , , , , , , , , , , , , , , , , , , , , , , , , , , , , , , , , , , , , , , , , , , , , , , , , , , , , , , , , , , , , , , , , , , , , , , , , , , , , , , , , , , , , , , ,6,325
2023129N08091,2023,19,NI,BB,MOCHA,2023-05-10 03:00:00,TS,8.8,88.7,30,1000,newdelhi,main,771,756,P____O_________, ,IO012023,8.9,88.5, ,TD,30,996,-1, , , , , , , , , , , , ,1005,205,80, , , , , , , , , , , , , , , , , , , , , , , , , , , , , , , , , , ,8.8,88.9,DD,30,1000,2.00000,4, , , , , , , , , , , , , , , , , , , , , , , , , , , , , , , , , , , , , , , , , , , , , , , , , , , , , , , , , , , , , , , , , , , , , , , , , , , , , , , , , , , , , , , , , , ,9,330
2023129N08091,2023,19,NI,BB,MOCHA,2023-05-10 06:00:00,TS,9.3,88.5,30,999,newdelhi,main,761,751,O____O_________,jtwc_io,IO012023,9.4,88.2, ,TD,30,1001,-1, , , , , , , , , , , , ,1006,215,80, , , , , , , , , , , , , , , , , , , , , , , , , , , , , , , , , , ,9.1,88.7,DD,30,999,2.00000,4, , , , , , , , , , , , , , , , , , , , , , , , , , , , , , , , , , , , , , , , , , , , , , , , , , , , , , , , , , , , , , , , , , , , , , , , , , , , , , , , , , , , , , , , , , ,9,335
2023129N08091,2023,19,NI,BB,MOCHA,2023-05-10 09:00:00,TS,9.7,88.4, , , ,main,763,763,P____P_________, ,IO012023,9.8,88.2, ,TD,30,998,-1, , , , , , , , , , , , ,1006,210,75, , , , , , , , , , , , , , , , , , , , , , , , , , , , , , , , , , ,9.5,88.5,DD,30,999, ,5, , , , , , , , , , , , , , , , , , , , , , , , , , , , , , , , , , , , , , , , , , , , , , , , , , , , , , , , , , , , , , , , , , , , , , , , , , , , , , , , , , , , , , , , , , ,8,355
2023129N08091,2023,19,NI,BB,MOCHA,2023-05-10 12:00:00,TS,10.1,88.4,30,998,newdelhi,main,777,767,O____O_________,jtwc_io,IO012023,10.1,88.3, ,TD,30,994,-1, , , , , , , , , , , , ,1006,205,70, , , , , , , , , , , , , , , , , , , , , , , , , , , , , , , , , , ,10.0,88.4,DD,30,998,2.00000,5, , , , , , , , , , , , , , , , , , , , , , , , , , , , , , , , , , , , , , , , , , , , , , , , , , , , , , , , , , , , , , , , , , , , , , , , , , , , , , , , , , , , , , , , , , ,8,355
2023129N08091,2023,19,NI,BB,MOCHA,2023-05-10 15:00:00,TS,10.4,88.3, , , ,main,780,780,P____P_________, ,IO012023,10.4,88.4, ,TD,30,994,-1, , , , , , , , , , , , ,1006,213,70, , , , , , , , , , , , , , , , , , , , , , , , , , , , , , , , , , ,10.4,88.3,DD,30,998, ,5, , , , , , , , , , , , , , , , , , , , , , , , , , , , , , , , , , , , , , , , , , , , , , , , , , , , , , , , , , , , , , , , , , , , , , , , , , , , , , , , , , , , , , , , , , ,7,355
2023129N08091,2023,19,NI,BB,MOCHA,2023-05-10 18:00:00,TS,10.8,88.3,30,998,newdelhi,main,798,793,O____O_________,jtwc_io,IO012023,10.7,88.4, ,TD,30,994,-1, , , , , , , , , , , , ,1006,220,70, , , , , , , , , , , , , , , , , , , , , , , , , , , , , , , , , , ,10.8,88.2,DD,30,998,2.00000,5, , , , , , , , , , , , , , , , , , , , , , , , , , , , , , , , , , , , , , , , , , , , , , , , , , , , , , , , , , , , , , , , , , , , , , , , , , , , , , , , , , , , , , , , , , ,6,350
2023129N08091,2023,19,NI,BB,MOCHA,2023-05-10 21:00:00,TS,11.0,88.2, , , ,main,798,798,P____P_________, ,IO012023,10.9,88.3, ,TD,33,993,-1, , , , , , , , , , , , ,1006,220,65, , , , , , , , , , , , , , , , , , , , , , , , , , , , , , , , , , ,11.0,88.2,DD,33,998, ,6, , , , , , , , , , , , , , , , , , , , , , , , , , , , , , , , , , , , , , , , , , , , , , , , , , , , , , , , , , , , , , , , , , , , , , , , , , , , , , , , , , , , , , , , , , ,4,340
2023129N08091,2023,19,NI,BB,MOCHA,2023-05-11 00:00:00,TS,11.2,88.1,35,997,newdelhi,main,807,798,O____O_________,jtwc_io,IO012023,11.1,88.2, ,TS,35,992,0,35,85,130,105, , , , , , , , ,1006,220,60, , , , , , , , , , , , , , , , , , , , , , , , , , , , , , , , , , ,11.2,88.1,CS,35,997,2.50000,6, , , , , , , , , , , , , , , , , , , , , , , , , , , , , , , , , , , , , , , , , , , , , , , , , , , , , , , , , , , , , , , , , , , , , , , , , , , , , , , , , , , , , , , , , , ,4,335
2023129N08091,2023,19,NI,BB,MOCHA,2023-05-11 03:00:00,TS,11.3,88.1,35,996,newdelhi,main,803,803,P____O_________, ,IO012023,11.3,88.1, ,TS,40,994,0,48,93,138,120, , , , , , , , ,1007,240,55, , , , , , , , , , , , , , , , , , , , , , , , , , , , , , , , , , ,11.4,88.0,CS,35,996,2.50000,7, , , , , , , , , , , , , , , , , , , , , , , , , , , , , , , , , , , , , , , , , , , , , , , , , , , , , , , , , , , , , , , , , , , , , , , , , , , , , , , , , , , , , , , , , , ,4,345
2023129N08091,2023,19,NI,BB,MOCHA,2023-05-11 06:00:00,TS,11.6,88.1,45,996,newdelhi,main,816,807,O____O_________,jtwc_io,IO012023,11.5,88.1, ,TS,45,995,0,60,100,145,135, , , , , , , , ,1007,260,50, , , , , , , , , , , , , , , , , , , , , , , , , , , , , , , , , , ,11.6,88.0,CS,45,996,3.00000,10, , , , , , , , , , , , , , , , , , , , , , , , , , , , , , , , , , , , , , , , , , , , , , , , , , , , , , , , , , , , , , , , , , , , , , , , , , , , , , , , , , , , , , , , , , ,4,0
2023129N08091,2023,19,NI,BB,MOCHA,2023-05-11 09:00:00,TS,11.8,88.0,45,996,newdelhi,main,816,794,P____O_________, ,IO012023,11.7,88.1, ,TS,50,992,0,75,133,183,148, , , , , , , , ,1007,268,40, , , , , , , , , , , , , , , , , , , , , , , , , , , , , , , , , , ,11.8,88.0,CS,45,996,3.00000,10, , , , , , , , , , , , , , , , , , , , , , , , , , , , , , , , , , , , , , , , , , , , , , , , , , , , , , , , , , , , , , , , , , , , , , , , , , , , , , , , , , , , , , , , , , ,6,0
2023129N08091,2023,19,NI,BB,MOCHA,2023-05-11 12:00:00,TS,12.1,88.1,50,994,newdelhi,main,789,771,O____O_________,jtwc_io,IO012023,12.0,88.1, ,TS,55,988,0,90,165,220,160, , , , , , , , ,1007,275,30, , , , , , , , , , , , , , , , , , , , , , , , , , , , , , , , , , ,12.2,88.0,SCS,50,994,3.00000,12, , , , , , , , , , , , , , , , , , , , , , , , , , , , , , , , , , , , , , , , , , , , , , , , , , , , , , , , , , , , , , , , , , , , , , , , , , , , , , , , , , , , , , , , , , ,7,5
2023129N08091,2023,19,NI,BB,MOCHA,2023-05-11 15:00:00,TS,12.4,88.1,50,992,newdelhi,main,771,754,P____O_________, ,IO012023,12.4,88.1, ,TS,58,986,0,85,158,190,120, , , , , , , , ,1006,250,30, , , , , , , , , , , , , , , , , , , , , , , , , , , , , , , , , , ,12.5,88.1,SCS,50,992,3.50000,12, , , , , , , , , , , , , , , , , , , , , , , , , , , , , , , , , , , , , , , , , , , , , , , , , , , , , , , , , , , , , , , , , , , , , , , , , , , , , , , , , , , , , , , , , , ,7,5
2023129N08091,2023,19,NI,BB,MOCHA,2023-05-11 18:00:00,TS,12.8,88.1,50,992,newdelhi,main,748,731,O____O_________,jtwc_io,IO012023,12.8,88.1, ,TS,60,984,0,80,150,160,80,35,80,85,35, , , , ,1004,225,30, , , , , , , , , , , , , , , , , , , , , , , , , , , , , , , , , , ,12.7,88.1,SCS,50,992,3.50000,12, , , , , , , , , , , , , , , , , , , , , , , , , , , , , , , , , , , , , , , , , , , , , , , , , , , , , , , , , , , , , , , , , , , , , , , , , , , , , , , , , , , , , , , , , , ,6,0
2023129N08091,2023,19,NI,BB,MOCHA,2023-05-11 21:00:00,TS,13.0,88.1,60,986,newdelhi,main,731,704,P____O_________, ,IO012023,13.1,88.1, ,TS,63,983,0,98,150,183,98,48,70,73,48, , , , ,1005,233,25, , , , , , , , , , , , , , , , , , , , , , , , , , , , , , , , , , ,12.9,88.1,SCS,60,986,3.50000,18, , , , , , , , , , , , , , , , , , , , , , , , , , , , , , , , , , , , , , , , , , , , , , , , , , , , , , , , , , , , , , , , , , , , , , , , , , , , , , , , , , , , , , , , , , ,6,5
2023129N08091,2023,19,NI,BB,MOCHA,2023-05-12 00:00:00,TS,13.3,88.1,65,982,newdelhi,main,711,684,O____O_________,jtwc_io,IO012023,13.4,88.2, ,TY,65,982,1,115,150,205,115,60,60,60,60,30,30,30,30,1006,240,20, , , , , , , , , , , , , , , , , , , , , , , , , , , , , , , , , , ,13.2,88.1,VSCS,65,982,4.00000,22, , , , , , , , , , , , , , , , , , , , , , , , , , , , , , , , , , , , , , , , , , , , , , , , , , , , , , , , , , , , , , , , , , , , , , , , , , , , , , , , , , , , , , , , , , ,7,10
2023129N08091,2023,19,NI,BB,MOCHA,2023-05-12 03:00:00,TS,13.7,88.2,65,982,newdelhi,main,676,657,P____O_________, ,IO012023,13.7,88.2, ,TY,73,976,1,118,150,193,118,60,65,65,60,33,33,33,30,1005,233,18, , , , , , , , , , , , , , , , , , , , , , , , , , , , , , , , , , ,13.6,88.2,VSCS,65,982,4.00000,22, , , , , , , , , , , , , , , , , , , , , , , , , , , , , , , , , , , , , , , , , , , , , , , , , , , , , , , , , , , , , , , , , , , , , , , , , , , , , , , , , , , , , , , , , , ,7,10
2023129N08091,2023,19,NI,BB,MOCHA,2023-05-12 06:00:00,TS,14.0,88.3,75,974,newdelhi,main,657,641,O____O_________,jtwc_io,IO012023,14.0,88.3, ,TY,80,970,1,120,150,180,120,60,70,70,60,35,35,35,30,1004,225,15, , , , , , , , , , , , , , , , , , , , , , , , , , , , , , , , , , ,14.0,88.3,VSCS,75,974,4.50000,30, , , , , , , , , , , , , , , , , , , , , , , , , , , , , , , , , , , , , , , , , , , , , , , , , , , , , , , , , , , , , , , , , , , , , , , , , , , , , , , , , , , , , , , , , , ,7,15
2023129N08091,2023,19,NI,BB,MOCHA,2023-05-12 09:00:00,TS,14.3,88.4,85,970,newdelhi,main,641,633,P____O_________, ,IO012023,14.3,88.4, ,TY,88,964,2,123,150,165,123,63,75,75,63,38,40,38,30,1004,223,13, , , , , , , , , , , , , , , , , , , , , , , , , , , , , , , , , , ,14.3,88.4,VSCS,85,970,5.00000,36, , , , , , , , , , , , , , , , , , , , , , , , , , , , , , , , , , , , , , , , , , , , , , , , , , , , , , , , , , , , , , , , , , , , , , , , , , , , , , , , , , , , , , , , , , ,6,25
2023129N08091,2023,19,NI,BB,MOCHA,2023-05-12 12:00:00,TS,14.6,88.6,85,970,newdelhi,main,620,607,O____O_________,jtwc_io,IO012023,14.5,88.5, ,TY,95,957,2,125,150,150,125,65,80,80,65,40,45,40,30,1003,220,10, , , , , , , , , , , , , , , , , , , , , , , , , , , , , , , , , , ,14.6,88.6,VSCS,85,970,5.00000,36, , , , , , , , , , , , , , , , , , , , , , , , , , , , , , , , , , , , , , , , , , , , , , , , , , , , , , , , , , , , , , , , , , , , , , , , , , , , , , , , , , , , , , , , , , ,6,30
2023129N08091,2023,19,NI,BB,MOCHA,2023-05-12 15:00:00,TS,14.8,88.7,90,964,newdelhi,main,604,589,P____O_________, ,IO012023,14.7,88.7, ,TY,100,954,3,128,160,143,125,68,83,83,63,40,50,40,30,1004,203,10, , , , , , , , , , , , , , , , , , , , , , , , , , , , , , , , , , ,14.8,88.7,ESCS,90,964,5.50000,40, , , , , , , , , , , , , , , , , , , , , , , , , , , , , , , , , , , , , , , , , , , , , , , , , , , , , , , , , , , , , , , , , , , , , , , , , , , , , , , , , , , , , , , , , , ,5,35
2023129N08091,2023,19,NI,BB,MOCHA,2023-05-12 18:00:00,TS,15.0,88.9,100,954,newdelhi,main,579,566,O____O_________,jtwc_io,IO012023,14.9,88.9, ,TY,105,950,3,130,170,135,125,70,85,85,60,40,55,40,30,1005,185,10, , , , , , , , , , , , , , , , , , , , , , , , , , , , , , , , , , ,15.1,88.8,ESCS,100,954,5.50000,50, , , , , , , , , , , , , , , , , , , , , , , , , , , , , , , , , , , , , , , , , , , , , , , , , , , , , , , , , , , , , , , , , , , , , , , , , , , , , , , , , , , , , , , , , , ,5,35
2023129N08091,2023,19,NI,BB,MOCHA,2023-05-12 21:00:00,TS,15.1,89.0,100,954,newdelhi,main,566,551,P____O_________, ,IO012023,15.1,89.0, ,TY,108,948,3,125,178,128,123,70,88,88,60,43,58,40,33,1005,230,10, , , , , , , , , , , , , , , , , , , , , , , , , , , , , , , , , , ,15.2,88.9,ESCS,100,954,5.50000,50, , , , , , , , , , , , , , , , , , , , , , , , , , , , , , , , , , , , , , , , , , , , , , , , , , , , , , , , , , , , , , , , , , , , , , , , , , , , , , , , , , , , , , , , , , ,5,40
2023129N08091,2023,19,NI,BB,MOCHA,2023-05-13 00:00:00,TS,15.4,89.1,100,954,newdelhi,main,539,505,O____O_________,jtwc_io,IO012023,15.3,89.2, ,TY,110,945,3,120,185,120,120,70,90,90,60,45,60,40,35,1005,275,10, , , , , , , , , , , , , , , , , , , , , , , , , , , , , , , , , , ,15.4,89.1,ESCS,100,954,5.50000,50, , , , , , , , , , , , , , , , , , , , , , , , , , , , , , , , , , , , , , , , , , , , , , , , , , , , , , , , , , , , , , , , , , , , , , , , , , , , , , , , , , , , , , , , , , ,7,45
2023129N08091,2023,19,NI,BB,MOCHA,2023-05-13 03:00:00,TS,15.7,89.5,100,954,newdelhi,main,504,459,P____O_________, ,IO012023,15.6,89.5, ,TY,113,942,4,125,193,140,125,68,95,93,60,48,63,40,35,1004,263,13, , , , , , , , , , , , , , , , , , , , , , , , , , , , , , , , , , ,15.7,89.5,ESCS,100,954,5.50000,50, , , , , , , , , , , , , , , , , , , , , , , , , , , , , , , , , , , , , , , , , , , , , , , , , , , , , , , , , , , , , , , , , , , , , , , , , , , , , , , , , , , , , , , , , , ,10,50
2023129N08091,2023,19,NI,BB,MOCHA,2023-05-13 06:00:00,TS,16.0,90.0,105,950,newdelhi,main,449,418,O____O_________,jtwc_io,IO012023,16.0,89.9, ,TY,115,939,4,130,200,160,130,65,100,95,60,50,65,40,35,1003,250,15,20, , , , , , , , , , , , , , , , , , , , , , , , , , , , , , , , , ,16.0,90.0,ESCS,105,950,5.50000,54, , , , , , , , , , , , , , , , , , , , , , , , , , , , , , , , , , , , , , , , , , , , , , , , , , , , , , , , , , , , , , , , , , , , , , , , , , , , , , , , , , , , , , , , , , ,11,45
2023129N08091,2023,19,NI,BB,MOCHA,2023-05-13 09:00:00,TS,16.4,90.3,105,950,newdelhi,main,418,384,P____O_________, ,IO012023,16.4,90.3, ,TY,125,928,4,170,210,165,160,65,103,100,58,53,70,43,35,1002,233,15, , , , , , , , , , , , , , , , , , , , , , , , , , , , , , , , , , ,16.4,90.3,ESCS,105,950,5.50000,54, , , , , , , , , , , , , , , , , , , , , , , , , , , , , , , , , , , , , , , , , , , , , , , , , , , , , , , , , , , , , , , , , , , , , , , , , , , , , , , , , , , , , , , , , , ,12,40
2023129N08091,2023,19,NI,BB,MOCHA,2023-05-13 12:00:00,TS,16.9,90.8,110,944,newdelhi,main,375,345,O____O_________,jtwc_io,IO012023,16.9,90.7, ,ST,135,917,4,210,220,170,190,65,105,105,55,55,75,45,35,1001,215,15,20, , , , , , , , , , , , , , , , , , , , , , , , , , , , , , , , , ,16.9,90.8,ESCS,110,944,6.00000,60, , , , , , , , , , , , , , , , , , , , , , , , , , , , , , , , , , , , , , , , , , , , , , , , , , , , , , , , , , , , , , , , , , , , , , , , , , , , , , , , , , , , , , , , , , ,12,30
2023129N08091,2023,19,NI,BB,MOCHA,2023-05-13 15:00:00,TS,17.4,91.0,110,944,newdelhi,main,336,300,P____O_________, ,IO012023,17.4,91.0, ,ST,138,917,5,188,223,173,183,73,105,105,70,55,73,50,45,1003,258,15, , , , , , , , , , , , , , , , , , , , , , , , , , , , , , , , , , ,17.4,90.9,ESCS,110,944,6.00000,60, , , , , , , , , , , , , , , , , , , , , , , , , , , , , , , , , , , , , , , , , , , , , , , , , , , , , , , , , , , , , , , , , , , , , , , , , , , , , , , , , , , , , , , , , , ,11,20
2023129N08091,2023,19,NI,BB,MOCHA,2023-05-13 18:00:00,TS,17.9,91.2,115,938,newdelhi,main,291,254,O____O_________,jtwc_io,IO012023,17.9,91.3, ,ST,140,916,5,165,225,175,175,80,105,105,85,55,70,55,55,1004,300,15,20, , , , , , , , , , , , , , , , , , , , , , , , , , , , , , , , , ,17.9,91.0,ESCS,115,938,6.00000,66, , , , , , , , , , , , , , , , , , , , , , , , , , , , , , , , , , , , , , , , , , , , , , , , , , , , , , , , , , , , , , , , , , , , , , , , , , , , , , , , , , , , , , , , , , ,10,30
2023129N08091,2023,19,NI,BB,MOCHA,2023-05-13 21:00:00,TS,18.3,91.4,115,938,newdelhi,main,254,200,P____O_________, ,IO012023,18.3,91.6, ,ST,143,912,5,143,228,178,168,88,105,108,100,53,70,63,68,1003,315,13, , , , , , , , , , , , , , , , , , , , , , , , , , , , , , , , , , ,18.3,91.3,ESCS,115,938,6.00000,66, , , , , , , , , , , , , , , , , , , , , , , , , , , , , , , , , , , , , , , , , , , , , , , , , , , , , , , , , , , , , , , , , , , , , , , , , , , , , , , , , , , , , , , , , , ,10,35
2023129N08091,2023,19,NI,BB,MOCHA,2023-05-14 00:00:00,TS,18.7,91.7,115,938,newdelhi,main,200,129,O____O_________,jtwc_io,IO012023,18.7,91.9, ,ST,145,908,5,120,230,180,160,95,105,110,115,50,70,70,80,1002,330,10,20, , , , , , , , , , , , , , , , , , , , , , , , , , , , , , , , , ,18.7,91.5,ESCS,115,938,6.00000,66, , , , , , , , , , , , , , , , , , , , , , , , , , , , , , , , , , , , , , , , , , , , , , , , , , , , , , , , , , , , , , , , , , , , , , , , , , , , , , , , , , , , , , , , , , ,12,30
2023129N08091,2023,19,NI,BB,MOCHA,2023-05-14 03:00:00,TS,19.3,92.1,110,944,newdelhi,main,122,45,P____O_________, ,IO012023,19.3,92.2, ,ST,138,916,5,115,215,175,155,78,98,103,100,40,60,60,63,1001,310,10, , , , , , , , , , , , , , , , , , , , , , , , , , , , , , , , , , ,19.3,91.9,ESCS,110,944,6.00000,60, , , , , , , , , , , , , , , , , , , , , , , , , , , , , , , , , , , , , , , , , , , , , , , , , , , , , , , , , , , , , , , , , , , , , , , , , , , , , , , , , , , , , , , , , , ,15,35
2023129N08091,2023,19,NI,BB,MOCHA,2023-05-14 06:00:00,TS,19.9,92.6,100,952,newdelhi,main,38,0,O____O_________,jtwc_io,IO012023,19.9,92.6, ,ST,130,923,4,110,200,170,150,60,90,95,85,30,50,50,45,1000,290,10,15, , , , , , , , , , , , , , , , , , , , , , , , , , , , , , , , , ,19.9,92.5,ESCS,100,952,5.50000,52, , , , , , , , , , , , , , , , , , , , , , , , , , , , , , , , , , , , , , , , , , , , , , , , , , , , , , , , , , , , , , , , , , , , , , , , , , , , , , , , , , , , , , , , , , ,14,35
2023129N08091,2023,19,NI,BB,MOCHA,2023-05-14 09:00:00,TS,20.4,92.9,90,964,newdelhi,main,0,0,P____O_________, ,IO012023,20.3,92.8, ,ST,115,937,4,100,180,148,125, , , , , , , , ,1000,245,13, , , , , , , , , , , , , , , , , , , , , , , , , , , , , , , , , , ,20.5,92.9,ESCS,90,964,0.00000,40, , , , , , , , , , , , , , , , , , , , , , , , , , , , , , , , , , , , , , , , , , , , , , , , , , , , , , , , , , , , , , , , , , , , , , , , , , , , , , , , , , , , , , , , , , ,14,30
2023129N08091,2023,19,NI,BB,MOCHA,2023-05-14 12:00:00,TS,21.1,93.3,75,974,newdelhi,main,0,0,O____O_________,jtwc_io,IO012023,21.0,93.3, ,TY,100,951,3,90,160,125,100, , , , , , , , ,999,200,15, , , , , , , , , , , , , , , , , , , , , , , , , , , , , , , , , , ,21.1,93.3,VSCS,75,974,0.00000,30, , , , , , , , , , , , , , , , , , , , , , , , , , , , , , , , , , , , , , , , , , , , , , , , , , , , , , , , , , , , , , , , , , , , , , , , , , , , , , , , , , , , , , , , , , ,20,35
2023129N08091,2023,19,NI,BB,MOCHA,2023-05-14 15:00:00,TS,22.1,94.1,60,984,newdelhi,main,0,0,P____O_________, ,IO012023,22.3,94.4, ,TY,73,972,1,83,115,90,75, , , , , , , , ,1001,175,18, , , , , , , , , , , , , , , , , , , , , , , , , , , , , , , , , , ,21.8,93.8,SCS,60,984,0.00000,18, , , , , , , , , , , , , , , , , , , , , , , , , , , , , , , , , , , , , , , , , , , , , , , , , , , , , , , , , , , , , , , , , , , , , , , , , , , , , , , , , , , , , , , , , , ,28,40
2023129N08091,2023,19,NI,BB,MOCHA,2023-05-14 18:00:00,TS,23.3,95.2,50,992,newdelhi,main,0,0,O____O_________,jtwc_io,IO012023,23.8,95.8, ,TS,45,992,0,75,70,55,50, , , , , , , , ,1002,150,20, , , , , , , , , , , , , , , , , , , , , , , , , , , , , , , , , , ,22.7,94.6,SCS,50,992,0.00000,12, , , , , , , , , , , , , , , , , , , , , , , , , , , , , , , , , , , , , , , , , , , , , , , , , , , , , , , , , , , , , , , , , , , , , , , , , , , , , , , , , , , , , , , , , , ,29,40
2023129N08091,2023,19,NI,BB,MOCHA,2023-05-14 21:00:00,TS,24.3,96.1,35,996,newdelhi,main,0,0,P____O_________, ,IO012023,25.1,96.9, ,TS,33,997,-1, , , , , , , , , , , , ,1002,168,25, , , , , , , , , , , , , , , , , , , , , , , , , , , , , , , , , , ,23.5,95.3,CS,35,996,0.00000,6, , , , , , , , , , , , , , , , , , , , , , , , , , , , , , , , , , , , , , , , , , , , , , , , , , , , , , , , , , , , , , , , , , , , , , , , , , , , , , , , , , , , , , , , , , ,30,55
2023129N08091,2023,19,NI,BB,MOCHA,2023-05-15 00:00:00,MX,25.1,97.8,25,1000,newdelhi,main,0, ,O____O_________,jtwc_io,IO012023,26.2,97.8, ,EX,20,1002,-4, , , , , , , , , , , , ,1002,185,30, , , , , , , , , , , , , , , , , , , , , , , , , , , , , , , , , , ,23.9,97.8,D,25,1000,0.00000,3, , , , , , , , , , , , , , , , , , , , , , , , , , , , , , , , , , , , , , , , , , , , , , , , , , , , , , , , , , , , , , , , , , , , , , , , , , , , , , , , , , , , , , , , , , ,34,65
2023156N10067,2023,23,NI,AS,BIPARJOY,2023-06-05 00:00:00,TS,10.3,66.7, , , ,main,926,922,O______________,jtwc_io,IO022023,10.3,66.7, ,TD,25,1004,-1, , , , , , , , , , , , , , , , , , , , , , , , , , , , , , , , , , , , , , , , , , , , , , , , , , , , , , , , , , , , , , , , , , , , , , , , , , , , , , , , , , , , , , , , , , , , , , , , , , , , , , , , , , , , , , , , , , , , , , , , , , , , , , , , , , , , , , , , , , , , , , , , , , ,5,335
2023156N10067,2023,23,NI,AS,BIPARJOY,2023-06-05 03:00:00,TS,10.5,66.6, , , ,main,929,926,P______________, ,IO022023,10.5,66.6, ,TD,25,1004,-1, , , , , , , , , , , , , , , , , , , , , , , , , , , , , , , , , , , , , , , , , , , , , , , , , , , , , , , , , , , , , , , , , , , , , , , , , , , , , , , , , , , , , , , , , , , , , , , , , , , , , , , , , , , , , , , , , , , , , , , , , , , , , , , , , , , , , , , , , , , , , , , , , , ,4,335
2023156N10067,2023,23,NI,AS,BIPARJOY,2023-06-05 06:00:00,TS,10.7,66.5, , , ,main,934,931,O______________,jtwc_io,IO022023,10.7,66.5, ,TD,25,1004,-1, , , , , , , , , , , , ,1008,180,40, , , , , , , , , , , , , , , , , , , , , , , , , , , , , , , , , , , , , , , , , , , , , , , , , , , , , , , , , , , , , , , , , , , , , , , , , , , , , , , , , , , , , , , , , , , , , , , , , , , , , , , , , , , , , , , , , , , , , , , , , , , , , , , , , , , ,4,330
2023156N10067,2023,23,NI,AS,BIPARJOY,2023-06-05 09:00:00,TS,10.8,66.4, , , ,main,939,939,P______________, ,IO022023,10.8,66.4, ,TD,25,1000,-1, , , , , , , , , , , , ,1007,180,38, , , , , , , , , , , , , , , , , , , , , , , , , , , , , , , , , , , , , , , , , , , , , , , , , , , , , , , , , , , , , , , , , , , , , , , , , , , , , , , , , , , , , , , , , , , , , , , , , , , , , , , , , , , , , , , , , , , , , , , , , , , , , , , , , , , ,4,325
2023156N10067,2023,23,NI,AS,BIPARJOY,2023-06-05 12:00:00,TS,11.0,66.3, , , ,main,942,937,O______________,jtwc_io,IO022023,11.0,66.3, ,TD,25,995,-1, , , , , , , , , , , , ,1006,180,35, , , , , , , , , , , , , , , , , , , , , , , , , , , , , , , , , , , , , , , , , , , , , , , , , , , , , , , , , , , , , , , , , , , , , , , , , , , , , , , , , , , , , , , , , , , , , , , , , , , , , , , , , , , , , , , , , , , , , , , , , , , , , , , , , , , ,4,330
2023156N10067,2023,23,NI,AS,BIPARJOY,2023-06-05 15:00:00,TS,11.2,66.2, , , ,main,941,936,P______________, ,IO022023,11.2,66.2, ,TD,28,995,-1, , , , , , , , , , , , ,1007,183,35, , , , , , , , , , , , , , , , , , , , , , , , , , , , , , , , , , , , , , , , , , , , , , , , , , , , , , , , , , , , , , , , , , , , , , , , , , , , , , , , , , , , , , , , , , , , , , , , , , , , , , , , , , , , , , , , , , , , , , , , , , , , , , , , , , , ,4,335
2023156N10067,2023,23,NI,AS,BIPARJOY,2023-06-05 18:00:00,TS,11.4,66.1, , , ,main,940,935,O______________,jtwc_io,IO022023,11.4,66.1, ,TD,30,994,-1, , , , , , , , , , , , ,1007,185,35, , , , , , , , , , , , , , , , , , , , , , , , , , , , , , , , , , , , , , , , , , , , , , , , , , , , , , , , , , , , , , , , , , , , , , , , , , , , , , , , , , , , , , , , , , , , , , , , , , , , , , , , , , , , , , , , , , , , , , , , , , , , , , , , , , , ,3,335
2023156N10067,2023,23,NI,AS,BIPARJOY,2023-06-05 21:00:00,TS,11.5,66.0, , , ,main,945,945,P______________, ,IO022023,11.5,66.0, ,TD,35,994,0,10,10,15,52, , , , , , , , ,1008,183,38, , , , , , , , , , , , , , , , , , , , , , , , , , , , , , , , , , , , , , , , , , , , , , , , , , , , , , , , , , , , , , , , , , , , , , , , , , , , , , , , , , , , , , , , , , , , , , , , , , , , , , , , , , , , , , , , , , , , , , , , , , , , , , , , , , , ,2,325
2023156N10067,2023,23,NI,AS,BIPARJOY,2023-06-06 00:00:00,TS,11.5,66.0,25,1000,newdelhi,main,945,935,O____O_________,jtwc_io,IO022023,11.6,66.0, ,TS,40,993,0,20,20,30,105, , , , , , , , ,1008,180,40, , , , , , , , , , , , , , , , , , , , , , , , , , , , , , , , , , ,11.3,66.0,D,25,1000,1.50000,3, , , , , , , , , , , , , , , , , , , , , , , , , , , , , , , , , , , , , , , , , , , , , , , , , , , , , , , , , , , , , , , , , , , , , , , , , , , , , , , , , , , , , , , , , , ,2,330
2023156N10067,2023,23,NI,AS,BIPARJOY,2023-06-06 03:00:00,TS,11.7,66.0,25,1000,newdelhi,main,935,935,P____O_________, ,IO022023,11.7,65.9, ,TS,48,993,0,35,35,63,73, , , , , , , , ,1009,175,30, , , , , , , , , , , , , , , , , , , , , , , , , , , , , , , , , , ,11.5,66.0,D,25,1000,1.50000,3, , , , , , , , , , , , , , , , , , , , , , , , , , , , , , , , , , , , , , , , , , , , , , , , , , , , , , , , , , , , , , , , , , , , , , , , , , , , , , , , , , , , , , , , , , ,4,350
2023156N10067,2023,23,NI,AS,BIPARJOY,2023-06-06 06:00:00,TS,11.9,65.9,30,999,newdelhi,main,936,922,O____O_________,jtwc_io,IO022023,11.9,65.9, ,TS,55,992,0,50,50,95,40,20,30,20,15, , , , ,1009,170,20, , , , , , , , , , , , , , , , , , , , , , , , , , , , , , , , , , ,11.9,66.0,DD,30,999,2.00000,5, , , , , , , , , , , , , , , , , , , , , , , , , , , , , , , , , , , , , , , , , , , , , , , , , , , , , , , , , , , , , , , , , , , , , , , , , , , , , , , , , , , , , , , , , , ,4,0
2023156N10067,2023,23,NI,AS,BIPARJOY,2023-06-06 09:00:00,TS,12.0,66.0, , , ,main,922,917,P____P_________, ,IO022023,12.1,65.9, ,TS,65,987,1,55,70,95,48,30,45,30,20, , , , ,1009,170,18, , , , , , , , , , , , , , , , , , , , , , , , , , , , , , , , , , ,12.0,66.0,DD,33,999, ,6, , , , , , , , , , , , , , , , , , , , , , , , , , , , , , , , , , , , , , , , , , , , , , , , , , , , , , , , , , , , , , , , , , , , , , , , , , , , , , , , , , , , , , , , , , ,3,15
2023156N10067,2023,23,NI,AS,BIPARJOY,2023-06-06 12:00:00,TS,12.2,66.0,35,998,newdelhi,main,913,909,O____O_________,jtwc_io,IO022023,12.2,66.0, ,TY,75,982,1,60,90,95,55,40,60,40,25, , , , ,1009,170,15, , , , , , , , , , , , , , , , , , , , , , , , , , , , , , , , , , ,12.1,66.0,CS,35,998,2.50000,6, , , , , , , , , , , , , , , , , , , , , , , , , , , , , , , , , , , , , , , , , , , , , , , , , , , , , , , , , , , , , , , , , , , , , , , , , , , , , , , , , , , , , , , , , , ,3,15
2023156N10067,2023,23,NI,AS,BIPARJOY,2023-06-06 15:00:00,TS,12.3,66.0,35,998,newdelhi,main,909,895,P____O_________, ,IO022023,12.3,66.1, ,TY,78,981,1,60,88,93,58,40,58,45,28, , , , ,1009,168,15, , , , , , , , , , , , , , , , , , , , , , , , , , , , , , , , , , ,12.3,66.0,CS,35,998,2.50000,7, , , , , , , , , , , , , , , , , , , , , , , , , , , , , , , , , , , , , , , , , , , , , , , , , , , , , , , , , , , , , , , , , , , , , , , , , , , , , , , , , , , , , , , , , , ,3,15
2023156N10067,2023,23,NI,AS,BIPARJOY,2023-06-06 18:00:00,TS,12.5,66.1,40,996,newdelhi,main,890,880,O____O_________,jtwc_io,IO022023,12.4,66.2, ,TY,80,979,1,60,85,90,60,40,55,50,30,10,30,25,10,1008,165,15, , , , , , , , , , , , , , , , , , , , , , , , , , , , , , , , , , ,12.5,66.0,CS,40,996,2.50000,8, , , , , , , , , , , , , , , , , , , , , , , , , , , , , , , , , , , , , , , , , , , , , , , , , , , , , , , , , , , , , , , , , , , , , , , , , , , , , , , , , , , , , , , , , , ,2,40
2023156N10067,2023,23,NI,AS,BIPARJOY,2023-06-06 21:00:00,TS,12.5,66.2,45,996,newdelhi,main,880,866,P____O_________, ,IO022023,12.5,66.4, ,TY,83,978,2,60,83,85,63,40,53,55,30,13,30,28,13,1007,163,15, , , , , , , , , , , , , , , , , , , , , , , , , , , , , , , , , , ,12.5,66.0,CS,45,996,3.00000,10, , , , , , , , , , , , , , , , , , , , , , , , , , , , , , , , , , , , , , , , , , , , , , , , , , , , , , , , , , , , , , , , , , , , , , , , , , , , , , , , , , , , , , , , , , ,2,50
2023156N10067,2023,23,NI,AS,BIPARJOY,2023-06-07 00:00:00,TS,12.6,66.3,55,990,newdelhi,main,866,857,O____O_________,jtwc_io,IO022023,12.6,66.5, ,TY,85,976,2,60,80,80,65,40,50,60,30,15,30,30,15,1006,160,15, , , , , , , , , , , , , , , , , , , , , , , , , , , , , , , , , , ,12.6,66.1,SCS,55,990,3.50000,15, , , , , , , , , , , , , , , , , , , , , , , , , , , , , , , , , , , , , , , , , , , , , , , , , , , , , , , , , , , , , , , , , , , , , , , , , , , , , , , , , , , , , , , , , , ,3,30
2023156N10067,2023,23,NI,AS,BIPARJOY,2023-06-07 03:00:00,TS,12.8,66.3,60,988,newdelhi,main,857,843,P____O_________, ,IO022023,12.8,66.5, ,TY,83,975,2,60,73,75,65,35,43,48,30,15,28,28,15,1007,160,15, , , , , , , , , , , , , , , , , , , , , , , , , , , , , , , , , , ,12.7,66.2,SCS,60,988,3.50000,18, , , , , , , , , , , , , , , , , , , , , , , , , , , , , , , , , , , , , , , , , , , , , , , , , , , , , , , , , , , , , , , , , , , , , , , , , , , , , , , , , , , , , , , , , , ,4,10
2023156N10067,2023,23,NI,AS,BIPARJOY,2023-06-07 06:00:00,TS,13.0,66.4,65,983,newdelhi,main,838,838,O____O_________,jtwc_io,IO022023,13.1,66.4, ,TY,80,973,1,60,65,70,65,30,35,35,30,15,25,25,15,1007,160,15, , , , , , , , , , , , , , , , , , , , , , , , , , , , , , , , , , ,12.8,66.3,VSCS,65,983,4.00000,21, , , , , , , , , , , , , , , , , , , , , , , , , , , , , , , , , , , , , , , , , , , , , , , , , , , , , , , , , , , , , , , , , , , , , , , , , , , , , , , , , , , , , , , , , , ,4,355
2023156N10067,2023,23,NI,AS,BIPARJOY,2023-06-07 09:00:00,TS,13.2,66.3,65,983,newdelhi,main,838,838,P____O_________, ,IO022023,13.2,66.3, ,TY,83,972,2,63,65,75,73,30,35,35,30,15,23,23,15,1007,160,18, , , , , , , , , , , , , , , , , , , , , , , , , , , , , , , , , , ,13.1,66.3,VSCS,65,983,4.00000,21, , , , , , , , , , , , , , , , , , , , , , , , , , , , , , , , , , , , , , , , , , , , , , , , , , , , , , , , , , , , , , , , , , , , , , , , , , , , , , , , , , , , , , , , , , ,4,335
2023156N10067,2023,23,NI,AS,BIPARJOY,2023-06-07 12:00:00,TS,13.3,66.2,65,983,newdelhi,main,843,838,O____O_________,jtwc_io,IO022023,13.3,66.2, ,TY,85,970,2,65,65,80,80,30,35,35,30,15,20,20,15,1007,160,20, , , , , , , , , , , , , , , , , , , , , , , , , , , , , , , , , , ,13.3,66.2,VSCS,65,983,4.00000,22, , , , , , , , , , , , , , , , , , , , , , , , , , , , , , , , , , , , , , , , , , , , , , , , , , , , , , , , , , , , , , , , , , , , , , , , , , , , , , , , , , , , , , , , , , ,3,330
2023156N10067,2023,23,NI,AS,BIPARJOY,2023-06-07 15:00:00,TS,13.4,66.2,65,983,newdelhi,main,838,838,P____O_________, ,IO022023,13.4,66.1, ,TY,83,972,2,68,65,85,90,28,35,35,28,18,20,20,15,1007,158,20, , , , , , , , , , , , , , , , , , , , , , , , , , , , , , , , , , ,13.4,66.2,VSCS,65,983,4.00000,22, , , , , , , , , , , , , , , , , , , , , , , , , , , , , , , , , , , , , , , , , , , , , , , , , , , , , , , , , , , , , , , , , , , , , , , , , , , , , , , , , , , , , , , , , , ,3,330
2023156N10067,2023,23,NI,AS,BIPARJOY,2023-06-07 18:00:00,TS,13.6,66.1,70,980,newdelhi,main,838,838,O____O_________,jtwc_io,IO022023,13.5,66.1, ,TY,80,973,1,70,65,90,100,25,35,35,25,20,20,20,15,1007,155,20, , , , , , , , , , , , , , , , , , , , , , , , , , , , , , , , , , ,13.6,66.0,VSCS,70,980,4.00000,24, , , , , , , , , , , , , , , , , , , , , , , , , , , , , , , , , , , , , , , , , , , , , , , , , , , , , , , , , , , , , , , , , , , , , , , , , , , , , , , , , , , , , , , , , , ,3,335
2023156N10067,2023,23,NI,AS,BIPARJOY,2023-06-07 21:00:00,TS,13.6,66.0,70,980,newdelhi,main,834,829,P____O_________, ,IO022023,13.6,66.1, ,TY,78,974,1,70,65,80,85,28,35,38,33,20,20,18,15,1006,155,20, , , , , , , , , , , , , , , , , , , , , , , , , , , , , , , , , , ,13.7,66.0,VSCS,70,980,4.00000,26, , , , , , , , , , , , , , , , , , , , , , , , , , , , , , , , , , , , , , , , , , , , , , , , , , , , , , , , , , , , , , , , , , , , , , , , , , , , , , , , , , , , , , , , , , ,3,0
2023156N10067,2023,23,NI,AS,BIPARJOY,2023-06-08 00:00:00,TS,13.8,66.1,75,978,newdelhi,main,829,829,O____O_________,jtwc_io,IO022023,13.7,66.1, ,TY,75,974,1,70,65,70,70,30,35,40,40,20,20,15,15,1005,155,20, , , , , , , , , , , , , , , , , , , , , , , , , , , , , , , , , , ,13.9,66.0,VSCS,75,978,4.50000,28, , , , , , , , , , , , , , , , , , , , , , , , , , , , , , , , , , , , , , , , , , , , , , , , , , , , , , , , , , , , , , , , , , , , , , , , , , , , , , , , , , , , , , , , , , ,2,355
2023156N10067,2023,23,NI,AS,BIPARJOY,2023-06-08 03:00:00,TS,13.9,66.0,75,978,newdelhi,main,835,831,P____O_________, ,IO022023,13.8,66.1, ,TY,75,975,1,63,60,70,60,28,33,38,35,18,20,18,15,1006,153,20, , , , , , , , , , , , , , , , , , , , , , , , , , , , , , , , , , ,14.0,66.0,VSCS,75,978,4.50000,28, , , , , , , , , , , , , , , , , , , , , , , , , , , , , , , , , , , , , , , , , , , , , , , , , , , , , , , , , , , , , , , , , , , , , , , , , , , , , , , , , , , , , , , , , , ,2,345
2023156N10067,2023,23,NI,AS,BIPARJOY,2023-06-08 06:00:00,TS,14.0,66.0,75,978,newdelhi,main,831,824,O____O_________,jtwc_io,IO022023,13.9,66.0, ,TY,75,976,1,55,55,70,50,25,30,35,30,15,20,20,15,1006,150,20, , , , , , , , , , , , , , , , , , , , , , , , , , , , , , , , , , ,14.1,66.0,VSCS,75,978,4.50000,28, , , , , , , , , , , , , , , , , , , , , , , , , , , , , , , , , , , , , , , , , , , , , , , , , , , , , , , , , , , , , , , , , , , , , , , , , , , , , , , , , , , , , , , , , , ,3,355
2023156N10067,2023,23,NI,AS,BIPARJOY,2023-06-08 09:00:00,TS,14.2,66.0,75,978,newdelhi,main,824,820,P____O_________, ,IO022023,14.0,66.0, ,TY,75,976,1,48,48,68,43,23,25,33,25,15,18,15,13,1006,150,15, , , , , , , , , , , , , , , , , , , , , , , , , , , , , , , , , , ,14.3,66.0,VSCS,75,978,4.50000,28, , , , , , , , , , , , , , , , , , , , , , , , , , , , , , , , , , , , , , , , , , , , , , , , , , , , , , , , , , , , , , , , , , , , , , , , , , , , , , , , , , , , , , , , , , ,3,0
2023156N10067,2023,23,NI,AS,BIPARJOY,2023-06-08 12:00:00,TS,14.3,66.0,75,978,newdelhi,main,820,817,O____O_________,jtwc_io,IO022023,14.2,66.0, ,TY,75,976,1,40,40,65,35,20,20,30,20,15,15,10,10,1006,150,10, , , , , , , , , , , , , , , , , , , , , , , , , , , , , , , , , , ,14.4,66.0,VSCS,75,978,4.50000,28, , , , , , , , , , , , , , , , , , , , , , , , , , , , , , , , , , , , , , , , , , , , , , , , , , , , , , , , , , , , , , , , , , , , , , , , , , , , , , , , , , , , , , , , , , ,3,10
2023156N10067,2023,23,NI,AS,BIPARJOY,2023-06-08 15:00:00,TS,14.4,66.0,75,978,newdelhi,main,817,803,P____O_________, ,IO022023,14.4,66.1, ,TY,73,978,1,43,50,73,35,20,23,30,20, , , , ,1006,165,10, , , , , , , , , , , , , , , , , , , , , , , , , , , , , , , , , , ,14.5,66.0,VSCS,75,978,4.50000,28, , , , , , , , , , , , , , , , , , , , , , , , , , , , , , , , , , , , , , , , , , , , , , , , , , , , , , , , , , , , , , , , , , , , , , , , , , , , , , , , , , , , , , , , , , ,3,20
2023156N10067,2023,23,NI,AS,BIPARJOY,2023-06-08 18:00:00,TS,14.6,66.1,75,978,newdelhi,main,800,800,O____O_________,jtwc_io,IO022023,14.5,66.2, ,TY,70,979,1,45,60,80,35,20,25,30,20, , , , ,1006,180,10, , , , , , , , , , , , , , , , , , , , , , , , , , , , , , , , , , ,14.6,66.0,VSCS,75,978,4.50000,28, , , , , , , , , , , , , , , , , , , , , , , , , , , , , , , , , , , , , , , , , , , , , , , , , , , , , , , , , , , , , , , , , , , , , , , , , , , , , , , , , , , , , , , , , , ,2,25
2023156N10067,2023,23,NI,AS,BIPARJOY,2023-06-08 21:00:00,TS,14.6,66.1,75,978,newdelhi,main,800,776,P____O_________, ,IO022023,14.7,66.3, ,TY,68,981,1,48,75,88,35,20,28,30,20, , , , ,1006,180,10, , , , , , , , , , , , , , , , , , , , , , , , , , , , , , , , , , ,14.6,66.0,VSCS,75,978,4.50000,28, , , , , , , , , , , , , , , , , , , , , , , , , , , , , , , , , , , , , , , , , , , , , , , , , , , , , , , , , , , , , , , , , , , , , , , , , , , , , , , , , , , , , , , , , , ,3,45
2023156N10067,2023,23,NI,AS,BIPARJOY,2023-06-09 00:00:00,TS,14.8,66.3,75,978,newdelhi,main,773,752,O____O_________,jtwc_io,IO022023,14.8,66.4, ,TY,65,983,1,50,90,95,35,20,30,30,20, , , , ,1006,180,10, , , , , , , , , , , , , , , , , , , , , , , , , , , , , , , , , , ,14.7,66.2,VSCS,75,978,4.50000,28, , , , , , , , , , , , , , , , , , , , , , , , , , , , , , , , , , , , , , , , , , , , , , , , , , , , , , , , , , , , , , , , , , , , , , , , , , , , , , , , , , , , , , , , , , ,4,60
2023156N10067,2023,23,NI,AS,BIPARJOY,2023-06-09 03:00:00,TS,14.8,66.5,70,980,newdelhi,main,752,726,P____O_________, ,IO022023,14.9,66.6, ,TY,63,985,0,55,100,103,48,20,35,33,20, , , , ,1006,180,10, , , , , , , , , , , , , , , , , , , , , , , , , , , , , , , , , , ,14.8,66.4,VSCS,70,980,4.00000,24, , , , , , , , , , , , , , , , , , , , , , , , , , , , , , , , , , , , , , , , , , , , , , , , , , , , , , , , , , , , , , , , , , , , , , , , , , , , , , , , , , , , , , , , , , ,5,60
2023156N10067,2023,23,NI,AS,BIPARJOY,2023-06-09 06:00:00,TS,15.0,66.8,70,980,newdelhi,main,715,687,O____O_________,jtwc_io,IO022023,15.0,66.9, ,TS,60,986,0,60,110,110,60,20,40,35,20, , , , ,1006,180,10, , , , , , , , , , , , , , , , , , , , , , , , , , , , , , , , , , ,15.0,66.6,VSCS,70,980,4.00000,24, , , , , , , , , , , , , , , , , , , , , , , , , , , , , , , , , , , , , , , , , , , , , , , , , , , , , , , , , , , , , , , , , , , , , , , , , , , , , , , , , , , , , , , , , , ,7,45
2023156N10067,2023,23,NI,AS,BIPARJOY,2023-06-09 09:00:00,TS,15.3,67.0,70,980,newdelhi,main,687,659,P____O_________, ,IO022023,15.3,67.1, ,TS,63,985,0,65,118,118,65,25,40,38,25, , , , ,1006,180,13, , , , , , , , , , , , , , , , , , , , , , , , , , , , , , , , , , ,15.3,66.9,VSCS,70,980,4.00000,24, , , , , , , , , , , , , , , , , , , , , , , , , , , , , , , , , , , , , , , , , , , , , , , , , , , , , , , , , , , , , , , , , , , , , , , , , , , , , , , , , , , , , , , , , , ,7,35
2023156N10067,2023,23,NI,AS,BIPARJOY,2023-06-09 12:00:00,TS,15.6,67.2,65,982,newdelhi,main,659,644,O____O_________,jtwc_io,IO022023,15.7,67.3, ,TY,65,984,1,70,125,125,70,30,40,40,30, , , , ,1006,180,15, , , , , , , , , , , , , , , , , , , , , , , , , , , , , , , , , , ,15.5,67.1,VSCS,65,982,4.00000,24, , , , , , , , , , , , , , , , , , , , , , , , , , , , , , , , , , , , , , , , , , , , , , , , , , , , , , , , , , , , , , , , , , , , , , , , , , , , , , , , , , , , , , , , , , ,6,30
2023156N10067,2023,23,NI,AS,BIPARJOY,2023-06-09 15:00:00,TS,15.9,67.3,65,982,newdelhi,main,644,627,P____O_________, ,IO022023,16.0,67.4, ,TY,68,980,1,75,130,130,68,35,50,50,33, , , , ,1006,183,15, , , , , , , , , , , , , , , , , , , , , , , , , , , , , , , , , , ,15.7,67.3,VSCS,65,982,4.00000,24, , , , , , , , , , , , , , , , , , , , , , , , , , , , , , , , , , , , , , , , , , , , , , , , , , , , , , , , , , , , , , , , , , , , , , , , , , , , , , , , , , , , , , , , , , ,6,20
2023156N10067,2023,23,NI,AS,BIPARJOY,2023-06-09 18:00:00,TS,16.2,67.4,70,978,newdelhi,main,618,608,O____O_________,jtwc_io,IO022023,16.3,67.4, ,TY,70,976,1,80,135,135,65,40,60,60,35,20,30,30,15,1005,185,15, , , , , , , , , , , , , , , , , , , , , , , , , , , , , , , , , , ,16.0,67.4,VSCS,70,978,4.00000,24, , , , , , , , , , , , , , , , , , , , , , , , , , , , , , , , , , , , , , , , , , , , , , , , , , , , , , , , , , , , , , , , , , , , , , , , , , , , , , , , , , , , , , , , , , ,5,5
2023156N10067,2023,23,NI,AS,BIPARJOY,2023-06-09 21:00:00,TS,16.3,67.4,70,976,newdelhi,main,608,599,P____O_________, ,IO022023,16.4,67.4, ,TY,83,967,2,85,140,143,65,43,70,68,35,23,35,45,23,1005,185,15, , , , , , , , , , , , , , , , , , , , , , , , , , , , , , , , , , ,16.3,67.4,VSCS,70,976,4.00000,24, , , , , , , , , , , , , , , , , , , , , , , , , , , , , , , , , , , , , , , , , , , , , , , , , , , , , , , , , , , , , , , , , , , , , , , , , , , , , , , , , , , , , , , , , , ,3,355
2023156N10067,2023,23,NI,AS,BIPARJOY,2023-06-10 00:00:00,TS,16.5,67.4,75,974,newdelhi,main,590,587,O____O_________,jtwc_io,IO022023,16.4,67.3, ,TY,95,958,2,90,145,150,65,45,80,75,35,25,40,60,30,1004,185,15, , , , , , , , , , , , , , , , , , , , , , , , , , , , , , , , , , ,16.5,67.4,VSCS,75,974,4.50000,28, , , , , , , , , , , , , , , , , , , , , , , , , , , , , , , , , , , , , , , , , , , , , , , , , , , , , , , , , , , , , , , , , , , , , , , , , , , , , , , , , , , , , , , , , , ,2,345
2023156N10067,2023,23,NI,AS,BIPARJOY,2023-06-10 03:00:00,TS,16.6,67.3,75,972,newdelhi,main,587,578,P____O_________, ,IO022023,16.5,67.2, ,TY,98,956,3,93,145,150,68,53,85,78,40,28,53,58,30,1004,185,15, , , , , , , , , , , , , , , , , , , , , , , , , , , , , , , , , , ,16.7,67.4,VSCS,75,972,4.50000,28, , , , , , , , , , , , , , , , , , , , , , , , , , , , , , , , , , , , , , , , , , , , , , , , , , , , , , , , , , , , , , , , , , , , , , , , , , , , , , , , , , , , , , , , , , ,3,350
2023156N10067,2023,23,NI,AS,BIPARJOY,2023-06-10 06:00:00,TS,16.7,67.3,75,970,newdelhi,main,578,559,O____O_________,jtwc_io,IO022023,16.6,67.2, ,TY,100,953,3,95,145,150,70,60,90,80,45,30,65,55,30,1003,185,15, , , , , , , , , , , , , , , , , , , , , , , , , , , , , , , , , , ,16.8,67.4,VSCS,75,970,4.50000,28, , , , , , , , , , , , , , , , , , , , , , , , , , , , , , , , , , , , , , , , , , , , , , , , , , , , , , , , , , , , , , , , , , , , , , , , , , , , , , , , , , , , , , , , , , ,3,5
2023156N10067,2023,23,NI,AS,BIPARJOY,2023-06-10 09:00:00,TS,16.9,67.4,80,966,newdelhi,main,553,541,O____O_________,jtwc_io,IO022023,16.9,67.3, ,TY,110,944,3,95,145,150,70,60,90,80,45,30,65,55,30,1003,185,15, , , , , , , , , , , , , , , , , , , , , , , , , , , , , , , , , , ,16.9,67.4,VSCS,80,966,4.50000,32, , , , , , , , , , , , , , , , , , , , , , , , , , , , , , , , , , , , , , , , , , , , , , , , , , , , , , , , , , , , , , , , , , , , , , , , , , , , , , , , , , , , , , , , , , ,5,0
2023156N10067,2023,23,NI,AS,BIPARJOY,2023-06-10 12:00:00,TS,17.2,67.3,80,964,newdelhi,main,532,513,O____O_________,jtwc_io,IO022023,17.2,67.3, ,TY,105,945,3,100,145,145,75,70,100,90,50,40,75,50,30,1002,185,15, , , , , , , , , , , , , , , , , , , , , , , , , , , , , , , , , , ,17.1,67.3,VSCS,80,964,4.50000,32, , , , , , , , , , , , , , , , , , , , , , , , , , , , , , , , , , , , , , , , , , , , , , , , , , , , , , , , , , , , , , , , , , , , , , , , , , , , , , , , , , , , , , , , , , ,5,355
2023156N10067,2023,23,NI,AS,BIPARJOY,2023-06-10 15:00:00,TS,17.4,67.3,80,964,newdelhi,main,513,504,P____O_________, ,IO022023,17.4,67.3, ,TY,103,948,3,95,143,143,80,63,95,83,45,40,75,53,30,1001,183,15, , , , , , , , , , , , , , , , , , , , , , , , , , , , , , , , , , ,17.3,67.3,VSCS,80,964,4.50000,32, , , , , , , , , , , , , , , , , , , , , , , , , , , , , , , , , , , , , , , , , , , , , , , , , , , , , , , , , , , , , , , , , , , , , , , , , , , , , , , , , , , , , , , , , , ,4,5
2023156N10067,2023,23,NI,AS,BIPARJOY,2023-06-10 18:00:00,TS,17.5,67.4,85,962,newdelhi,main,498,489,O____O_________,jtwc_io,IO022023,17.6,67.4, ,TY,100,951,3,90,140,140,85,55,90,75,40,40,75,55,30,1000,180,15, , , , , , , , , , , , , , , , , , , , , , , , , , , , , , , , , , ,17.4,67.3,VSCS,85,962,4.50000,36, , , , , , , , , , , , , , , , , , , , , , , , , , , , , , , , , , , , , , , , , , , , , , , , , , , , , , , , , , , , , , , , , , , , , , , , , , , , , , , , , , , , , , , , , , ,3,20
2023156N10067,2023,23,NI,AS,BIPARJOY,2023-06-10 21:00:00,TS,17.6,67.4,85,962,newdelhi,main,489,465,P____O_________, ,IO022023,17.7,67.6, ,TY,98,951,3,88,143,143,85,53,93,75,40,38,73,55,30,1000,180,15, , , , , , , , , , , , , , , , , , , , , , , , , , , , , , , , , , ,17.6,67.3,VSCS,85,962,4.50000,36, , , , , , , , , , , , , , , , , , , , , , , , , , , , , , , , , , , , , , , , , , , , , , , , , , , , , , , , , , , , , , , , , , , , , , , , , , , , , , , , , , , , , , , , , , ,4,30
2023156N10067,2023,23,NI,AS,BIPARJOY,2023-06-11 00:00:00,TS,17.8,67.6,90,960,newdelhi,main,449,434,O____O_________,jtwc_io,IO022023,17.8,67.7, ,TY,95,950,2,85,145,145,85,50,95,75,40,35,70,55,30,999,180,15, , , , , , , , , , , , , , , , , , , , , , , , , , , , , , , , , , ,17.9,67.4,ESCS,90,960,5.00000,40, , , , , , , , , , , , , , , , , , , , , , , , , , , , , , , , , , , , , , , , , , , , , , , , , , , , , , , , , , , , , , , , , , , , , , , , , , , , , , , , , , , , , , , , , , ,4,35
2023156N10067,2023,23,NI,AS,BIPARJOY,2023-06-11 03:00:00,TS,18.0,67.7,90,958,newdelhi,main,434,416,P____O_________, ,IO022023,18.0,67.8, ,TY,93,952,2,83,145,148,83,48,98,78,43,35,68,55,28,999,185,15, , , , , , , , , , , , , , , , , , , , , , , , , , , , , , , , , , ,18.0,67.6,ESCS,90,958,5.00000,40, , , , , , , , , , , , , , , , , , , , , , , , , , , , , , , , , , , , , , , , , , , , , , , , , , , , , , , , , , , , , , , , , , , , , , , , , , , , , , , , , , , , , , , , , , ,4,25
2023156N10067,2023,23,NI,AS,BIPARJOY,2023-06-11 06:00:00,TS,18.3,67.8,90,958,newdelhi,main,401,392,O____O_________,jtwc_io,IO022023,18.3,67.8, ,TY,90,953,2,80,145,150,80,45,100,80,45,35,65,55,25,999,190,15, , , , , , , , , , , , , , , , , , , , , , , , , , , , , , , , , , ,18.2,67.7,ESCS,90,958,5.00000,40, , , , , , , , , , , , , , , , , , , , , , , , , , , , , , , , , , , , , , , , , , , , , , , , , , , , , , , , , , , , , , , , , , , , , , , , , , , , , , , , , , , , , , , , , , ,5,15
2023156N10067,2023,23,NI,AS,BIPARJOY,2023-06-11 09:00:00,TS,18.5,67.8,90,958,newdelhi,main,384,375,P____O_________, ,IO022023,18.5,67.9, ,TY,90,954,2,80,145,150,73,45,100,90,40,33,63,58,23,999,190,15, , , , , , , , , , , , , , , , , , , , , , , , , , , , , , , , , , ,18.4,67.7,ESCS,90,958,5.00000,40, , , , , , , , , , , , , , , , , , , , , , , , , , , , , , , , , , , , , , , , , , , , , , , , , , , , , , , , , , , , , , , , , , , , , , , , , , , , , , , , , , , , , , , , , , ,4,5
2023156N10067,2023,23,NI,AS,BIPARJOY,2023-06-11 12:00:00,TS,18.7,67.8,90,958,newdelhi,main,367,359,O____O_________,jtwc_io,IO022023,18.7,67.9, ,TY,90,954,2,80,145,150,65,45,100,100,35,30,60,60,20,999,190,15, , , , , , , , , , , , , , , , , , , , , , , , , , , , , , , , , , ,18.6,67.7,ESCS,90,958,5.00000,40, , , , , , , , , , , , , , , , , , , , , , , , , , , , , , , , , , , , , , , , , , , , , , , , , , , , , , , , , , , , , , , , , , , , , , , , , , , , , , , , , , , , , , , , , , ,3,0
2023156N10067,2023,23,NI,AS,BIPARJOY,2023-06-11 15:00:00,TS,18.8,67.8,90,958,newdelhi,main,359,351,P____O_________, ,IO022023,18.9,67.9, ,TY,88,955,2,113,153,155,85,63,95,95,45,30,58,58,20,999,188,15, , , , , , , , , , , , , , , , , , , , , , , , , , , , , , , , , , ,18.7,67.7,ESCS,90,958,5.00000,40, , , , , , , , , , , , , , , , , , , , , , , , , , , , , , , , , , , , , , , , , , , , , , , , , , , , , , , , , , , , , , , , , , , , , , , , , , , , , , , , , , , , , , , , , , ,3,355
2023156N10067,2023,23,NI,AS,BIPARJOY,2023-06-11 18:00:00,TS,18.9,67.8,90,958,newdelhi,main,343,343,O____O_________,jtwc_io,IO022023,19.0,67.8, ,TY,85,956,2,145,160,160,105,80,90,90,55,30,55,55,20,998,185,15, , , , , , , , , , , , , , , , , , , , , , , , , , , , , , , , , , ,18.9,67.7,ESCS,90,958,5.00000,40, , , , , , , , , , , , , , , , , , , , , , , , , , , , , , , , , , , , , , , , , , , , , , , , , , , , , , , , , , , , , , , , , , , , , , , , , , , , , , , , , , , , , , , , , , ,3,350
2023156N10067,2023,23,NI,AS,BIPARJOY,2023-06-11 21:00:00,TS,19.0,67.7,90,958,newdelhi,main,351,335,P____O_________, ,IO022023,19.1,67.8, ,TY,83,958,2,145,160,160,105,80,90,90,55,30,53,53,20,998,185,18, , , , , , , , , , , , , , , , , , , , , , , , , , , , , , , , , , ,19.0,67.7,ESCS,90,958,5.00000,40, , , , , , , , , , , , , , , , , , , , , , , , , , , , , , , , , , , , , , , , , , , , , , , , , , , , , , , , , , , , , , , , , , , , , , , , , , , , , , , , , , , , , , , , , , ,3,350
2023156N10067,2023,23,NI,AS,BIPARJOY,2023-06-12 00:00:00,TS,19.2,67.7,90,958,newdelhi,main,335,327,O____O_________,jtwc_io,IO022023,19.2,67.7, ,TY,80,959,1,145,160,160,105,80,90,90,55,30,50,50,20,998,185,20, , , , , , , , , , , , , , , , , , , , , , , , , , , , , , , , , , ,19.2,67.7,ESCS,90,958,5.00000,40, , , , , , , , , , , , , , , , , , , , , , , , , , , , , , , , , , , , , , , , , , , , , , , , , , , , , , , , , , , , , , , , , , , , , , , , , , , , , , , , , , , , , , , , , , ,4,340
2023156N10067,2023,23,NI,AS,BIPARJOY,2023-06-12 03:00:00,TS,19.4,67.6,90,958,newdelhi,main,327,320,P____O_________, ,IO022023,19.5,67.5, ,TY,85,957,2,145,160,160,108,80,90,90,55,28,48,48,20,998,185,20, , , , , , , , , , , , , , , , , , , , , , , , , , , , , , , , , , ,19.4,67.7,ESCS,90,958,5.00000,40, , , , , , , , , , , , , , , , , , , , , , , , , , , , , , , , , , , , , , , , , , , , , , , , , , , , , , , , , , , , , , , , , , , , , , , , , , , , , , , , , , , , , , , , , , ,5,330
2023156N10067,2023,23,NI,AS,BIPARJOY,2023-06-12 06:00:00,TS,19.7,67.5,90,958,newdelhi,main,312,312,O____O_________,jtwc_io,IO022023,19.7,67.3, ,TY,90,955,2,145,160,160,110,80,90,90,55,25,45,45,20,998,185,20, , , , , , , , , , , , , , , , , , , , , , , , , , , , , , , , , , ,19.6,67.6,ESCS,90,958,5.00000,40, , , , , , , , , , , , , , , , , , , , , , , , , , , , , , , , , , , , , , , , , , , , , , , , , , , , , , , , , , , , , , , , , , , , , , , , , , , , , , , , , , , , , , , , , , ,4,325
2023156N10067,2023,23,NI,AS,BIPARJOY,2023-06-12 09:00:00,TS,19.8,67.4,90,958,newdelhi,main,312,312,P____O_________, ,IO022023,19.8,67.2, ,TY,90,955,2,145,160,160,110,78,90,90,55,25,43,43,23,998,185,20, , , , , , , , , , , , , , , , , , , , , , , , , , , , , , , , , , ,19.7,67.5,ESCS,90,958,5.00000,40, , , , , , , , , , , , , , , , , , , , , , , , , , , , , , , , , , , , , , , , , , , , , , , , , , , , , , , , , , , , , , , , , , , , , , , , , , , , , , , , , , , , , , , , , , ,3,325
2023156N10067,2023,23,NI,AS,BIPARJOY,2023-06-12 12:00:00,TS,19.9,67.3,90,960,newdelhi,main,312,311,O____O_________,jtwc_io,IO022023,19.9,67.2, ,TY,90,955,2,145,160,160,110,75,90,90,55,25,40,40,25,998,185,20, , , , , , , , , , , , , , , , , , , , , , , , , , , , , , , , , , ,19.9,67.3,ESCS,90,960,5.00000,40, , , , , , , , , , , , , , , , , , , , , , , , , , , , , , , , , , , , , , , , , , , , , , , , , , , , , , , , , , , , , , , , , , , , , , , , , , , , , , , , , , , , , , , , , , ,3,335
2023156N10067,2023,23,NI,AS,BIPARJOY,2023-06-12 15:00:00,TS,20.0,67.2,90,960,newdelhi,main,311,293,P____O_________, ,IO022023,20.1,67.2, ,TY,88,957,2,145,160,160,108,78,90,90,55, , , , ,998,190,20, , , , , , , , , , , , , , , , , , , , , , , , , , , , , , , , , , ,20.0,67.2,ESCS,90,960,5.00000,40, , , , , , , , , , , , , , , , , , , , , , , , , , , , , , , , , , , , , , , , , , , , , , , , , , , , , , , , , , , , , , , , , , , , , , , , , , , , , , , , , , , , , , , , , , ,3,355
2023156N10067,2023,23,NI,AS,BIPARJOY,2023-06-12 18:00:00,TS,20.2,67.2,85,962,newdelhi,main,293,275,O____O_________,jtwc_io,IO022023,20.3,67.2, ,TY,85,959,2,145,160,160,105,80,90,90,55, , , , ,998,195,20, , , , , , , , , , , , , , , , , , , , , , , , , , , , , , , , , , ,20.1,67.2,VSCS,85,962,4.50000,36, , , , , , , , , , , , , , , , , , , , , , , , , , , , , , , , , , , , , , , , , , , , , , , , , , , , , , , , , , , , , , , , , , , , , , , , , , , , , , , , , , , , , , , , , , ,4,355
2023156N10067,2023,23,NI,AS,BIPARJOY,2023-06-12 21:00:00,TS,20.4,67.2,85,962,newdelhi,main,275,266,P____O_________, ,IO022023,20.5,67.1, ,TY,85,960,2,148,165,165,113,75,90,100,58, , , , ,998,200,20, , , , , , , , , , , , , , , , , , , , , , , , , , , , , , , , , , ,20.3,67.2,VSCS,85,962,4.50000,36, , , , , , , , , , , , , , , , , , , , , , , , , , , , , , , , , , , , , , , , , , , , , , , , , , , , , , , , , , , , , , , , , , , , , , , , , , , , , , , , , , , , , , , , , , ,5,340
2023156N10067,2023,23,NI,AS,BIPARJOY,2023-06-13 00:00:00,TS,20.7,67.0,85,962,newdelhi,main,265,258,O____O_________,jtwc_io,IO022023,20.7,67.0, ,TY,85,961,2,150,170,170,120,70,90,110,60,20,35,35,35,998,205,20, , , , , , , , , , , , , , , , , , , , , , , , , , , , , , , , , , ,20.6,67.0,VSCS,85,962,4.50000,36, , , , , , , , , , , , , , , , , , , , , , , , , , , , , , , , , , , , , , , , , , , , , , , , , , , , , , , , , , , , , , , , , , , , , , , , , , , , , , , , , , , , , , , , , , ,5,335
2023156N10067,2023,23,NI,AS,BIPARJOY,2023-06-13 03:00:00,TS,20.9,66.9,85,962,newdelhi,main,259,259,P____O_________, ,IO022023,20.8,66.9, ,TY,88,958,2,150,170,170,120,70,90,110,58,25,33,33,33,998,200,23, , , , , , , , , , , , , , , , , , , , , , , , , , , , , , , , , , ,20.9,66.9,VSCS,85,962,4.50000,36, , , , , , , , , , , , , , , , , , , , , , , , , , , , , , , , , , , , , , , , , , , , , , , , , , , , , , , , , , , , , , , , , , , , , , , , , , , , , , , , , , , , , , , , , , ,4,320
2023156N10067,2023,23,NI,AS,BIPARJOY,2023-06-13 06:00:00,TS,21.0,66.8,85,962,newdelhi,main,261,261,O____O_________,jtwc_io,IO022023,20.9,66.8, ,TY,90,954,2,150,170,170,120,70,90,110,55,30,30,30,30,998,195,25, , , , , , , , , , , , , , , , , , , , , , , , , , , , , , , , , , ,21.0,66.7,VSCS,85,962,4.50000,36, , , , , , , , , , , , , , , , , , , , , , , , , , , , , , , , , , , , , , , , , , , , , , , , , , , , , , , , , , , , , , , , , , , , , , , , , , , , , , , , , , , , , , , , , , ,4,300
2023156N10067,2023,23,NI,AS,BIPARJOY,2023-06-13 09:00:00,TS,21.1,66.5,85,962,newdelhi,main,281,276,P____O_________, ,IO022023,21.0,66.6, ,TY,93,950,2,140,170,170,120,75,90,100,63,40,50,35,40,996,170,25, , , , , , , , , , , , , , , , , , , , , , , , , , , , , , , , , , ,21.1,66.5,VSCS,85,962,4.50000,36, , , , , , , , , , , , , , , , , , , , , , , , , , , , , , , , , , , , , , , , , , , , , , , , , , , , , , , , , , , , , , , , , , , , , , , , , , , , , , , , , , , , , , , , , , ,4,310
2023156N10067,2023,23,NI,AS,BIPARJOY,2023-06-13 12:00:00,TS,21.2,66.5,85,962,newdelhi,main,276,276,O____O_________,jtwc_io,IO022023,21.1,66.4, ,TY,95,945,2,130,170,170,120,80,90,90,70,50,70,40,50,994,145,25, , , , , , , , , , , , , , , , , , , , , , , , , , , , , , , , , , ,21.3,66.5,VSCS,85,962,4.50000,36, , , , , , , , , , , , , , , , , , , , , , , , , , , , , , , , , , , , , , , , , , , , , , , , , , , , , , , , , , , , , , , , , , , , , , , , , , , , , , , , , , , , , , , , , , ,3,330
2023156N10067,2023,23,NI,AS,BIPARJOY,2023-06-13 15:00:00,TS,21.3,66.4,85,962,newdelhi,main,281,276,P____O_________, ,IO022023,21.2,66.4, ,TY,90,950,2,115,170,170,110,55,93,93,50,33,53,38,33,995,153,25, , , , , , , , , , , , , , , , , , , , , , , , , , , , , , , , , , ,21.4,66.4,VSCS,85,962,4.50000,36, , , , , , , , , , , , , , , , , , , , , , , , , , , , , , , , , , , , , , , , , , , , , , , , , , , , , , , , , , , , , , , , , , , , , , , , , , , , , , , , , , , , , , , , , , ,3,340
2023156N10067,2023,23,NI,AS,BIPARJOY,2023-06-13 18:00:00,TS,21.5,66.4,85,962,newdelhi,main,272,272,O____O_________,jtwc_io,IO022023,21.2,66.4, ,TY,85,955,2,100,170,170,100,30,95,95,30,15,35,35,15,996,160,25, , , , , , , , , , , , , , , , , , , , , , , , , , , , , , , , , , ,21.7,66.3,VSCS,85,962,4.50000,36, , , , , , , , , , , , , , , , , , , , , , , , , , , , , , , , , , , , , , , , , , , , , , , , , , , , , , , , , , , , , , , , , , , , , , , , , , , , , , , , , , , , , , , , , , ,2,340
2023156N10067,2023,23,NI,AS,BIPARJOY,2023-06-13 21:00:00,TS,21.5,66.3,85,964,newdelhi,main,282,282,P____O_________, ,IO022023,21.3,66.3, ,TY,85,955,2,85,165,165,85,38,88,95,38,25,40,38,25,996,160,25, , , , , , , , , , , , , , , , , , , , , , , , , , , , , , , , , , ,21.7,66.3,VSCS,85,964,4.50000,36, , , , , , , , , , , , , , , , , , , , , , , , , , , , , , , , , , , , , , , , , , , , , , , , , , , , , , , , , , , , , , , , , , , , , , , , , , , , , , , , , , , , , , , , , , ,1,345
2023156N10067,2023,23,NI,AS,BIPARJOY,2023-06-14 00:00:00,TS,21.6,66.3,80,966,newdelhi,main,279,279,O____O_________,jtwc_io,IO022023,21.3,66.3, ,TY,85,955,2,70,160,160,70,45,80,95,45,35,45,40,35,996,160,25, , , , , , , , , , , , , , , , , , , , , , , , , , , , , , , , , , ,21.8,66.3,VSCS,80,966,4.50000,32, , , , , , , , , , , , , , , , , , , , , , , , , , , , , , , , , , , , , , , , , , , , , , , , , , , , , , , , , , , , , , , , , , , , , , , , , , , , , , , , , , , , , , , , , , ,1,0
2023156N10067,2023,23,NI,AS,BIPARJOY,2023-06-14 03:00:00,TS,21.6,66.3,80,966,newdelhi,main,279,269,P____O_________, ,IO022023,21.3,66.4, ,TY,83,958,2,70,148,160,70,45,83,98,43,35,43,38,35,997,155,23, , , , , , , , , , , , , , , , , , , , , , , , , , , , , , , , , , ,21.8,66.3,VSCS,80,966,4.50000,32, , , , , , , , , , , , , , , , , , , , , , , , , , , , , , , , , , , , , , , , , , , , , , , , , , , , , , , , , , , , , , , , , , , , , , , , , , , , , , , , , , , , , , , , , , ,1,65
2023156N10067,2023,23,NI,AS,BIPARJOY,2023-06-14 06:00:00,TS,21.6,66.4,80,966,newdelhi,main,269,256,O____O_________,jtwc_io,IO022023,21.4,66.5, ,TY,80,960,1,70,135,160,70,45,85,100,40,35,40,35,35,997,150,20, , , , , , , , , , , , , , , , , , , , , , , , , , , , , , , , , , ,21.8,66.3,VSCS,80,966,4.50000,32, , , , , , , , , , , , , , , , , , , , , , , , , , , , , , , , , , , , , , , , , , , , , , , , , , , , , , , , , , , , , , , , , , , , , , , , , , , , , , , , , , , , , , , , , , ,3,50
2023156N10067,2023,23,NI,AS,BIPARJOY,2023-06-14 09:00:00,TS,21.7,66.6,80,966,newdelhi,main,246,230,P____O_________, ,IO022023,21.6,66.6, ,TY,75,962,1,80,135,160,85,53,83,100,55,30,40,38,30,997,148,20, , , , , , , , , , , , , , , , , , , , , , , , , , , , , , , , , , ,21.9,66.5,VSCS,80,966,4.50000,32, , , , , , , , , , , , , , , , , , , , , , , , , , , , , , , , , , , , , , , , , , , , , , , , , , , , , , , , , , , , , , , , , , , , , , , , , , , , , , , , , , , , , , , , , , ,4,45
2023156N10067,2023,23,NI,AS,BIPARJOY,2023-06-14 12:00:00,TS,21.9,66.7,75,970,newdelhi,main,230,211,O____O_________,jtwc_io,IO022023,21.8,66.7, ,TY,70,964,1,90,135,160,100,60,80,100,70,25,40,40,25,997,145,20, , , , , , , , , , , , , , , , , , , , , , , , , , , , , , , , , , ,22.0,66.7,VSCS,75,970,4.50000,28, , , , , , , , , , , , , , , , , , , , , , , , , , , , , , , , , , , , , , , , , , , , , , , , , , , , , , , , , , , , , , , , , , , , , , , , , , , , , , , , , , , , , , , , , , ,4,30
2023156N10067,2023,23,NI,AS,BIPARJOY,2023-06-14 15:00:00,TS,22.1,66.8,70,974,newdelhi,main,206,196,P____O_________, ,IO022023,22.0,66.7, ,TY,65,969,1,90,135,155,85,55,83,98,65,12,20,20,12,997,145,25, , , , , , , , , , , , , , , , , , , , , , , , , , , , , , , , , , ,22.1,66.8,VSCS,70,974,4.00000,24, , , , , , , , , , , , , , , , , , , , , , , , , , , , , , , , , , , , , , , , , , , , , , , , , , , , , , , , , , , , , , , , , , , , , , , , , , , , , , , , , , , , , , , , , , ,3,15
2023156N10067,2023,23,NI,AS,BIPARJOY,2023-06-14 18:00:00,TS,22.2,66.8,70,974,newdelhi,main,196,186,O____O_________,jtwc_io,IO022023,22.2,66.7, ,TS,60,974,0,90,135,150,70,50,85,95,60, , , , ,996,145,30, , , , , , , , , , , , , , , , , , , , , , , , , , , , , , , , , , ,22.2,66.9,VSCS,70,974,4.00000,24, , , , , , , , , , , , , , , , , , , , , , , , , , , , , , , , , , , , , , , , , , , , , , , , , , , , , , , , , , , , , , , , , , , , , , , , , , , , , , , , , , , , , , , , , , ,2,20
2023156N10067,2023,23,NI,AS,BIPARJOY,2023-06-14 21:00:00,TS,22.3,66.8,70,974,newdelhi,main,186,182,P____O_________, ,IO022023,22.3,66.8, ,TS,58,975,0,88,138,145,78,48,85,88,55, , , , ,996,148,30, , , , , , , , , , , , , , , , , , , , , , , , , , , , , , , , , , ,22.3,66.9,VSCS,70,974,4.00000,24, , , , , , , , , , , , , , , , , , , , , , , , , , , , , , , , , , , , , , , , , , , , , , , , , , , , , , , , , , , , , , , , , , , , , , , , , , , , , , , , , , , , , , , , , , ,2,40
2023156N10067,2023,23,NI,AS,BIPARJOY,2023-06-15 00:00:00,TS,22.3,67.0,70,974,newdelhi,main,168,154,O____O_________,jtwc_io,IO022023,22.3,66.9, ,TS,55,976,0,85,140,140,85,45,85,80,50, , , , ,995,150,30, , , , , , , , , , , , , , , , , , , , , , , , , , , , , , , , , , ,22.4,67.0,VSCS,70,974,4.00000,24, , , , , , , , , , , , , , , , , , , , , , , , , , , , , , , , , , , , , , , , , , , , , , , , , , , , , , , , , , , , , , , , , , , , , , , , , , , , , , , , , , , , , , , , , , ,3,45
2023156N10067,2023,23,NI,AS,BIPARJOY,2023-06-15 03:00:00,TS,22.5,67.1,70,974,newdelhi,main,154,137,P____O_________, ,IO022023,22.4,67.0, ,TS,55,976,0,83,130,135,78,45,80,73,45, , , , ,995,150,33, , , , , , , , , , , , , , , , , , , , , , , , , , , , , , , , , , ,22.6,67.1,VSCS,70,974,4.00000,24, , , , , , , , , , , , , , , , , , , , , , , , , , , , , , , , , , , , , , , , , , , , , , , , , , , , , , , , , , , , , , , , , , , , , , , , , , , , , , , , , , , , , , , , , , ,4,50
2023156N10067,2023,23,NI,AS,BIPARJOY,2023-06-15 06:00:00,TS,22.6,67.3,65,976,newdelhi,main,137,107,O____O_________,jtwc_io,IO022023,22.5,67.3, ,TS,55,975,0,80,120,130,70,45,75,65,40, , , , ,995,150,35, , , , , , , , , , , , , , , , , , , , , , , , , , , , , , , , , , ,22.7,67.3,VSCS,65,976,4.00000,21, , , , , , , , , , , , , , , , , , , , , , , , , , , , , , , , , , , , , , , , , , , , , , , , , , , , , , , , , , , , , , , , , , , , , , , , , , , , , , , , , , , , , , , , , , ,6,70
2023156N10067,2023,23,NI,AS,BIPARJOY,2023-06-15 09:00:00,TS,22.7,67.7,65,976,newdelhi,main,107,67,P____O_________, ,IO022023,22.6,67.7, ,TS,55,976,0,78,120,125,70,45,70,53,35, , , , ,995,150,35, , , , , , , , , , , , , , , , , , , , , , , , , , , , , , , , , , ,22.8,67.6,VSCS,65,976,4.00000,21, , , , , , , , , , , , , , , , , , , , , , , , , , , , , , , , , , , , , , , , , , , , , , , , , , , , , , , , , , , , , , , , , , , , , , , , , , , , , , , , , , , , , , , , , , ,8,70
2023156N10067,2023,23,NI,AS,BIPARJOY,2023-06-15 12:00:00,TS,22.8,68.1,65,976,newdelhi,main,61,23,O____O_________,jtwc_io,IO022023,22.8,68.2, ,TS,55,976,0,75,120,120,70,45,65,40,30, , , , ,995,150,35, , , , , , , , , , , , , , , , , , , , , , , , , , , , , , , , , , ,22.9,68.0,VSCS,65,976,4.00000,21, , , , , , , , , , , , , , , , , , , , , , , , , , , , , , , , , , , , , , , , , , , , , , , , , , , , , , , , , , , , , , , , , , , , , , , , , , , , , , , , , , , , , , , , , , ,7,60
2023156N10067,2023,23,NI,AS,BIPARJOY,2023-06-15 15:00:00,TS,23.1,68.4,65,976,newdelhi,main,23,10,P____O_________, ,IO022023,23.1,68.4, ,TS,53,978,0,73,113,110,60, , , , , , , , ,996,140,35, , , , , , , , , , , , , , , , , , , , , , , , , , , , , , , , , , ,23.1,68.3,VSCS,65,976,4.00000,21, , , , , , , , , , , , , , , , , , , , , , , , , , , , , , , , , , , , , , , , , , , , , , , , , , , , , , , , , , , , , , , , , , , , , , , , , , , , , , , , , , , , , , , , , , ,6,45
2023156N10067,2023,23,NI,AS,BIPARJOY,2023-06-15 18:00:00,TS,23.3,68.6,60,980,newdelhi,main,10,0,O____O_________,jtwc_io,IO022023,23.3,68.6, ,TS,50,980,0,70,105,100,50, , , , , , , , ,996,130,35, , , , , , , , , , , , , , , , , , , , , , , , , , , , , , , , , , ,23.3,68.6,SCS,60,980,0.00000,18, , , , , , , , , , , , , , , , , , , , , , , , , , , , , , , , , , , , , , , , , , , , , , , , , , , , , , , , , , , , , , , , , , , , , , , , , , , , , , , , , , , , , , , , , , ,6,50
2023156N10067,2023,23,NI,AS,BIPARJOY,2023-06-15 21:00:00,TS,23.4,68.8,50,982,newdelhi,main,0,0,P____O_________, ,IO022023,23.4,68.8, ,TS,48,982,0,65,100,95,38, , , , , , , , ,996,130,40, , , , , , , , , , , , , , , , , , , , , , , , , , , , , , , , , , ,23.4,68.9,SCS,50,982,0.00000,12, , , , , , , , , , , , , , , , , , , , , , , , , , , , , , , , , , , , , , , , , , , , , , , , , , , , , , , , , , , , , , , , , , , , , , , , , , , , , , , , , , , , , , , , , , ,5,70
2023156N10067,2023,23,NI,AS,BIPARJOY,2023-06-16 00:00:00,TS,23.5,69.1,50,978,newdelhi,main,0,0,O____O_________,jtwc_io,IO022023,23.5,69.0, ,TS,45,983,0,60,95,90,25, , , , , , , , ,996,130,45, , , , , , , , , , , , , , , , , , , , , , , , , , , , , , , , , , ,23.4,69.2,SCS,50,978,0.00000,12, , , , , , , , , , , , , , , , , , , , , , , , , , , , , , , , , , , , , , , , , , , , , , , , , , , , , , , , , , , , , , , , , , , , , , , , , , , , , , , , , , , , , , , , , , ,5,80
2023156N10067,2023,23,NI,AS,BIPARJOY,2023-06-16 03:00:00,TS,23.5,69.4,45,978,newdelhi,main,0,0,P____O_________, ,IO022023,23.5,69.3, ,TS,45,983,0,55,88,85,20, , , , , , , , ,996,130,45, , , , , , , , , , , , , , , , , , , , , , , , , , , , , , , , , , ,23.5,69.5,CS,45,978,0.00000,10, , , , , , , , , , , , , , , , , , , , , , , , , , , , , , , , , , , , , , , , , , , , , , , , , , , , , , , , , , , , , , , , , , , , , , , , , , , , , , , , , , , , , , , , , , ,6,70
2023156N10067,2023,23,NI,AS,BIPARJOY,2023-06-16 06:00:00,TS,23.7,69.7,40,980,newdelhi,main,0,0,O____O_________,jtwc_io,IO022023,23.6,69.6, ,TS,45,982,0,50,80,80,15, , , , , , , , ,996,130,45, , , , , , , , , , , , , , , , , , , , , , , , , , , , , , , , , , ,23.7,69.8,CS,40,980,0.00000,8, , , , , , , , , , , , , , , , , , , , , , , , , , , , , , , , , , , , , , , , , , , , , , , , , , , , , , , , , , , , , , , , , , , , , , , , , , , , , , , , , , , , , , , , , , ,7,55
2023156N10067,2023,23,NI,AS,BIPARJOY,2023-06-16 09:00:00,TS,23.9,70.0,40,984,newdelhi,main,0,0,P____O_________, ,IO022023,23.9,70.0, ,TS,43,984,0, , , , , , , , , , , , ,996,130,45, , , , , , , , , , , , , , , , , , , , , , , , , , , , , , , , , , ,23.9,70.0,CS,40,984,0.00000,8, , , , , , , , , , , , , , , , , , , , , , , , , , , , , , , , , , , , , , , , , , , , , , , , , , , , , , , , , , , , , , , , , , , , , , , , , , , , , , , , , , , , , , , , , , ,8,45
2023156N10067,2023,23,NI,AS,BIPARJOY,2023-06-16 12:00:00,TS,24.2,70.4,35,986,newdelhi,main,0,0,O____O_________,jtwc_io,IO022023,24.2,70.4, ,TS,40,985,0, , , , , , , , , , , , ,996,130,45, , , , , , , , , , , , , , , , , , , , , , , , , , , , , , , , , , ,24.2,70.3,CS,35,986,0.00000,7, , , , , , , , , , , , , , , , , , , , , , , , , , , , , , , , , , , , , , , , , , , , , , , , , , , , , , , , , , , , , , , , , , , , , , , , , , , , , , , , , , , , , , , , , , ,9,45
2023156N10067,2023,23,NI,AS,BIPARJOY,2023-06-16 15:00:00,TS,24.5,70.7,35,987,newdelhi,main,0,0,P____O_________, ,IO022023,24.5,70.6, ,TS,38,986,0, , , , , , , , , , , , ,996,130,45, , , , , , , , , , , , , , , , , , , , , , , , , , , , , , , , , , ,24.5,70.7,CS,35,987,0.00000,6, , , , , , , , , , , , , , , , , , , , , , , , , , , , , , , , , , , , , , , , , , , , , , , , , , , , , , , , , , , , , , , , , , , , , , , , , , , , , , , , , , , , , , , , , , ,6,45
2023156N10067,2023,23,NI,AS,BIPARJOY,2023-06-16 18:00:00,TS,24.6,70.9,30,988,newdelhi,main,0,0,O____O_________,jtwc_io,IO022023,24.7,70.8, ,TS,35,987,0, , , , , , , , , , , , ,996,130,45, , , , , , , , , , , , , , , , , , , , , , , , , , , , , , , , , , ,24.6,70.9,DD,30,988,0.00000,4, , , , , , , , , , , , , , , , , , , , , , , , , , , , , , , , , , , , , , , , , , , , , , , , , , , , , , , , , , , , , , , , , , , , , , , , , , , , , , , , , , , , , , , , , , ,4,55
2023156N10067,2023,23,NI,AS,BIPARJOY,2023-06-16 21:00:00,TS,24.7,71.0, , , ,main,0,0,P____P_________, ,IO022023,24.9,70.9, ,TS,33,989,-1, , , , , , , , , , , , ,996,130,45, , , , , , , , , , , , , , , , , , , , , , , , , , , , , , , , , , ,24.6,71.0,DD,30,988, ,4, , , , , , , , , , , , , , , , , , , , , , , , , , , , , , , , , , , , , , , , , , , , , , , , , , , , , , , , , , , , , , , , , , , , , , , , , , , , , , , , , , , , , , , , , , ,3,65
2023156N10067,2023,23,NI,AS,BIPARJOY,2023-06-17 00:00:00,TS,24.8,71.2,30,988,newdelhi,main,0,0,O____O_________,jtwc_io,IO022023,25.1,71.1, ,TD,30,991,-1, , , , , , , , , , , , ,996,130,45, , , , , , , , , , , , , , , , , , , , , , , , , , , , , , , , , , ,24.7,71.2,DD,30,988,0.00000,4, , , , , , , , , , , , , , , , , , , , , , , , , , , , , , , , , , , , , , , , , , , , , , , , , , , , , , , , , , , , , , , , , , , , , , , , , , , , , , , , , , , , , , , , , , ,5,55
2023156N10067,2023,23,NI,AS,BIPARJOY,2023-06-17 03:00:00,TS,25.0,71.5,30,988,newdelhi,main,0,0,_____O_________, ,IO022023, , , ,TD, , ,-5, , , , , , , , , , , , , , , , , , , , , , , , , , , , , , , , , , , , , , , , , , , , , , , , , ,25.0,71.5,DD,30,988,0.00000,4, , , , , , , , , , , , , , , , , , , , , , , , , , , , , , , , , , , , , , , , , , , , , , , , , , , , , , , , , , , , , , , , , , , , , , , , , , , , , , , , , , , , , , , , , , ,8,50
2023156N10067,2023,23,NI,AS,BIPARJOY,2023-06-17 06:00:00,TS,25.3,71.9,30,989,newdelhi,main,0,0,_____O_________, , , , , , , , ,-5, , , , , , , , , , , , , , , , , , , , , , , , , , , , , , , , , , , , , , , , , , , , , , , , , ,25.3,71.9,DD,30,989,0.00000,4, , , , , , , , , , , , , , , , , , , , , , , , , , , , , , , , , , , , , , , , , , , , , , , , , , , , , , , , , , , , , , , , , , , , , , , , , , , , , , , , , , , , , , , , , , ,8,55
2023156N10067,2023,23,NI,AS,BIPARJOY,2023-06-17 09:00:00,TS,25.5,72.2, , , ,main,0,0,_____P_________, , , , , , , , ,-5, , , , , , , , , , , , , , , , , , , , , , , , , , , , , , , , , , , , , , , , , , , , , , , , , ,25.5,72.2,DD,28,990, ,4, , , , , , , , , , , , , , , , , , , , , , , , , , , , , , , , , , , , , , , , , , , , , , , , , , , , , , , , , , , , , , , , , , , , , , , , , , , , , , , , , , , , , , , , , , ,6,60
2023156N10067,2023,23,NI,AS,BIPARJOY,2023-06-17 12:00:00,TS,25.6,72.5,25,990,newdelhi,main,0,0,_____O_________, , , , , , , , ,-5, , , , , , , , , , , , , , , , , , , , , , , , , , , , , , , , , , , , , , , , , , , , , , , , , ,25.6,72.5,D,25,990,0.00000,3, , , , , , , , , , , , , , , , , , , , , , , , , , , , , , , , , , , , , , , , , , , , , , , , , , , , , , , , , , , , , , , , , , , , , , , , , , , , , , , , , , , , , , , , , , ,4,60
2023156N10067,2023,23,NI,AS,BIPARJOY,2023-06-17 15:00:00,TS,25.7,72.7, , , ,main,0,0,_____P_________, , , , , , , , ,-5, , , , , , , , , , , , , , , , , , , , , , , , , , , , , , , , , , , , , , , , , , , , , , , , , ,25.7,72.7,D,25,991, ,3, , , , , , , , , , , , , , , , , , , , , , , , , , , , , , , , , , , , , , , , , , , , , , , , , , , , , , , , , , , , , , , , , , , , , , , , , , , , , , , , , , , , , , , , , , ,3,55
2023156N10067,2023,23,NI,AS,BIPARJOY,2023-06-17 18:00:00,TS,25.8,72.8,25,991,newdelhi,main,0,0,_____O_________, , , , , , , , ,-5, , , , , , , , , , , , , , , , , , , , , , , , , , , , , , , , , , , , , , , , , , , , , , , , , ,25.8,72.8,D,25,991,0.00000,3, , , , , , , , , , , , , , , , , , , , , , , , , , , , , , , , , , , , , , , , , , , , , , , , , , , , , , , , , , , , , , , , , , , , , , , , , , , , , , , , , , , , , , , , , , ,3,60
2023156N10067,2023,23,NI,AS,BIPARJOY,2023-06-17 21:00:00,TS,25.9,73.0, , , ,main,0,0,_____P_________, , , , , , , , ,-5, , , , , , , , , , , , , , , , , , , , , , , , , , , , , , , , , , , , , , , , , , , , , , , , , ,25.9,73.0,D,25,991, ,3, , , , , , , , , , , , , , , , , , , , , , , , , , , , , , , , , , , , , , , , , , , , , , , , , , , , , , , , , , , , , , , , , , , , , , , , , , , , , , , , , , , , , , , , , , ,5,65
2023156N10067,2023,23,NI,AS,BIPARJOY,2023-06-18 00:00:00,TS,26.0,73.3,25,991,newdelhi,main,0,0,_____O_________, , , , , , , , ,-5, , , , , , , , , , , , , , , , , , , , , , , , , , , , , , , , , , , , , , , , , , , , , , , , , ,26.0,73.3,D,25,991,0.00000,3, , , , , , , , , , , , , , , , , , , , , , , , , , , , , , , , , , , , , , , , , , , , , , , , , , , , , , , , , , , , , , , , , , , , , , , , , , , , , , , , , , , , , , , , , , ,8,65
2023156N10067,2023,23,NI,AS,BIPARJOY,2023-06-18 03:00:00,TS,26.2,73.8,25,992,newdelhi,main,0,0,_____O_________, , , , , , , , ,-5, , , , , , , , , , , , , , , , , , , , , , , , , , , , , , , , , , , , , , , , , , , , , , , , , ,26.2,73.8,D,25,992,0.00000,3, , , , , , , , , , , , , , , , , , , , , , , , , , , , , , , , , , , , , , , , , , , , , , , , , , , , , , , , , , , , , , , , , , , , , , , , , , , , , , , , , , , , , , , , , , ,7,65
2023156N10067,2023,23,NI,AS,BIPARJOY,2023-06-18 06:00:00,TS,26.3,74.0,25,994,newdelhi,main,0,0,_____O_________, , , , , , , , ,-5, , , , , , , , , , , , , , , , , , , , , , , , , , , , , , , , , , , , , , , , , , , , , , , , , ,26.3,74.0,D,25,994,0.00000,3, , , , , , , , , , , , , , , , , , , , , , , , , , , , , , , , , , , , , , , , , , , , , , , , , , , , , , , , , , , , , , , , , , , , , , , , , , , , , , , , , , , , , , , , , , ,5,75
2023156N10067,2023,23,NI,AS,BIPARJOY,2023-06-18 09:00:00,TS,26.3,74.3, , , ,main,0,0,_____P_________, , , , , , , , ,-5, , , , , , , , , , , , , , , , , , , , , , , , , , , , , , , , , , , , , , , , , , , , , , , , , ,26.3,74.3,D,23,995, ,3, , , , , , , , , , , , , , , , , , , , , , , , , , , , , , , , , , , , , , , , , , , , , , , , , , , , , , , , , , , , , , , , , , , , , , , , , , , , , , , , , , , , , , , , , , ,6,90
2023156N10067,2023,23,NI,AS,BIPARJOY,2023-06-18 12:00:00,TS,26.3,74.7,20,995,newdelhi,main,0,0,_____O_________, , , , , , , , ,-5, , , , , , , , , , , , , , , , , , , , , , , , , , , , , , , , , , , , , , , , , , , , , , , , , ,26.3,74.7,D,20,995,0.00000,3, , , , , , , , , , , , , , , , , , , , , , , , , , , , , , , , , , , , , , , , , , , , , , , , , , , , , , , , , , , , , , , , , , , , , , , , , , , , , , , , , , , , , , , , , , ,5,90
2023156N10067,2023,23,NI,AS,BIPARJOY,2023-06-18 15:00:00,TS,26.3,74.9, , , ,main,0,0,_____P_________, , , , , , , , ,-5, , , , , , , , , , , , , , , , , , , , , , , , , , , , , , , , , , , , , , , , , , , , , , , , , ,26.3,74.9,D,20,995, ,3, , , , , , , , , , , , , , , , , , , , , , , , , , , , , , , , , , , , , , , , , , , , , , , , , , , , , , , , , , , , , , , , , , , , , , , , , , , , , , , , , , , , , , , , , , ,4,90
2023156N10067,2023,23,NI,AS,BIPARJOY,2023-06-18 18:00:00,TS,26.3,75.2,20,995,newdelhi,main,0,0,_____O_________, , , , , , , , ,-5, , , , , , , , , , , , , , , , , , , , , , , , , , , , , , , , , , , , , , , , , , , , , , , , , ,26.3,75.2,D,20,995,0.00000,3, , , , , , , , , , , , , , , , , , , , , , , , , , , , , , , , , , , , , , , , , , , , , , , , , , , , , , , , , , , , , , , , , , , , , , , , , , , , , , , , , , , , , , , , , , ,6,90
2023156N10067,2023,23,NI,AS,BIPARJOY,2023-06-18 21:00:00,TS,26.3,75.6, , , ,main,0,0,_____P_________, , , , , , , , ,-5, , , , , , , , , , , , , , , , , , , , , , , , , , , , , , , , , , , , , , , , , , , , , , , , , ,26.3,75.6,D,20,995, ,3, , , , , , , , , , , , , , , , , , , , , , , , , , , , , , , , , , , , , , , , , , , , , , , , , , , , , , , , , , , , , , , , , , , , , , , , , , , , , , , , , , , , , , , , , , ,7,90
2023156N10067,2023,23,NI,AS,BIPARJOY,2023-06-19 00:00:00,TS,26.3,76.0,20,995,newdelhi,main,0, ,_____O_________, , , , , , , , ,-5, , , , , , , , , , , , , , , , , , , , , , , , , , , , , , , , , , , , , , , , , , , , , , , , , ,26.3,76.0,D,20,995,0.00000,3, , , , , , , , , , , , , , , , , , , , , , , , , , , , , , , , , , , , , , , , , , , , , , , , , , , , , , , , , , , , , , , , , , , , , , , , , , , , , , , , , , , , , , , , , , ,8,90
2023160N20092,2023,25,NI,BB,UNNAMED,2023-06-08 12:00:00,TS,19.5,92.1, , , ,main,107,107,O______________,jtwc_io,IO032023,19.5,92.1, ,TD,30,1000,-1, , , , , , , , , , , , , , ,30, , , , , , , , , , , , , , , , , , , , , , , , , , , , , , , , , , , , , , , , , , , , , , , , , , , , , , , , , , , , , , , , , , , , , , , , , , , , , , , , , , , , , , , , , , , , , , , , , , , , , , , , , , , , , , , , , , , , , , , , , , , , , , , , , , , ,4,280
2023160N20092,2023,25,NI,BB,UNNAMED,2023-06-08 15:00:00,TS,19.5,91.9, , , ,main,122,122,P______________, ,IO032023,19.5,91.9, ,TD,33,998,-1, , , , , , , , , , , , , , ,30, , , , , , , , , , , , , , , , , , , , , , , , , , , , , , , , , , , , , , , , , , , , , , , , , , , , , , , , , , , , , , , , , , , , , , , , , , , , , , , , , , , , , , , , , , , , , , , , , , , , , , , , , , , , , , , , , , , , , , , , , , , , , , , , , , , ,4,285
2023160N20092,2023,25,NI,BB,UNNAMED,2023-06-08 18:00:00,TS,19.6,91.7, , , ,main,130,130,O______________,jtwc_io,IO032023,19.6,91.7, ,TS,35,996,0, , , , , , , , , , , , ,1001,60,30, , , , , , , , , , , , , , , , , , , , , , , , , , , , , , , , , , , , , , , , , , , , , , , , , , , , , , , , , , , , , , , , , , , , , , , , , , , , , , , , , , , , , , , , , , , , , , , , , , , , , , , , , , , , , , , , , , , , , , , , , , , , , , , , , , , ,3,300
2023160N20092,2023,25,NI,BB,UNNAMED,2023-06-08 21:00:00,TS,19.7,91.6, , , ,main,133,133,P______________, ,IO032023,19.7,91.6, ,TS,38,989,0, , , , , , , , , , , , ,1001,60,30, , , , , , , , , , , , , , , , , , , , , , , , , , , , , , , , , , , , , , , , , , , , , , , , , , , , , , , , , , , , , , , , , , , , , , , , , , , , , , , , , , , , , , , , , , , , , , , , , , , , , , , , , , , , , , , , , , , , , , , , , , , , , , , , , , , ,3,315
2023160N20092,2023,25,NI,BB,UNNAMED,2023-06-09 00:00:00,TS,19.8,91.5, , , ,main,137,129,O______________,jtwc_io,IO032023,19.8,91.5, ,TS,40,982,0, , , , , , , , , , , , ,1001,60,30, , , , , , , , , , , , , , , , , , , , , , , , , , , , , , , , , , , , , , , , , , , , , , , , , , , , , , , , , , , , , , , , , , , , , , , , , , , , , , , , , , , , , , , , , , , , , , , , , , , , , , , , , , , , , , , , , , , , , , , , , , , , , , , , , , , ,2,335
2023160N20092,2023,25,NI,BB,UNNAMED,2023-06-09 03:00:00,TS,19.9,91.5, , , ,main,129,129,P______________, ,IO032023,19.9,91.5, ,TS,40,989,0, , , , , , , , , , , , ,1001,60,28, , , , , , , , , , , , , , , , , , , , , , , , , , , , , , , , , , , , , , , , , , , , , , , , , , , , , , , , , , , , , , , , , , , , , , , , , , , , , , , , , , , , , , , , , , , , , , , , , , , , , , , , , , , , , , , , , , , , , , , , , , , , , , , , , , , ,1,0
2023160N20092,2023,25,NI,BB,UNNAMED,2023-06-09 06:00:00,TS,19.9,91.5, , , ,main,129,129,O______________,jtwc_io,IO032023,19.9,91.5, ,TS,40,995,0, , , , , , , , , , , , ,1001,60,25, , , , , , , , , , , , , , , , , , , , , , , , , , , , , , , , , , , , , , , , , , , , , , , , , , , , , , , , , , , , , , , , , , , , , , , , , , , , , , , , , , , , , , , , , , , , , , , , , , , , , , , , , , , , , , , , , , , , , , , , , , , , , , , , , , , ,1,15
2023160N20092,2023,25,NI,BB,UNNAMED,2023-06-09 09:00:00,TS,19.9,91.5, , , ,main,129,122,P______________, ,IO032023,19.9,91.5, ,TS,43,993,0, , , , , , , , , , , , ,1001,60,25, , , , , , , , , , , , , , , , , , , , , , , , , , , , , , , , , , , , , , , , , , , , , , , , , , , , , , , , , , , , , , , , , , , , , , , , , , , , , , , , , , , , , , , , , , , , , , , , , , , , , , , , , , , , , , , , , , , , , , , , , , , , , , , , , , , ,1,0
2023160N20092,2023,25,NI,BB,UNNAMED,2023-06-09 12:00:00,TS,20.0,91.5, , , ,main,122,122,O______________,jtwc_io,IO032023,20.0,91.5, ,TS,45,991,0, , , , , , , , , , , , ,1001,60,25, , , , , , , , , , , , , , , , , , , , , , , , , , , , , , , , , , , , , , , , , , , , , , , , , , , , , , , , , , , , , , , , , , , , , , , , , , , , , , , , , , , , , , , , , , , , , , , , , , , , , , , , , , , , , , , , , , , , , , , , , , , , , , , , , , , ,1,20
2023160N20092,2023,25,NI,BB,UNNAMED,2023-06-09 15:00:00,TS,20.0,91.5, , , ,main,122,100,P______________, ,IO032023,20.0,91.5, ,TS,40,991,0, , , , , , , , , , , , ,1001,60,25, , , , , , , , , , , , , , , , , , , , , , , , , , , , , , , , , , , , , , , , , , , , , , , , , , , , , , , , , , , , , , , , , , , , , , , , , , , , , , , , , , , , , , , , , , , , , , , , , , , , , , , , , , , , , , , , , , , , , , , , , , , , , , , , , , , ,2,25
2023160N20092,2023,25,NI,BB,UNNAMED,2023-06-09 18:00:00,TS,20.2,91.6, , , ,main,100,76,O______________,jtwc_io,IO032023,20.2,91.6, ,TS,35,991,0, , , , , , , , , , , , ,1001,60,25, , , , , , , , , , , , , , , , , , , , , , , , , , , , , , , , , , , , , , , , , , , , , , , , , , , , , , , , , , , , , , , , , , , , , , , , , , , , , , , , , , , , , , , , , , , , , , , , , , , , , , , , , , , , , , , , , , , , , , , , , , , , , , , , , , , ,5,20
2023160N20092,2023,25,NI,BB,UNNAMED,2023-06-09 21:00:00,TS,20.6,91.7, , , ,main,70,38,P______________, ,IO032023,20.6,91.7, ,TS,33,994,-1, , , , , , , , , , , , ,1001,60,28, , , , , , , , , , , , , , , , , , , , , , , , , , , , , , , , , , , , , , , , , , , , , , , , , , , , , , , , , , , , , , , , , , , , , , , , , , , , , , , , , , , , , , , , , , , , , , , , , , , , , , , , , , , , , , , , , , , , , , , , , , , , , , , , , , , ,8,15
2023160N20092,2023,25,NI,BB,UNNAMED,2023-06-10 00:00:00,TS,21.0,91.8, , , ,main,38,23,O______________,jtwc_io,IO032023,21.0,91.8, ,TD,30,996,-1, , , , , , , , , , , , ,1001,60,30, , , , , , , , , , , , , , , , , , , , , , , , , , , , , , , , , , , , , , , , , , , , , , , , , , , , , , , , , , , , , , , , , , , , , , , , , , , , , , , , , , , , , , , , , , , , , , , , , , , , , , , , , , , , , , , , , , , , , , , , , , , , , , , , , , , ,9,355
2023160N20092,2023,25,NI,BB,UNNAMED,2023-06-10 03:00:00,TS,21.4,91.7, , , ,main,23,23,P______________, ,IO032023,21.4,91.7, ,TD,28,994,-1, , , , , , , , , , , , ,1001,60,30, , , , , , , , , , , , , , , , , , , , , , , , , , , , , , , , , , , , , , , , , , , , , , , , , , , , , , , , , , , , , , , , , , , , , , , , , , , , , , , , , , , , , , , , , , , , , , , , , , , , , , , , , , , , , , , , , , , , , , , , , , , , , , , , , , , ,9,335
2023160N20092,2023,25,NI,BB,UNNAMED,2023-06-10 06:00:00,TS,21.8,91.4, , , ,main,51, ,O______________,jtwc_io,IO032023,21.8,91.4, ,TD,25,992,-1, , , , , , , , , , , , ,1001,60,30, , , , , , , , , , , , , , , , , , , , , , , , , , , , , , , , , , , , , , , , , , , , , , , , , , , , , , , , , , , , , , , , , , , , , , , , , , , , , , , , , , , , , , , , , , , , , , , , , , , , , , , , , , , , , , , , , , , , , , , , , , , , , , , , , , , ,9,330
2023212N19090,2023,36,NI,BB,UNNAMED,2023-07-30 12:00:00,TS,19.0,90.0, , , ,main,305,305,O______________,jtwc_io,IO042023,19.0,90.0, ,TD,25,1004,-1, , , , , , , , , , , , ,999,140,25, , , , , , , , , , , , , , , , , , , , , , , , , , , , , , , , , , , , , , , , , , , , , , , , , , , , , , , , , , , , , , , , , , , , , , , , , , , , , , , , , , , , , , , , , , , , , , , , , , , , , , , , , , , , , , , , , , , , , , , , , , , , , , , , , , , ,6,125
2023212N19090,2023,36,NI,BB,UNNAMED,2023-07-30 15:00:00,TS,18.8,90.2, , , ,main,311,291,P______________, ,IO042023,18.8,90.2, ,TD,28,1002,-1, , , , , , , , , , , , ,999,140,25, , , , , , , , , , , , , , , , , , , , , , , , , , , , , , , , , , , , , , , , , , , , , , , , , , , , , , , , , , , , , , , , , , , , , , , , , , , , , , , , , , , , , , , , , , , , , , , , , , , , , , , , , , , , , , , , , , , , , , , , , , , , , , , , , , , ,6,120
2023212N19090,2023,36,NI,BB,UNNAMED,2023-07-30 18:00:00,TS,18.7,90.5, , , ,main,291,275,O______________,jtwc_io,IO042023,18.7,90.5, ,TD,30,1000,-1, , , , , , , , , , , , ,999,140,25, , , , , , , , , , , , , , , , , , , , , , , , , , , , , , , , , , , , , , , , , , , , , , , , , , , , , , , , , , , , , , , , , , , , , , , , , , , , , , , , , , , , , , , , , , , , , , , , , , , , , , , , , , , , , , , , , , , , , , , , , , , , , , , , , , , ,5,115
2023212N19090,2023,36,NI,BB,UNNAMED,2023-07-30 21:00:00,TS,18.6,90.8, , , ,main,275,260,P______________, ,IO042023,18.6,90.8, ,TD,30,992,-1, , , , , , , , , , , , ,998,150,25, , , , , , , , , , , , , , , , , , , , , , , , , , , , , , , , , , , , , , , , , , , , , , , , , , , , , , , , , , , , , , , , , , , , , , , , , , , , , , , , , , , , , , , , , , , , , , , , , , , , , , , , , , , , , , , , , , , , , , , , , , , , , , , , , , , ,5,100
2023212N19090,2023,36,NI,BB,UNNAMED,2023-07-31 00:00:00,TS,18.6,91.0, , , ,main,260,252,O______________,jtwc_io,IO042023,18.6,91.0, ,TD,30,984,-1, , , , , , , , , , , , ,997,160,25, , , , , , , , , , , , , , , , , , , , , , , , , , , , , , , , , , , , , , , , , , , , , , , , , , , , , , , , , , , , , , , , , , , , , , , , , , , , , , , , , , , , , , , , , , , , , , , , , , , , , , , , , , , , , , , , , , , , , , , , , , , , , , , , , , , ,4,100
2023212N19090,2023,36,NI,BB,UNNAMED,2023-07-31 03:00:00,TS,18.6,91.2, , , ,main,244,237,P______________, ,IO042023,18.6,91.2, ,TD,30,988,-1, , , , , , , , , , , , ,997,160,40, , , , , , , , , , , , , , , , , , , , , , , , , , , , , , , , , , , , , , , , , , , , , , , , , , , , , , , , , , , , , , , , , , , , , , , , , , , , , , , , , , , , , , , , , , , , , , , , , , , , , , , , , , , , , , , , , , , , , , , , , , , , , , , , , , , ,3,90
2023212N19090,2023,36,NI,BB,UNNAMED,2023-07-31 06:00:00,TS,18.6,91.3, , , ,main,237,214,O______________,jtwc_io,IO042023,18.6,91.3, ,TD,30,992,-1, , , , , , , , , , , , ,997,160,55, , , , , , , , , , , , , , , , , , , , , , , , , , , , , , , , , , , , , , , , , , , , , , , , , , , , , , , , , , , , , , , , , , , , , , , , , , , , , , , , , , , , , , , , , , , , , , , , , , , , , , , , , , , , , , , , , , , , , , , , , , , , , , , , , , , ,4,65
2023212N19090,2023,36,NI,BB,UNNAMED,2023-07-31 09:00:00,TS,18.7,91.6, , , ,main,207,168,P______________, ,IO042023,18.7,91.6, ,TD,33,991,-1, , , , , , , , , , , , ,997,160,40, , , , , , , , , , , , , , , , , , , , , , , , , , , , , , , , , , , , , , , , , , , , , , , , , , , , , , , , , , , , , , , , , , , , , , , , , , , , , , , , , , , , , , , , , , , , , , , , , , , , , , , , , , , , , , , , , , , , , , , , , , , , , , , , , , , ,6,50
2023212N19090,2023,36,NI,BB,UNNAMED,2023-07-31 12:00:00,TS,19.0,91.8, , , ,main,168,122,O______________,jtwc_io,IO042023,19.0,91.8, ,TS,35,990,0, , , , , , , , , , , , ,997,160,25, , , , , , , , , , , , , , , , , , , , , , , , , , , , , , , , , , , , , , , , , , , , , , , , , , , , , , , , , , , , , , , , , , , , , , , , , , , , , , , , , , , , , , , , , , , , , , , , , , , , , , , , , , , , , , , , , , , , , , , , , , , , , , , , , , , ,8,25
2023212N19090,2023,36,NI,BB,UNNAMED,2023-07-31 15:00:00,TS,19.5,91.9, , , ,main,122,85,P______________, ,IO042023,19.5,91.9, ,TS,38,989,0, , , , , , , , , , , , ,997,140,25, , , , , , , , , , , , , , , , , , , , , , , , , , , , , , , , , , , , , , , , , , , , , , , , , , , , , , , , , , , , , , , , , , , , , , , , , , , , , , , , , , , , , , , , , , , , , , , , , , , , , , , , , , , , , , , , , , , , , , , , , , , , , , , , , , , ,9,10
2023212N19090,2023,36,NI,BB,UNNAMED,2023-07-31 18:00:00,TS,19.9,92.0, , , ,main,85,76,O______________,jtwc_io,IO042023,19.9,92.0, ,TS,40,987,0, , , , , , , , , , , , ,996,120,25, , , , , , , , , , , , , , , , , , , , , , , , , , , , , , , , , , , , , , , , , , , , , , , , , , , , , , , , , , , , , , , , , , , , , , , , , , , , , , , , , , , , , , , , , , , , , , , , , , , , , , , , , , , , , , , , , , , , , , , , , , , , , , , , , , , ,4,25
2023212N19090,2023,36,NI,BB,UNNAMED,2023-07-31 21:00:00,TS,19.8,92.1, , , ,main,83,76,P______________, ,IO042023,19.8,92.1, ,TS,40,988,0, , , , , , , , , , , , ,996,125,28, , , , , , , , , , , , , , , , , , , , , , , , , , , , , , , , , , , , , , , , , , , , , , , , , , , , , , , , , , , , , , , , , , , , , , , , , , , , , , , , , , , , , , , , , , , , , , , , , , , , , , , , , , , , , , , , , , , , , , , , , , , , , , , , , , , ,2,320
2023212N19090,2023,36,NI,BB,UNNAMED,2023-08-01 00:00:00,TS,20.0,91.9,25,992,newdelhi,main,89,80,O____O_________,jtwc_io,IO042023,19.9,92.0, ,TS,40,988,0, , , , , , , , , , , , ,996,130,30, , , , , , , , , , , , , , , , , , , , , , , , , , , , , , , , , , ,20.5,91.5,D,25,992,1.50000,4, , , , , , , , , , , , , , , , , , , , , , , , , , , , , , , , , , , , , , , , , , , , , , , , , , , , , , , , , , , , , , , , , , , , , , , , , , , , , , , , , , , , , , , , , , ,13,325
2023212N19090,2023,36,NI,BB,UNNAMED,2023-08-01 03:00:00,TS,20.9,91.3,30,990,newdelhi,main,89,45,P____O_________, ,IO042023,20.7,91.4, ,TS,38,989,0, , , , , , , , , , , , ,996,130,30, , , , , , , , , , , , , , , , , , , , , , , , , , , , , , , , , , ,21.2,91.2,DD,30,990,2.00000,6, , , , , , , , , , , , , , , , , , , , , , , , , , , , , , , , , , , , , , , , , , , , , , , , , , , , , , , , , , , , , , , , , , , , , , , , , , , , , , , , , , , , , , , , , , ,19,325
2023212N19090,2023,36,NI,BB,UNNAMED,2023-08-01 06:00:00,TS,21.6,90.7,30,990,newdelhi,main,45,0,O____O_________,jtwc_io,IO042023,21.6,90.7, ,TS,35,990,0,70,50,30,20, , , , , , , , ,996,130,30, , , , , , , , , , , , , , , , , , , , , , , , , , , , , , , , , , ,21.6,90.7,DD,30,990,2.00000,6, , , , , , , , , , , , , , , , , , , , , , , , , , , , , , , , , , , , , , , , , , , , , , , , , , , , , , , , , , , , , , , , , , , , , , , , , , , , , , , , , , , , , , , , , , ,16,315
2023212N19090,2023,36,NI,BB,UNNAMED,2023-08-01 09:00:00,TS,22.0,90.2, , , ,main,0,0,P____P_________, ,IO042023,21.9,90.2, ,TS,33,986,-1, , , , , , , , , , , , ,996,130,30, , , , , , , , , , , , , , , , , , , , , , , , , , , , , , , , , , ,22.1,90.1,DD,30,989, ,6, , , , , , , , , , , , , , , , , , , , , , , , , , , , , , , , , , , , , , , , , , , , , , , , , , , , , , , , , , , , , , , , , , , , , , , , , , , , , , , , , , , , , , , , , , ,12,305
2023212N19090,2023,36,NI,BB,UNNAMED,2023-08-01 12:00:00,TS,22.3,89.7,30,988,newdelhi,main,0,0,O____O_________,jtwc_io,IO042023,22.1,89.8, ,TD,30,981,-1, , , , , , , , , , , , ,996,130,30, , , , , , , , , , , , , , , , , , , , , , , , , , , , , , , , , , ,22.5,89.5,DD,30,988,0.00000,6, , , , , , , , , , , , , , , , , , , , , , , , , , , , , , , , , , , , , , , , , , , , , , , , , , , , , , , , , , , , , , , , , , , , , , , , , , , , , , , , , , , , , , , , , , ,10,305
2023212N19090,2023,36,NI,BB,UNNAMED,2023-08-01 15:00:00,TS,22.6,89.3, , , ,main,0,0,P____P_________, ,IO042023,22.4,89.2, ,TD,28,982,-1, , , , , , , , , , , , ,996,120,30, , , , , , , , , , , , , , , , , , , , , , , , , , , , , , , , , , ,22.7,89.3,DD,30,988, ,6, , , , , , , , , , , , , , , , , , , , , , , , , , , , , , , , , , , , , , , , , , , , , , , , , , , , , , , , , , , , , , , , , , , , , , , , , , , , , , , , , , , , , , , , , , ,9,300
2023212N19090,2023,36,NI,BB,UNNAMED,2023-08-01 18:00:00,TS,22.8,88.8,30,988,newdelhi,main,0,0,O____O_________,jtwc_io,IO042023,22.7,88.6, ,TD,25,982,-1, , , , , , , , , , , , ,996,110,30, , , , , , , , , , , , , , , , , , , , , , , , , , , , , , , , , , ,22.8,89.0,DD,30,988,0.00000,6, , , , , , , , , , , , , , , , , , , , , , , , , , , , , , , , , , , , , , , , , , , , , , , , , , , , , , , , , , , , , , , , , , , , , , , , , , , , , , , , , , , , , , , , , , ,11,290
2023212N19090,2023,36,NI,BB,UNNAMED,2023-08-01 21:00:00,TS,22.9,88.1, , , ,main,0,0,P____P_________, ,IO042023,22.9,88.0, ,TD,25,988,-1, , , , , , , , , , , , ,996,113,30, , , , , , , , , , , , , , , , , , , , , , , , , , , , , , , , , , ,23.0,88.2,DD,30,988, ,6, , , , , , , , , , , , , , , , , , , , , , , , , , , , , , , , , , , , , , , , , , , , , , , , , , , , , , , , , , , , , , , , , , , , , , , , , , , , , , , , , , , , , , , , , , ,14,285
2023212N19090,2023,36,NI,BB,UNNAMED,2023-08-02 00:00:00,TS,23.1,87.4,30,988,newdelhi,main,0,0,O____O_________,jtwc_io,IO042023,23.0,87.3, ,TD,25,993,-1, , , , , , , , , , , , ,995,115,30, , , , , , , , , , , , , , , , , , , , , , , , , , , , , , , , , , ,23.1,87.4,DD,30,988,0.00000,6, , , , , , , , , , , , , , , , , , , , , , , , , , , , , , , , , , , , , , , , , , , , , , , , , , , , , , , , , , , , , , , , , , , , , , , , , , , , , , , , , , , , , , , , , , ,11,285
2023212N19090,2023,36,NI,BB,UNNAMED,2023-08-02 03:00:00,TS,23.2,86.9,30,989,newdelhi,main,0,0,P____O_________, ,IO042023,23.1,86.6, ,TD,23,993,-1, , , , , , , , , , , , ,995,115,30, , , , , , , , , , , , , , , , , , , , , , , , , , , , , , , , , , ,23.2,87.1,DD,30,989,0.00000,5, , , , , , , , , , , , , , , , , , , , , , , , , , , , , , , , , , , , , , , , , , , , , , , , , , , , , , , , , , , , , , , , , , , , , , , , , , , , , , , , , , , , , , , , , , ,11,285
2023212N19090,2023,36,NI,BB,UNNAMED,2023-08-02 06:00:00,MX,23.3,86.2,30,989,newdelhi,main,0,0,O____O_________,jtwc_io,IO042023,23.3,85.8, ,DB,20,992,-3, , , , , , , , , , , , ,995,115,30, , , , , , , , , , , , , , , , , , , , , , , , , , , , , , , , , , ,23.3,86.3,DD,30,989,0.00000,5, , , , , , , , , , , , , , , , , , , , , , , , , , , , , , , , , , , , , , , , , , , , , , , , , , , , , , , , , , , , , , , , , , , , , , , , , , , , , , , , , , , , , , , , , , ,12,275
2023212N19090,2023,36,NI,BB,UNNAMED,2023-08-02 09:00:00,TS,23.3,85.6, , , ,main,0,0,_____P_________, ,IO042023, , , ,DB, , ,-3, , , , , , , , , , , , , , , , , , , , , , , , , , , , , , , , , , , , , , , , , , , , , , , , , ,23.3,85.6,DD,28,990, ,5, , , , , , , , , , , , , , , , , , , , , , , , , , , , , , , , , , , , , , , , , , , , , , , , , , , , , , , , , , , , , , , , , , , , , , , , , , , , , , , , , , , , , , , , , , ,10,270
2023212N19090,2023,36,NI,BB,UNNAMED,2023-08-02 12:00:00,TS,23.3,85.1,25,990,newdelhi,main,0,0,_____O_________, , , , , , , , ,-5, , , , , , , , , , , , , , , , , , , , , , , , , , , , , , , , , , , , , , , , , , , , , , , , , ,23.3,85.1,D,25,990,0.00000,4, , , , , , , , , , , , , , , , , , , , , , , , , , , , , , , , , , , , , , , , , , , , , , , , , , , , , , , , , , , , , , , , , , , , , , , , , , , , , , , , , , , , , , , , , , ,10,270
2023212N19090,2023,36,NI,BB,UNNAMED,2023-08-02 15:00:00,TS,23.3,84.6, , , ,main,0,0,_____P_________, , , , , , , , ,-5, , , , , , , , , , , , , , , , , , , , , , , , , , , , , , , , , , , , , , , , , , , , , , , , , ,23.3,84.6,D,25,990, ,4, , , , , , , , , , , , , , , , , , , , , , , , , , , , , , , , , , , , , , , , , , , , , , , , , , , , , , , , , , , , , , , , , , , , , , , , , , , , , , , , , , , , , , , , , , ,9,270
2023212N19090,2023,36,NI,BB,UNNAMED,2023-08-02 18:00:00,TS,23.3,84.1,25,990,newdelhi,main,0,0,_____O_________, , , , , , , , ,-5, , , , , , , , , , , , , , , , , , , , , , , , , , , , , , , , , , , , , , , , , , , , , , , , , ,23.3,84.1,D,25,990,0.00000,4, , , , , , , , , , , , , , , , , , , , , , , , , , , , , , , , , , , , , , , , , , , , , , , , , , , , , , , , , , , , , , , , , , , , , , , , , , , , , , , , , , , , , , , , , , ,8,275
2023212N19090,2023,36,NI,BB,UNNAMED,2023-08-02 21:00:00,TS,23.3,83.7, , , ,main,0,0,_____P_________, , , , , , , , ,-5, , , , , , , , , , , , , , , , , , , , , , , , , , , , , , , , , , , , , , , , , , , , , , , , , ,23.3,83.7,D,25,990, ,4, , , , , , , , , , , , , , , , , , , , , , , , , , , , , , , , , , , , , , , , , , , , , , , , , , , , , , , , , , , , , , , , , , , , , , , , , , , , , , , , , , , , , , , , , , ,7,280
2023212N19090,2023,36,NI,BB,UNNAMED,2023-08-03 00:00:00,TS,23.4,83.4,25,990,newdelhi,main,0,0,_____O_________, , , , , , , , ,-5, , , , , , , , , , , , , , , , , , , , , , , , , , , , , , , , , , , , , , , , , , , , , , , , , ,23.4,83.4,D,25,990,0.00000,4, , , , , , , , , , , , , , , , , , , , , , , , , , , , , , , , , , , , , , , , , , , , , , , , , , , , , , , , , , , , , , , , , , , , , , , , , , , , , , , , , , , , , , , , , , ,6,285
2023212N19090,2023,36,NI,BB,UNNAMED,2023-08-03 03:00:00,TS,23.5,83.1,25,992,newdelhi,main,0,0,_____O_________, , , , , , , , ,-5, , , , , , , , , , , , , , , , , , , , , , , , , , , , , , , , , , , , , , , , , , , , , , , , , ,23.5,83.1,D,25,992,0.00000,4, , , , , , , , , , , , , , , , , , , , , , , , , , , , , , , , , , , , , , , , , , , , , , , , , , , , , , , , , , , , , , , , , , , , , , , , , , , , , , , , , , , , , , , , , , ,3,290
2023212N19090,2023,36,NI,BB,UNNAMED,2023-08-03 06:00:00,TS,23.5,83.1,20,993,newdelhi,main,0, ,_____O_________, , , , , , , , ,-5, , , , , , , , , , , , , , , , , , , , , , , , , , , , , , , , , , , , , , , , , , , , , , , , , ,23.5,83.1,D,20,993,0.00000,3, , , , , , , , , , , , , , , , , , , , , , , , , , , , , , , , , , , , , , , , , , , , , , , , , , , , , , , , , , , , , , , , , , , , , , , , , , , , , , , , , , , , , , , , , , ,0,0
2023273N16073,2023,68,NI,AS,UNNAMED,2023-09-30 03:00:00,TS,15.9,72.8,25,1002,newdelhi,main,78,24,_____O_________, , , , , , , , ,-5, , , , , , , , , , , , , , , , , , , , , , , , , , , , , , , , , , , , , , , , , , , , , , , , , ,15.9,72.8,D,25,1002,1.50000,4, , , , , , , , , , , , , , , , , , , , , , , , , , , , , , , , , , , , , , , , , , , , , , , , , , , , , , , , , , , , , , , , , , , , , , , , , , , , , , , , , , , , , , , , , , ,12,30
2023273N16073,2023,68,NI,AS,UNNAMED,2023-09-30 06:00:00,TS,16.4,73.1,25,1002,newdelhi,main,24,10,_____O_________, , , , , , , , ,-5, , , , , , , , , , , , , , , , , , , , , , , , , , , , , , , , , , , , , , , , , , , , , , , , , ,16.4,73.1,D,25,1002,1.50000,4, , , , , , , , , , , , , , , , , , , , , , , , , , , , , , , , , , , , , , , , , , , , , , , , , , , , , , , , , , , , , , , , , , , , , , , , , , , , , , , , , , , , , , , , , , ,8,30
2023273N16073,2023,68,NI,AS,UNNAMED,2023-09-30 09:00:00,TS,16.6,73.2, , , ,main,10,10,_____P_________, , , , , , , , ,-5, , , , , , , , , , , , , , , , , , , , , , , , , , , , , , , , , , , , , , , , , , , , , , , , , ,16.6,73.2,D,25,1002, ,4, , , , , , , , , , , , , , , , , , , , , , , , , , , , , , , , , , , , , , , , , , , , , , , , , , , , , , , , , , , , , , , , , , , , , , , , , , , , , , , , , , , , , , , , , , ,2,25
2023273N16073,2023,68,NI,AS,UNNAMED,2023-09-30 12:00:00,TS,16.6,73.2,25,1002,newdelhi,main,10,0,_____O_________, , , , , , , , ,-5, , , , , , , , , , , , , , , , , , , , , , , , , , , , , , , , , , , , , , , , , , , , , , , , , ,16.6,73.2,D,25,1002,1.50000,4, , , , , , , , , , , , , , , , , , , , , , , , , , , , , , , , , , , , , , , , , , , , , , , , , , , , , , , , , , , , , , , , , , , , , , , , , , , , , , , , , , , , , , , , , , ,2,45
2023273N16073,2023,68,NI,AS,UNNAMED,2023-09-30 15:00:00,TS,16.7,73.3, , , ,main,0,0,_____P_________, , , , , , , , ,-5, , , , , , , , , , , , , , , , , , , , , , , , , , , , , , , , , , , , , , , , , , , , , , , , , ,16.7,73.3,D,25,1002, ,4, , , , , , , , , , , , , , , , , , , , , , , , , , , , , , , , , , , , , , , , , , , , , , , , , , , , , , , , , , , , , , , , , , , , , , , , , , , , , , , , , , , , , , , , , , ,4,55
2023273N16073,2023,68,NI,AS,UNNAMED,2023-09-30 18:00:00,TS,16.8,73.5,25,1002,newdelhi,main,0,0,_____O_________, , , , , , , , ,-5, , , , , , , , , , , , , , , , , , , , , , , , , , , , , , , , , , , , , , , , , , , , , , , , , ,16.8,73.5,D,25,1002,1.50000,4, , , , , , , , , , , , , , , , , , , , , , , , , , , , , , , , , , , , , , , , , , , , , , , , , , , , , , , , , , , , , , , , , , , , , , , , , , , , , , , , , , , , , , , , , , ,4,65
2023273N16073,2023,68,NI,AS,UNNAMED,2023-09-30 21:00:00,TS,16.9,73.7, , , ,main,0,0,_____P_________, , , , , , , , ,-5, , , , , , , , , , , , , , , , , , , , , , , , , , , , , , , , , , , , , , , , , , , , , , , , , ,16.9,73.7,D,25,1003, ,4, , , , , , , , , , , , , , , , , , , , , , , , , , , , , , , , , , , , , , , , , , , , , , , , , , , , , , , , , , , , , , , , , , , , , , , , , , , , , , , , , , , , , , , , , , ,5,65
2023273N16073,2023,68,NI,AS,UNNAMED,2023-10-01 00:00:00,TS,17.0,74.0,25,1003,newdelhi,main,0, ,_____O_________, , , , , , , , ,-5, , , , , , , , , , , , , , , , , , , , , , , , , , , , , , , , , , , , , , , , , , , , , , , , , ,17.0,74.0,D,25,1003,0.00000,3, , , , , , , , , , , , , , , , , , , , , , , , , , , , , , , , , , , , , , , , , , , , , , , , , , , , , , , , , , , , , , , , , , , , , , , , , , , , , , , , , , , , , , , , , , ,5,70
2023292N11063,2023,75,NI,AS,TEJ,2023-10-19 06:00:00,DS,10.7,62.6, , , ,main,907,900,O______________,jtwc_io,IO052023,10.7,62.6, ,DB,15,1010,-3, , , , , , , , , , , , ,1013,230,125, , , , , , , , , , , , , , , , , , , , , , , , , , , , , , , , , , , , , , , , , , , , , , , , , , , , , , , , , , , , , , , , , , , , , , , , , , , , , , , , , , , , , , , , , , , , , , , , , , , , , , , , , , , , , , , , , , , , , , , , , , , , , , , , , , , ,6,200
2023292N11063,2023,75,NI,AS,TEJ,2023-10-19 09:00:00,DS,10.4,62.5, , , ,main,906,899,P______________, ,IO052023,10.4,62.5, ,DB,18,1009,-3, , , , , , , , , , , , ,1013,203,113, , , , , , , , , , , , , , , , , , , , , , , , , , , , , , , , , , , , , , , , , , , , , , , , , , , , , , , , , , , , , , , , , , , , , , , , , , , , , , , , , , , , , , , , , , , , , , , , , , , , , , , , , , , , , , , , , , , , , , , , , , , , , , , , , , , ,5,200
2023292N11063,2023,75,NI,AS,TEJ,2023-10-19 12:00:00,DS,10.2,62.4, , , ,main,902,902,O______________,jtwc_io,IO052023,10.2,62.4, ,DB,20,1007,-3, , , , , , , , , , , , ,1012,175,100, , , , , , , , , , , , , , , , , , , , , , , , , , , , , , , , , , , , , , , , , , , , , , , , , , , , , , , , , , , , , , , , , , , , , , , , , , , , , , , , , , , , , , , , , , , , , , , , , , , , , , , , , , , , , , , , , , , , , , , , , , , , , , , , , , , ,4,200
2023292N11063,2023,75,NI,AS,TEJ,2023-10-19 15:00:00,DS,10.0,62.4, , , ,main,909,899,P______________, ,IO052023,10.0,62.4, ,DB,23,1007,-3, , , , , , , , , , , , ,1012,168,80, , , , , , , , , , , , , , , , , , , , , , , , , , , , , , , , , , , , , , , , , , , , , , , , , , , , , , , , , , , , , , , , , , , , , , , , , , , , , , , , , , , , , , , , , , , , , , , , , , , , , , , , , , , , , , , , , , , , , , , , , , , , , , , , , , , ,3,195
2023292N11063,2023,75,NI,AS,TEJ,2023-10-19 18:00:00,TS,9.9,62.3, , , ,main,903,901,O______________,jtwc_io,IO052023,9.9,62.3, ,TD,25,1006,-1, , , , , , , , , , , , ,1012,160,60, , , , , , , , , , , , , , , , , , , , , , , , , , , , , , , , , , , , , , , , , , , , , , , , , , , , , , , , , , , , , , , , , , , , , , , , , , , , , , , , , , , , , , , , , , , , , , , , , , , , , , , , , , , , , , , , , , , , , , , , , , , , , , , , , , , ,4,200
2023292N11063,2023,75,NI,AS,TEJ,2023-10-19 21:00:00,TS,9.7,62.2, , , ,main,901,899,P______________, ,IO052023,9.7,62.2, ,TD,28,1006,-1, , , , , , , , , , , , ,1012,190,45, , , , , , , , , , , , , , , , , , , , , , , , , , , , , , , , , , , , , , , , , , , , , , , , , , , , , , , , , , , , , , , , , , , , , , , , , , , , , , , , , , , , , , , , , , , , , , , , , , , , , , , , , , , , , , , , , , , , , , , , , , , , , , , , , , , ,4,205
2023292N11063,2023,75,NI,AS,TEJ,2023-10-20 00:00:00,TS,9.5,62.1, , , ,main,899,884,O______________,jtwc_io,IO052023,9.5,62.1, ,TD,30,1006,-1, , , , , , , , , , , , ,1011,220,30, , , , , , , , , , , , , , , , , , , , , , , , , , , , , , , , , , , , , , , , , , , , , , , , , , , , , , , , , , , , , , , , , , , , , , , , , , , , , , , , , , , , , , , , , , , , , , , , , , , , , , , , , , , , , , , , , , , , , , , , , , , , , , , , , , , ,5,230
2023292N11063,2023,75,NI,AS,TEJ,2023-10-20 03:00:00,TS,9.3,61.8,25,1004,newdelhi,main,878,859,P____O_________, ,IO052023,9.4,61.9, ,TD,30,1006,-1, , , , , , , , , , , , ,1012,205,30, , , , , , , , , , , , , , , , , , , , , , , , , , , , , , , , , , ,9.3,61.7,D,25,1004,1.50000,4, , , , , , , , , , , , , , , , , , , , , , , , , , , , , , , , , , , , , , , , , , , , , , , , , , , , , , , , , , , , , , , , , , , , , , , , , , , , , , , , , , , , , , , , , , ,6,250
2023292N11063,2023,75,NI,AS,TEJ,2023-10-20 06:00:00,TS,9.3,61.6,25,1004,newdelhi,main,859,839,O____O_________,jtwc_io,IO052023,9.3,61.6, ,TD,30,1006,-1, , , , , , , , , , , , ,1012,190,30, , , , , , , , , , , , , , , , , , , , , , , , , , , , , , , , , , ,9.3,61.5,D,25,1004,1.50000,4, , , , , , , , , , , , , , , , , , , , , , , , , , , , , , , , , , , , , , , , , , , , , , , , , , , , , , , , , , , , , , , , , , , , , , , , , , , , , , , , , , , , , , , , , , ,5,265
2023292N11063,2023,75,NI,AS,TEJ,2023-10-20 09:00:00,TS,9.3,61.3, , , ,main,829,805,P____P_________, ,IO052023,9.3,61.3, ,TD,33,1005,-1, , , , , , , , , , , , ,1012,188,38, , , , , , , , , , , , , , , , , , , , , , , , , , , , , , , , , , ,9.3,61.4,D,28,1004, ,5, , , , , , , , , , , , , , , , , , , , , , , , , , , , , , , , , , , , , , , , , , , , , , , , , , , , , , , , , , , , , , , , , , , , , , , , , , , , , , , , , , , , , , , , , , ,5,280
2023292N11063,2023,75,NI,AS,TEJ,2023-10-20 12:00:00,TS,9.4,61.1,30,1003,newdelhi,main,805,760,O____O_________,jtwc_io,IO052023,9.4,60.9, ,TS,35,1003,0,20,20,20,20, , , , , , , , ,1011,185,45, , , , , , , , , , , , , , , , , , , , , , , , , , , , , , , , , , ,9.4,61.3,DD,30,1003,2.00000,5, , , , , , , , , , , , , , , , , , , , , , , , , , , , , , , , , , , , , , , , , , , , , , , , , , , , , , , , , , , , , , , , , , , , , , , , , , , , , , , , , , , , , , , , , , ,6,285
2023292N11063,2023,75,NI,AS,TEJ,2023-10-20 15:00:00,TS,9.5,60.7, , , ,main,760,716,P____P_________, ,IO052023,9.5,60.4, ,TS,38,1003,0,23,23,23,23, , , , , , , , ,1011,185,40, , , , , , , , , , , , , , , , , , , , , , , , , , , , , , , , , , ,9.4,61.1,DD,30,1003, ,6, , , , , , , , , , , , , , , , , , , , , , , , , , , , , , , , , , , , , , , , , , , , , , , , , , , , , , , , , , , , , , , , , , , , , , , , , , , , , , , , , , , , , , , , , , ,9,285
2023292N11063,2023,75,NI,AS,TEJ,2023-10-20 18:00:00,TS,9.6,60.3,30,1002,newdelhi,main,716,663,O____O_________,jtwc_io,IO052023,9.7,59.8, ,TS,40,1003,0,25,25,25,25, , , , , , , , ,1011,185,35, , , , , , , , , , , , , , , , , , , , , , , , , , , , , , , , , , ,9.5,60.7,DD,30,1002,2.00000,6, , , , , , , , , , , , , , , , , , , , , , , , , , , , , , , , , , , , , , , , , , , , , , , , , , , , , , , , , , , , , , , , , , , , , , , , , , , , , , , , , , , , , , , , , , ,10,285
2023292N11063,2023,75,NI,AS,TEJ,2023-10-20 21:00:00,TS,9.7,59.7, , , ,main,653,595,P____P_________, ,IO052023,9.8,59.4, ,TS,45,1000,0,28,28,25,28, , , , , , , , ,1011,185,30, , , , , , , , , , , , , , , , , , , , , , , , , , , , , , , , , , ,9.7,60.1,DD,33,1002, ,7, , , , , , , , , , , , , , , , , , , , , , , , , , , , , , , , , , , , , , , , , , , , , , , , , , , , , , , , , , , , , , , , , , , , , , , , , , , , , , , , , , , , , , , , , , ,11,285
2023292N11063,2023,75,NI,AS,TEJ,2023-10-21 00:00:00,TS,9.9,59.2,35,1001,newdelhi,main,595,536,O____O_________,jtwc_io,IO052023,9.9,59.0, ,TS,50,997,0,30,30,25,30,15,15,15,15, , , , ,1010,185,25, , , , , , , , , , , , , , , , , , , , , , , , , , , , , , , , , , ,9.9,59.4,CS,35,1001,2.50000,7, , , , , , , , , , , , , , , , , , , , , , , , , , , , , , , , , , , , , , , , , , , , , , , , , , , , , , , , , , , , , , , , , , , , , , , , , , , , , , , , , , , , , , , , , , ,11,285
2023292N11063,2023,75,NI,AS,TEJ,2023-10-21 03:00:00,TS,10.1,58.7,45,998,newdelhi,main,536,493,P____O_________, ,IO052023,10.0,58.5, ,TS,53,996,0,35,33,28,35,18,15,15,18, , , , ,1010,188,23, , , , , , , , , , , , , , , , , , , , , , , , , , , , , , , , , , ,10.1,58.8,CS,45,998,3.00000,10, , , , , , , , , , , , , , , , , , , , , , , , , , , , , , , , , , , , , , , , , , , , , , , , , , , , , , , , , , , , , , , , , , , , , , , , , , , , , , , , , , , , , , , , , , ,10,290
2023292N11063,2023,75,NI,AS,TEJ,2023-10-21 06:00:00,TS,10.3,58.3,50,996,newdelhi,main,487,442,O____O_________,jtwc_io,IO052023,10.2,58.1, ,TS,55,995,0,40,35,30,40,20,15,15,20, , , , ,1010,190,20, , , , , , , , , , , , , , , , , , , , , , , , , , , , , , , , , , ,10.3,58.4,SCS,50,996,3.00000,12, , , , , , , , , , , , , , , , , , , , , , , , , , , , , , , , , , , , , , , , , , , , , , , , , , , , , , , , , , , , , , , , , , , , , , , , , , , , , , , , , , , , , , , , , , ,9,285
2023292N11063,2023,75,NI,AS,TEJ,2023-10-21 09:00:00,TS,10.3,57.8,50,995,newdelhi,main,442,387,P____O_________, ,IO052023,10.4,57.7, ,TS,63,990,0,50,43,38,48,23,18,18,23, , , , ,1010,195,13, , , , , , , , , , , , , , , , , , , , , , , , , , , , , , , , , , ,10.2,57.9,SCS,50,995,3.00000,13, , , , , , , , , , , , , , , , , , , , , , , , , , , , , , , , , , , , , , , , , , , , , , , , , , , , , , , , , , , , , , , , , , , , , , , , , , , , , , , , , , , , , , , , , , ,9,295
2023292N11063,2023,75,NI,AS,TEJ,2023-10-21 12:00:00,TS,10.7,57.4,55,992,newdelhi,main,380,325,O____O_________,jtwc_io,IO052023,10.7,57.4, ,TY,70,984,1,60,50,45,55,25,20,20,25, , , , ,1009,200,5, , , , , , , , , , , , , , , , , , , , , , , , , , , , , , , , , , ,10.6,57.4,SCS,55,992,3.50000,16, , , , , , , , , , , , , , , , , , , , , , , , , , , , , , , , , , , , , , , , , , , , , , , , , , , , , , , , , , , , , , , , , , , , , , , , , , , , , , , , , , , , , , , , , , ,11,310
2023292N11063,2023,75,NI,AS,TEJ,2023-10-21 15:00:00,TS,11.1,57.0,65,988,newdelhi,main,319,271,P____O_________, ,IO052023,11.0,57.0, ,TY,88,971,2,70,55,50,63,28,23,23,25, , , , ,1009,200,5, , , , , , , , , , , , , , , , , , , , , , , , , , , , , , , , , , ,11.1,57.0,VSCS,65,988,4.00000,20, , , , , , , , , , , , , , , , , , , , , , , , , , , , , , , , , , , , , , , , , , , , , , , , , , , , , , , , , , , , , , , , , , , , , , , , , , , , , , , , , , , , , , , , , , ,11,310
2023292N11063,2023,75,NI,AS,TEJ,2023-10-21 18:00:00,TS,11.4,56.6,75,980,newdelhi,main,265,201,O____O_________,jtwc_io,IO052023,11.4,56.5, ,TY,105,958,3,80,60,55,70,30,25,25,25,10,10,10,10,1009,200,5,10, , , , , , , , , , , , , , , , , , , , , , , , , , , , , , , , , ,11.3,56.6,VSCS,75,980,4.50000,28, , , , , , , , , , , , , , , , , , , , , , , , , , , , , , , , , , , , , , , , , , , , , , , , , , , , , , , , , , , , , , , , , , , , , , , , , , , , , , , , , , , , , , , , , , ,11,310
2023292N11063,2023,75,NI,AS,TEJ,2023-10-21 21:00:00,TS,11.7,56.1,80,976,newdelhi,main,201,166,P____O_________, ,IO052023,11.8,56.1, ,TY,105,959,3,80,60,55,70,30,25,25,25,15,13,13,13,1010,200,5, , , , , , , , , , , , , , , , , , , , , , , , , , , , , , , , , , ,11.7,56.1,VSCS,80,976,4.50000,32, , , , , , , , , , , , , , , , , , , , , , , , , , , , , , , , , , , , , , , , , , , , , , , , , , , , , , , , , , , , , , , , , , , , , , , , , , , , , , , , , , , , , , , , , , ,10,320
2023292N11063,2023,75,NI,AS,TEJ,2023-10-22 00:00:00,TS,12.1,55.9,85,972,newdelhi,main,162,103,O____O_________,jtwc_io,IO052023,12.1,55.8, ,TY,105,959,3,80,60,55,70,30,25,25,25,20,15,15,15,1010,200,5,10, , , , , , , , , , , , , , , , , , , , , , , , , , , , , , , , , ,12.0,56.0,VSCS,85,972,4.50000,36, , , , , , , , , , , , , , , , , , , , , , , , , , , , , , , , , , , , , , , , , , , , , , , , , , , , , , , , , , , , , , , , , , , , , , , , , , , , , , , , , , , , , , , , , , ,9,310
2023292N11063,2023,75,NI,AS,TEJ,2023-10-22 03:00:00,TS,12.4,55.4,95,964,newdelhi,main,100,65,P____O_________, ,IO052023,12.4,55.4, ,TY,103,961,3,80,60,55,70,30,28,28,28,20,18,18,18,1010,185,6, , , , , , , , , , , , , , , , , , , , , , , , , , , , , , , , , , ,12.3,55.4,ESCS,95,964,5.00000,44, , , , , , , , , , , , , , , , , , , , , , , , , , , , , , , , , , , , , , , , , , , , , , , , , , , , , , , , , , , , , , , , , , , , , , , , , , , , , , , , , , , , , , , , , , ,10,305
2023292N11063,2023,75,NI,AS,TEJ,2023-10-22 06:00:00,TS,12.7,55.1,95,964,newdelhi,main,66,39,O____O_________,jtwc_io,IO052023,12.7,55.0, ,TY,100,962,3,80,60,55,70,30,30,30,30,20,20,20,20,1009,170,7,10, , , , , , , , , , , , , , , , , , , , , , , , , , , , , , , , , ,12.6,55.1,ESCS,95,964,5.00000,44, , , , , , , , , , , , , , , , , , , , , , , , , , , , , , , , , , , , , , , , , , , , , , , , , , , , , , , , , , , , , , , , , , , , , , , , , , , , , , , , , , , , , , , , , , ,10,310
2023292N11063,2023,75,NI,AS,TEJ,2023-10-22 09:00:00,TS,13.0,54.7,95,964,newdelhi,main,49,46,P____O_________, ,IO052023,13.1,54.6, ,TY,100,962,3,90,60,53,75,40,40,38,38,28,28,25,28,1010,168,6, , , , , , , , , , , , , , , , , , , , , , , , , , , , , , , , , , ,12.9,54.7,ESCS,95,964,5.00000,44, , , , , , , , , , , , , , , , , , , , , , , , , , , , , , , , , , , , , , , , , , , , , , , , , , , , , , , , , , , , , , , , , , , , , , , , , , , , , , , , , , , , , , , , , , ,10,315
2023292N11063,2023,75,NI,AS,TEJ,2023-10-22 12:00:00,TS,13.4,54.4,95,964,newdelhi,main,89,89,O____O_________,jtwc_io,IO052023,13.4,54.3, ,TY,100,961,3,100,60,50,80,50,50,45,45,35,35,30,35,1010,165,5, , , , , , , , , , , , , , , , , , , , , , , , , , , , , , , , , , ,13.3,54.4,ESCS,95,964,5.00000,44, , , , , , , , , , , , , , , , , , , , , , , , , , , , , , , , , , , , , , , , , , , , , , , , , , , , , , , , , , , , , , , , , , , , , , , , , , , , , , , , , , , , , , , , , , ,9,320
2023292N11063,2023,75,NI,AS,TEJ,2023-10-22 15:00:00,TS,13.6,54.1,95,964,newdelhi,main,111,111,P____O_________, ,IO052023,13.7,54.0, ,TY,103,961,3,100,60,50,80,50,50,45,45,35,35,30,35,1011,158,9, , , , , , , , , , , , , , , , , , , , , , , , , , , , , , , , , , ,13.6,54.1,ESCS,95,964,5.00000,44, , , , , , , , , , , , , , , , , , , , , , , , , , , , , , , , , , , , , , , , , , , , , , , , , , , , , , , , , , , , , , , , , , , , , , , , , , , , , , , , , , , , , , , , , , ,7,315
2023292N11063,2023,75,NI,AS,TEJ,2023-10-22 18:00:00,TS,13.9,53.9,95,964,newdelhi,main,145,145,O____O_________,jtwc_io,IO052023,13.9,53.8, ,TY,105,960,3,100,60,50,80,50,50,45,45,35,35,30,35,1011,150,12,15, , , , , , , , , , , , , , , , , , , , , , , , , , , , , , , , , ,13.8,53.9,ESCS,95,964,5.00000,44, , , , , , , , , , , , , , , , , , , , , , , , , , , , , , , , , , , , , , , , , , , , , , , , , , , , , , , , , , , , , , , , , , , , , , , , , , , , , , , , , , , , , , , , , , ,7,310
2023292N11063,2023,75,NI,AS,TEJ,2023-10-22 21:00:00,TS,14.1,53.5,95,966,newdelhi,main,167,167,P____O_________, ,IO052023,14.1,53.5, ,TY,95,968,2,95,60,50,75,48,48,45,45,33,33,30,33,1011,150,14, , , , , , , , , , , , , , , , , , , , , , , , , , , , , , , , , , ,14.1,53.6,ESCS,95,966,5.00000,42, , , , , , , , , , , , , , , , , , , , , , , , , , , , , , , , , , , , , , , , , , , , , , , , , , , , , , , , , , , , , , , , , , , , , , , , , , , , , , , , , , , , , , , , , , ,7,315
2023292N11063,2023,75,NI,AS,TEJ,2023-10-23 00:00:00,TS,14.3,53.4,90,968,newdelhi,main,190,156,O____O_________,jtwc_io,IO052023,14.2,53.2, ,TY,85,976,2,90,60,50,70,45,45,45,45,30,30,30,30,1011,150,15, , , , , , , , , , , , , , , , , , , , , , , , , , , , , , , , , , ,14.4,53.5,ESCS,90,968,5.00000,40, , , , , , , , , , , , , , , , , , , , , , , , , , , , , , , , , , , , , , , , , , , , , , , , , , , , , , , , , , , , , , , , , , , , , , , , , , , , , , , , , , , , , , , , , , ,7,315
2023292N11063,2023,75,NI,AS,TEJ,2023-10-23 03:00:00,TS,14.6,53.1,85,972,newdelhi,main,147,116,P____O_________, ,IO052023,14.4,53.0, ,TY,83,978,2,85,60,50,65,43,43,45,43,28,28,28,28,1010,140,15, , , , , , , , , , , , , , , , , , , , , , , , , , , , , , , , , , ,14.7,53.2,VSCS,85,972,4.50000,36, , , , , , , , , , , , , , , , , , , , , , , , , , , , , , , , , , , , , , , , , , , , , , , , , , , , , , , , , , , , , , , , , , , , , , , , , , , , , , , , , , , , , , , , , , ,7,320
2023292N11063,2023,75,NI,AS,TEJ,2023-10-23 06:00:00,TS,14.9,52.9,80,976,newdelhi,main,108,93,O____O_________,jtwc_io,IO052023,14.7,52.8, ,TY,80,980,1,80,60,50,60,40,40,45,40,25,25,25,25,1009,130,15, , , , , , , , , , , , , , , , , , , , , , , , , , , , , , , , , , ,15.0,52.9,VSCS,80,976,4.50000,32, , , , , , , , , , , , , , , , , , , , , , , , , , , , , , , , , , , , , , , , , , , , , , , , , , , , , , , , , , , , , , , , , , , , , , , , , , , , , , , , , , , , , , , , , , ,6,325
2023292N11063,2023,75,NI,AS,TEJ,2023-10-23 09:00:00,TS,15.1,52.7,80,978,newdelhi,main,77,63,P____O_________, ,IO052023,15.0,52.7, ,TY,75,981,1,73,60,50,58,38,40,43,38,23,23,23,23,1009,118,15, , , , , , , , , , , , , , , , , , , , , , , , , , , , , , , , , , ,15.1,52.8,VSCS,80,978,4.50000,30, , , , , , , , , , , , , , , , , , , , , , , , , , , , , , , , , , , , , , , , , , , , , , , , , , , , , , , , , , , , , , , , , , , , , , , , , , , , , , , , , , , , , , , , , , ,5,340
2023292N11063,2023,75,NI,AS,TEJ,2023-10-23 12:00:00,TS,15.4,52.7,75,981,newdelhi,main,58,32,O____O_________,jtwc_io,IO052023,15.3,52.6, ,TY,70,982,1,65,60,50,55,35,40,40,35,20,20,20,20,1008,105,15, , , , , , , , , , , , , , , , , , , , , , , , , , , , , , , , , , ,15.4,52.7,VSCS,75,981,4.00000,27, , , , , , , , , , , , , , , , , , , , , , , , , , , , , , , , , , , , , , , , , , , , , , , , , , , , , , , , , , , , , , , , , , , , , , , , , , , , , , , , ,90, , , , , , , , , ,6,330
2023292N11063,2023,75,NI,AS,TEJ,2023-10-23 15:00:00,TS,15.6,52.5,70,984,newdelhi,main,32,10,P____O_________, ,IO052023,15.5,52.4, ,TY,68,984,1,58,60,53,50,33,38,38,33,15,15,15,15,1008,103,18, , , , , , , , , , , , , , , , , , , , , , , , , , , , , , , , , , ,15.6,52.5,VSCS,70,984,4.00000,24, , , , , , , , , , , , , , , , , , , , , , , , , , , , , , , , , , , , , , , , , , , , , , , , , , , , , , , , , , , , , , , , , , , , , , , , , , , , , , , , , , , , , , , , , , ,5,320
2023292N11063,2023,75,NI,AS,TEJ,2023-10-23 18:00:00,TS,15.8,52.3,70,986,newdelhi,main,10,10,O____O_________,jtwc_io,IO052023,15.7,52.3, ,TY,65,986,1,50,60,55,45,30,35,35,30,10,10,10,10,1008,100,20, , , , , , , , , , , , , , , , , , , , , , , , , , , , , , , , , , ,15.8,52.3,VSCS,70,986,4.00000,22, , , , , , , , , , , , , , , , , , , , , , , , , , , , , , , , , , , , , , , , , , , , , , , , , , , , , , , , , , , , , , , , , , , , , , , , , , , , , , , , , , , , , , , , , , ,3,330
2023292N11063,2023,75,NI,AS,TEJ,2023-10-23 21:00:00,TS,15.8,52.3,65,988,newdelhi,main,10,10,P____O_________, ,IO052023,15.8,52.4, ,TY,55,993,0,40,45,43,38,15,17,17,15, , , , ,1009,98,20, , , , , , , , , , , , , , , , , , , , , , , , , , , , , , , , , , ,15.9,52.2,VSCS,65,988,4.00000,20, , , , , , , , , , , , , , , , , , , , , , , , , , , , , , , , , , , , , , , , , , , , , , , , , , , , , , , , , , , , , , , , , , , , , , , , , , , , , , , , , , , , , , , , , , ,1,345
2023292N11063,2023,75,NI,AS,TEJ,2023-10-24 00:00:00,TS,15.9,52.3,60,990,newdelhi,main,10,0,O____O_________,jtwc_io,IO052023,15.8,52.4, ,TS,45,999,0,30,30,30,30, , , , , , , , ,1010,95,20, , , , , , , , , , , , , , , , , , , , , , , , , , , , , , , , , , ,15.9,52.1,SCS,60,990,0.00000,18, , , , , , , , , , , , , , , , , , , , , , , , , , , , , , , , , , , , , , , , , , , , , , , , , , , , , , , , , , , , , , , , , , , , , , , , , , , , , , , , , , , , , , , , , , ,3,270
2023292N11063,2023,75,NI,AS,TEJ,2023-10-24 03:00:00,TS,15.8,51.9,50,996,newdelhi,main,0,0,P____O_________, ,IO052023,15.7,52.1, ,TS,38,998,0,15,15,15,15, , , , , , , , , , ,20, , , , , , , , , , , , , , , , , , , , , , , , , , , , , , , , , , ,16.0,51.8,SCS,50,996,0.00000,12, , , , , , , , , , , , , , , , , , , , , , , , , , , , , , , , , , , , , , , , , , , , , , , , , , , , , , , , , , , , , , , , , , , , , , , , , , , , , , , , , , , , , , , , , , ,6,275
2023292N11063,2023,75,NI,AS,TEJ,2023-10-24 06:00:00,TS,15.9,51.6,40,1000,newdelhi,main,0,0,O____O_________,jtwc_io,IO052023,15.7,51.7, ,TD,30,997,-1, , , , , , , , , , , , , , ,20, , , , , , , , , , , , , , , , , , , , , , , , , , , , , , , , , , ,16.1,51.5,CS,40,1000,0.00000,8, , , , , , , , , , , , , , , , , , , , , , , , , , , , , , , , , , , , , , , , , , , , , , , , , , , , , , , , , , , , , , , , , , , , , , , , , , , , , , , , , , , , , , , , , , ,5,290
2023292N11063,2023,75,NI,AS,TEJ,2023-10-24 09:00:00,TS,16.1,51.4,30,1002,newdelhi,main,0,0,P____O_________, ,IO052023,16.0,51.5, ,TD,25,999,-1, , , , , , , , , , , , , , ,25, , , , , , , , , , , , , , , , , , , , , , , , , , , , , , , , , , ,16.1,51.3,DD,30,1002,0.00000,6, , , , , , , , , , , , , , , , , , , , , , , , , , , , , , , , , , , , , , , , , , , , , , , , , , , , , , , , , , , , , , , , , , , , , , , , , , , , , , , , , , , , , , , , , , ,6,325
2023292N11063,2023,75,NI,AS,TEJ,2023-10-24 12:00:00,MX,16.4,51.3,25,1004,newdelhi,main,0, ,O____O_________,jtwc_io,IO052023,16.5,51.5, ,DB,20,1001,-3, , , , , , , , , , , , ,1010,60,30, , , , , , , , , , , , , , , , , , , , , , , , , , , , , , , , , , ,16.2,51.0,D,25,1004,0.00000,4, , , , , , , , , , , , , , , , , , , , , , , , , , , , , , , , , , , , , , , , , , , , , , , , , , , , , , , , , , , , , , , , , , , , , , , , , , , , , , , , , , , , , , , , , , ,7,330
2023293N12089,2023,78,NI,BB,HAMOON,2023-10-20 06:00:00,DS,12.4,88.6, , , ,main,725,719,O______________,jtwc_io,IO062023,12.4,88.6, ,DB,15,1010,-3, , , , , , , , , , , , , , , , , , , , , , , , , , , , , , , , , , , , , , , , , , , , , , , , , , , , , , , , , , , , , , , , , , , , , , , , , , , , , , , , , , , , , , , , , , , , , , , , , , , , , , , , , , , , , , , , , , , , , , , , , , , , , , , , , , , , , , , , , , , , , , , , , , ,4,335
2023293N12089,2023,78,NI,BB,HAMOON,2023-10-20 09:00:00,DS,12.6,88.5, , , ,main,722,716,P______________, ,IO062023,12.6,88.5, ,DB,15,1010,-3, , , , , , , , , , , , , , , , , , , , , , , , , , , , , , , , , , , , , , , , , , , , , , , , , , , , , , , , , , , , , , , , , , , , , , , , , , , , , , , , , , , , , , , , , , , , , , , , , , , , , , , , , , , , , , , , , , , , , , , , , , , , , , , , , , , , , , , , , , , , , , , , , , ,4,325
2023293N12089,2023,78,NI,BB,HAMOON,2023-10-20 12:00:00,DS,12.7,88.4, , , ,main,726,726,O______________,jtwc_io,IO062023,12.7,88.4, ,DB,15,1010,-3, , , , , , , , , , , , , , , , , , , , , , , , , , , , , , , , , , , , , , , , , , , , , , , , , , , , , , , , , , , , , , , , , , , , , , , , , , , , , , , , , , , , , , , , , , , , , , , , , , , , , , , , , , , , , , , , , , , , , , , , , , , , , , , , , , , , , , , , , , , , , , , , , , ,3,300
2023293N12089,2023,78,NI,BB,HAMOON,2023-10-20 15:00:00,DS,12.7,88.2, , , ,main,744,739,P______________, ,IO062023,12.7,88.2, ,DB,15, ,-3, , , , , , , , , , , , , , , , , , , , , , , , , , , , , , , , , , , , , , , , , , , , , , , , , , , , , , , , , , , , , , , , , , , , , , , , , , , , , , , , , , , , , , , , , , , , , , , , , , , , , , , , , , , , , , , , , , , , , , , , , , , , , , , , , , , , , , , , , , , , , , , , , , ,4,285
2023293N12089,2023,78,NI,BB,HAMOON,2023-10-20 18:00:00,DS,12.8,88.0, , , ,main,743,713,O______________,jtwc_io,IO062023,12.8,88.0, ,DB,15, ,-3, , , , , , , , , , , , , , , , , , , , , , , , , , , , , , , , , , , , , , , , , , , , , , , , , , , , , , , , , , , , , , , , , , , , , , , , , , , , , , , , , , , , , , , , , , , , , , , , , , , , , , , , , , , , , , , , , , , , , , , , , , , , , , , , , , , , , , , , , , , , , , , , , , ,5,295
2023293N12089,2023,78,NI,BB,HAMOON,2023-10-20 21:00:00,DS,13.0,87.8, , , ,main,713,674,P______________, ,IO062023,13.0,87.8, ,DB,15, ,-3, , , , , , , , , , , , , , , , , , , , , , , , , , , , , , , , , , , , , , , , , , , , , , , , , , , , , , , , , , , , , , , , , , , , , , , , , , , , , , , , , , , , , , , , , , , , , , , , , , , , , , , , , , , , , , , , , , , , , , , , , , , , , , , , , , , , , , , , , , , , , , , , , , ,6,310
2023293N12089,2023,78,NI,BB,HAMOON,2023-10-21 00:00:00,DS,13.2,87.5, , , ,main,674,659,O______________,jtwc_io,IO062023,13.2,87.5, ,DB,15, ,-3, , , , , , , , , , , , , , , , , , , , , , , , , , , , , , , , , , , , , , , , , , , , , , , , , , , , , , , , , , , , , , , , , , , , , , , , , , , , , , , , , , , , , , , , , , , , , , , , , , , , , , , , , , , , , , , , , , , , , , , , , , , , , , , , , , , , , , , , , , , , , , , , , , ,5,315
2023293N12089,2023,78,NI,BB,HAMOON,2023-10-21 03:00:00,DS,13.4,87.3, , , ,main,643,612,P______________, ,IO062023,13.4,87.3, ,DB,18, ,-3, , , , , , , , , , , , , , , , , , , , , , , , , , , , , , , , , , , , , , , , , , , , , , , , , , , , , , , , , , , , , , , , , , , , , , , , , , , , , , , , , , , , , , , , , , , , , , , , , , , , , , , , , , , , , , , , , , , , , , , , , , , , , , , , , , , , , , , , , , , , , , , , , , ,6,315
2023293N12089,2023,78,NI,BB,HAMOON,2023-10-21 06:00:00,DS,13.6,87.1, , , ,main,612,534,O______________,jtwc_io,IO062023,13.6,87.1, ,DB,20,1008,-3, , , , , , , , , , , , , , , , , , , , , , , , , , , , , , , , , , , , , , , , , , , , , , , , , , , , , , , , , , , , , , , , , , , , , , , , , , , , , , , , , , , , , , , , , , , , , , , , , , , , , , , , , , , , , , , , , , , , , , , , , , , , , , , , , , , , , , , , , , , , , , , , , , ,11,315
2023293N12089,2023,78,NI,BB,HAMOON,2023-10-21 09:00:00,DS,14.1,86.5, , , ,main,527,449,P______________, ,IO062023,14.1,86.5, ,DB,23,1007,-3, , , , , , , , , , , , , , , , , , , , , , , , , , , , , , , , , , , , , , , , , , , , , , , , , , , , , , , , , , , , , , , , , , , , , , , , , , , , , , , , , , , , , , , , , , , , , , , , , , , , , , , , , , , , , , , , , , , , , , , , , , , , , , , , , , , , , , , , , , , , , , , , , , ,15,315
2023293N12089,2023,78,NI,BB,HAMOON,2023-10-21 12:00:00,TS,14.6,86.0, , , ,main,449,410,O______________,jtwc_io,IO062023,14.6,86.0, ,TD,25,1005,-1, , , , , , , , , , , , ,1011,225,25, , , , , , , , , , , , , , , , , , , , , , , , , , , , , , , , , , , , , , , , , , , , , , , , , , , , , , , , , , , , , , , , , , , , , , , , , , , , , , , , , , , , , , , , , , , , , , , , , , , , , , , , , , , , , , , , , , , , , , , , , , , , , , , , , , , ,11,325
2023293N12089,2023,78,NI,BB,HAMOON,2023-10-21 15:00:00,TS,15.0,85.8, , , ,main,402,401,P______________, ,IO062023,15.0,85.8, ,TD,25,1003,-1, , , , , , , , , , , , ,1011,225,25, , , , , , , , , , , , , , , , , , , , , , , , , , , , , , , , , , , , , , , , , , , , , , , , , , , , , , , , , , , , , , , , , , , , , , , , , , , , , , , , , , , , , , , , , , , , , , , , , , , , , , , , , , , , , , , , , , , , , , , , , , , , , , , , , , , ,5,0
2023293N12089,2023,78,NI,BB,HAMOON,2023-10-21 18:00:00,TS,15.1,86.0,25,1003,newdelhi,main,409,407,O____O_________,jtwc_io,IO062023,15.2,85.9, ,TD,25,1001,-1, , , , , , , , , , , , ,1011,225,25, , , , , , , , , , , , , , , , , , , , , , , , , , , , , , , , , , ,14.7,86.4,D,25,1003,1.50000,3, , , , , , , , , , , , , , , , , , , , , , , , , , , , , , , , , , , , , , , , , , , , , , , , , , , , , , , , , , , , , , , , , , , , , , , , , , , , , , , , , , , , , , , , , , ,4,50
2023293N12089,2023,78,NI,BB,HAMOON,2023-10-21 21:00:00,TS,15.2,86.1,25,1003,newdelhi,main,407,407,P____O_________, ,IO062023,15.4,86.0, ,TD,28,1000,-1, , , , , , , , , , , , ,1011,225,25, , , , , , , , , , , , , , , , , , , , , , , , , , , , , , , , , , ,14.8,86.3,D,25,1003,1.50000,3, , , , , , , , , , , , , , , , , , , , , , , , , , , , , , , , , , , , , , , , , , , , , , , , , , , , , , , , , , , , , , , , , , , , , , , , , , , , , , , , , , , , , , , , , , ,3,60
2023293N12089,2023,78,NI,BB,HAMOON,2023-10-22 00:00:00,TS,15.2,86.2,25,1003,newdelhi,main,412,403,O____O_________,jtwc_io,IO062023,15.5,86.2, ,TD,30,999,-1, , , , , , , , , , , , ,1011,225,25, , , , , , , , , , , , , , , , , , , , , , , , , , , , , , , , , , ,14.9,86.3,D,25,1003,1.50000,3, , , , , , , , , , , , , , , , , , , , , , , , , , , , , , , , , , , , , , , , , , , , , , , , , , , , , , , , , , , , , , , , , , , , , , , , , , , , , , , , , , , , , , , , , , ,2,45
2023293N12089,2023,78,NI,BB,HAMOON,2023-10-22 03:00:00,TS,15.3,86.2,25,1003,newdelhi,main,403,391,P____O_________, ,IO062023,15.6,86.3, ,TD,30,999,-1, , , , , , , , , , , , ,1012,230,25, , , , , , , , , , , , , , , , , , , , , , , , , , , , , , , , , , ,15.0,86.2,D,25,1003,1.50000,3, , , , , , , , , , , , , , , , , , , , , , , , , , , , , , , , , , , , , , , , , , , , , , , , , , , , , , , , , , , , , , , , , , , , , , , , , , , , , , , , , , , , , , , , , , ,3,10
2023293N12089,2023,78,NI,BB,HAMOON,2023-10-22 06:00:00,TS,15.5,86.3,25,1003,newdelhi,main,391,380,O____O_________,jtwc_io,IO062023,15.7,86.4, ,TD,30,999,-1, , , , , , , , , , , , ,1012,235,25, , , , , , , , , , , , , , , , , , , , , , , , , , , , , , , , , , ,15.3,86.2,D,25,1003,1.50000,4, , , , , , , , , , , , , , , , , , , , , , , , , , , , , , , , , , , , , , , , , , , , , , , , , , , , , , , , , , , , , , , , , , , , , , , , , , , , , , , , , , , , , , , , , , ,4,25
2023293N12089,2023,78,NI,BB,HAMOON,2023-10-22 09:00:00,TS,15.7,86.4,25,1002,newdelhi,main,380,378,P____O_________, ,IO062023,15.8,86.7, ,TD,30,998,-1, , , , , , , , , , , , ,1011,200,25, , , , , , , , , , , , , , , , , , , , , , , , , , , , , , , , , , ,15.6,86.2,D,25,1002,1.50000,4, , , , , , , , , , , , , , , , , , , , , , , , , , , , , , , , , , , , , , , , , , , , , , , , , , , , , , , , , , , , , , , , , , , , , , , , , , , , , , , , , , , , , , , , , , ,5,40
2023293N12089,2023,78,NI,BB,HAMOON,2023-10-22 12:00:00,TS,15.9,86.6,30,1001,newdelhi,main,377,369,O____O_________,jtwc_io,IO062023,15.9,86.9, ,TD,30,997,-1, , , , , , , , , , , , ,1010,165,25, , , , , , , , , , , , , , , , , , , , , , , , , , , , , , , , , , ,15.8,86.3,DD,30,1001,2.00000,5, , , , , , , , , , , , , , , , , , , , , , , , , , , , , , , , , , , , , , , , , , , , , , , , , , , , , , , , , , , , , , , , , , , , , , , , , , , , , , , , , , , , , , , , , , ,5,30
2023293N12089,2023,78,NI,BB,HAMOON,2023-10-22 15:00:00,TS,16.2,86.7,30,1001,newdelhi,main,362,362,P____O_________, ,IO062023,15.9,87.0, ,TD,30,997,-1, , , , , , , , , , , , ,1010,165,25, , , , , , , , , , , , , , , , , , , , , , , , , , , , , , , , , , ,16.4,86.4,DD,30,1001,2.00000,5, , , , , , , , , , , , , , , , , , , , , , , , , , , , , , , , , , , , , , , , , , , , , , , , , , , , , , , , , , , , , , , , , , , , , , , , , , , , , , , , , , , , , , , , , , ,4,20
2023293N12089,2023,78,NI,BB,HAMOON,2023-10-22 18:00:00,TS,16.2,86.8,30,1001,newdelhi,main,369,354,O____O_________,jtwc_io,IO062023,16.0,87.0, ,TD,30,997,-1, , , , , , , , , , , , ,1010,165,25, , , , , , , , , , , , , , , , , , , , , , , , , , , , , , , , , , ,16.4,86.5,DD,30,1001,2.00000,5, , , , , , , , , , , , , , , , , , , , , , , , , , , , , , , , , , , , , , , , , , , , , , , , , , , , , , , , , , , , , , , , , , , , , , , , , , , , , , , , , , , , , , , , , , ,3,25
2023293N12089,2023,78,NI,BB,HAMOON,2023-10-22 21:00:00,TS,16.4,86.8,30,1001,newdelhi,main,354,330,P____O_________, ,IO062023,16.4,87.0, ,TD,30,997,-1, , , , , , , , , , , , ,1010,165,25, , , , , , , , , , , , , , , , , , , , , , , , , , , , , , , , , , ,16.4,86.6,DD,30,1001,2.00000,5, , , , , , , , , , , , , , , , , , , , , , , , , , , , , , , , , , , , , , , , , , , , , , , , , , , , , , , , , , , , , , , , , , , , , , , , , , , , , , , , , , , , , , , , , , ,6,10
2023293N12089,2023,78,NI,BB,HAMOON,2023-10-23 00:00:00,TS,16.8,86.9,30,1001,newdelhi,main,330,315,O____O_________,jtwc_io,IO062023,16.8,87.0, ,TD,30,997,-1, , , , , , , , , , , , ,1010,165,25, , , , , , , , , , , , , , , , , , , , , , , , , , , , , , , , , , ,16.7,86.7,DD,30,1001,2.00000,5, , , , , , , , , , , , , , , , , , , , , , , , , , , , , , , , , , , , , , , , , , , , , , , , , , , , , , , , , , , , , , , , , , , , , , , , , , , , , , , , , , , , , , , , , , ,7,5
2023293N12089,2023,78,NI,BB,HAMOON,2023-10-23 03:00:00,TS,17.1,86.9,30,1001,newdelhi,main,308,295,P____O_________, ,IO062023,17.1,87.0, ,TD,38,998,0,47,30,10,15, , , , , , , , ,1010,168,25, , , , , , , , , , , , , , , , , , , , , , , , , , , , , , , , , , ,17.0,86.8,DD,30,1001,2.00000,5, , , , , , , , , , , , , , , , , , , , , , , , , , , , , , , , , , , , , , , , , , , , , , , , , , , , , , , , , , , , , , , , , , , , , , , , , , , , , , , , , , , , , , , , , , ,7,10
2023293N12089,2023,78,NI,BB,HAMOON,2023-10-23 06:00:00,TS,17.5,87.0,30,1000,newdelhi,main,284,249,O____O_________,jtwc_io,IO062023,17.5,87.0, ,TS,45,999,0,95,60,20,30, , , , , , , , ,1010,170,25, , , , , , , , , , , , , , , , , , , , , , , , , , , , , , , , , , ,17.4,87.0,DD,30,1000,2.00000,6, , , , , , , , , , , , , , , , , , , , , , , , , , , , , , , , , , , , , , , , , , , , , , , , , , , , , , , , , , , , , , , , , , , , , , , , , , , , , , , , , , , , , , , , , , ,9,20
2023293N12089,2023,78,NI,BB,HAMOON,2023-10-23 09:00:00,TS,17.9,87.2,30,1000,newdelhi,main,249,207,P____O_________, ,IO062023,18.0,87.2, ,TS,45,998,0,98,65,25,40, , , , , , , , ,1009,173,33, , , , , , , , , , , , , , , , , , , , , , , , , , , , , , , , , , ,17.9,87.2,DD,30,1000,2.00000,6, , , , , , , , , , , , , , , , , , , , , , , , , , , , , , , , , , , , , , , , , , , , , , , , , , , , , , , , , , , , , , , , , , , , , , , , , , , , , , , , , , , , , , , , , , ,10,20
2023293N12089,2023,78,NI,BB,HAMOON,2023-10-23 12:00:00,TS,18.4,87.4,35,999,newdelhi,main,207,191,O____O_________,jtwc_io,IO062023,18.5,87.5, ,TS,45,997,0,100,70,30,50, , , , , , , , ,1008,175,40, , , , , , , , , , , , , , , , , , , , , , , , , , , , , , , , , , ,18.3,87.3,CS,35,999,2.50000,7, , , , , , , , , , , , , , , , , , , , , , , , , , , , , , , , , , , , , , , , , , , , , , , , , , , , , , , , , , , , , , , , , , , , , , , , , , , , , , , , , , , , , , , , , , ,10,30
2023293N12089,2023,78,NI,BB,HAMOON,2023-10-23 15:00:00,TS,18.8,87.8,40,998,newdelhi,main,198,191,P____O_________, ,IO062023,18.9,87.9, ,TS,50,996,0,80,60,35,60,17,12,15,15, , , , ,1009,188,28, , , , , , , , , , , , , , , , , , , , , , , , , , , , , , , , , , ,18.7,87.6,CS,40,998,2.50000,8, , , , , , , , , , , , , , , , , , , , , , , , , , , , , , , , , , , , , , , , , , , , , , , , , , , , , , , , , , , , , , , , , , , , , , , , , , , , , , , , , , , , , , , , , , ,11,45
2023293N12089,2023,78,NI,BB,HAMOON,2023-10-23 18:00:00,TS,19.2,88.2,40,998,newdelhi,main,199,199,O____O_________,jtwc_io,IO062023,19.3,88.4, ,TS,55,994,0,60,50,40,70,35,25,30,30, , , , ,1010,200,15, , , , , , , , , , , , , , , , , , , , , , , , , , , , , , , , , , ,19.1,88.0,CS,40,998,3.00000,8, , , , , , , , , , , , , , , , , , , , , , , , , , , , , , , , , , , , , , , , , , , , , , , , , , , , , , , , , , , , , , , , , , , , , , , , , , , , , , , , , , , , , , , , , , ,10,50
2023293N12089,2023,78,NI,BB,HAMOON,2023-10-23 21:00:00,TS,19.4,88.6,50,994,newdelhi,main,221,212,P____O_________, ,IO062023,19.5,88.7, ,TS,65,988,1,63,43,43,65,30,25,30,30,10,10,10,10,1010,200,15, , , , , , , , , , , , , , , , , , , , , , , , , , , , , , , , , , ,19.3,88.4,SCS,50,994,3.50000,12, , , , , , , , , , , , , , , , , , , , , , , , , , , , , , , , , , , , , , , , , , , , , , , , , , , , , , , , , , , , , , , , , , , , , , , , , , , , , , , , , , , , , , , , , , ,9,55
2023293N12089,2023,78,NI,BB,HAMOON,2023-10-24 00:00:00,TS,19.7,89.0,55,990,newdelhi,main,212,183,O____O_________,jtwc_io,IO062023,19.7,89.1, ,TY,75,982,1,65,35,45,60,25,25,30,30,20,20,20,20,1010,200,15, , , , , , , , , , , , , , , , , , , , , , , , , , , , , , , , , , ,19.7,88.8,SCS,55,990,3.50000,16, , , , , , , , , , , , , , , , , , , , , , , , , , , , , , , , , , , , , , , , , , , , , , , , , , , , , , , , , , , , , , , , , , , , , , , , , , , , , , , , , , , , , , , , , , ,12,60
2023293N12089,2023,78,NI,BB,HAMOON,2023-10-24 03:00:00,TS,20.0,89.6,65,984,newdelhi,main,186,167,P____O_________, ,IO062023,20.0,89.7, ,TY,75,982,1,63,40,43,58,28,33,30,30,23,23,23,20,1010,200,13, , , , , , , , , , , , , , , , , , , , , , , , , , , , , , , , , , ,20.0,89.5,VSCS,65,984,4.00000,22, , , , , , , , , , , , , , , , , , , , , , , , , , , , , , , , , , , , , , , , , , , , , , , , , , , , , , , , , , , , , , , , , , , , , , , , , , , , , , , , , , , , , , , , , , ,13,60
2023293N12089,2023,78,NI,BB,HAMOON,2023-10-24 06:00:00,TS,20.3,90.2,65,985,newdelhi,main,156,133,O____O_________,jtwc_io,IO062023,20.4,90.4, ,TY,75,981,1,60,45,40,55,30,40,30,30,25,25,25,20,1010,200,10, , , , , , , , , , , , , , , , , , , , , , , , , , , , , , , , , , ,20.3,90.0,VSCS,65,985,4.00000,21, , , , , , , , , , , , , , , , , , , , , , , , , , , , , , , , , , , , , , , , , , , , , , , , , , , , , , , , , , , , , , , , , , , , , , , , , , , , , , , , , , , , , , , , , , ,13,55
2023293N12089,2023,78,NI,BB,HAMOON,2023-10-24 09:00:00,TS,20.7,90.8,65,986,newdelhi,main,137,106,P____O_________, ,IO062023,20.9,91.2, ,TY,83,976,2,60,48,38,50,30,35,30,33,23,23,23,25,1010,180,10, , , , , , , , , , , , , , , , , , , , , , , , , , , , , , , , , , ,20.6,90.4,VSCS,65,986,4.00000,20, , , , , , , , , , , , , , , , , , , , , , , , , , , , , , , , , , , , , , , , , , , , , , , , , , , , , , , , , , , , , , , , , , , , , , , , , , , , , , , , , , , , , , , , , , ,11,55
2023293N12089,2023,78,NI,BB,HAMOON,2023-10-24 12:00:00,TS,21.0,91.2,55,988,newdelhi,main,91,91,O____O_________,jtwc_io,IO062023,21.1,91.5, ,TY,90,970,2,60,50,35,45,30,30,30,35,20,20,20,30,1010,160,10, , , , , , , , , , , , , , , , , , , , , , , , , , , , , , , , , , ,20.8,90.8,SCS,55,988,3.50000,17, , , , , , , , , , , , , , , , , , , , , , , , , , , , , , , , , , , , , , , , , , , , , , , , , , , , , , , , , , , , , , , , , , , , , , , , , , , , , , , , , , , , , , , , , , ,3,50
2023293N12089,2023,78,NI,BB,HAMOON,2023-10-24 15:00:00,TS,20.9,91.0,55,990,newdelhi,main,114,114,P____O_________, ,IO062023,20.5,90.7, ,TY,75,980,1,55,45,30,38,30,25,25,28,10,10,10,15,1010,160,10, , , , , , , , , , , , , , , , , , , , , , , , , , , , , , , , , , ,21.3,91.3,SCS,55,990,3.50000,16, , , , , , , , , , , , , , , , , , , , , , , , , , , , , , , , , , , , , , , , , , , , , , , , , , , , , , , , , , , , , , , , , , , , , , , , , , , , , , , , , , , , , , , , , , ,3,255
2023293N12089,2023,78,NI,BB,HAMOON,2023-10-24 18:00:00,TS,20.9,90.8,50,994,newdelhi,main,118,51,O____O_________,jtwc_io,IO062023,20.1,90.0, ,TS,60,990,0,50,40,25,30,30,20,20,20, , , , ,1010,160,10, , , , , , , , , , , , , , , , , , , , , , , , , , , , , , , , , , ,21.6,91.6,SCS,50,994,3.00000,12, , , , , , , , , , , , , , , , , , , , , , , , , , , , , , , , , , , , , , , , , , , , , , , , , , , , , , , , , , , , , , , , , , , , , , , , , , , , , , , , , , , , , , , , , , ,8,35
2023293N12089,2023,78,NI,BB,HAMOON,2023-10-24 21:00:00,TS,21.5,91.5,45,996,newdelhi,main,41,0,P____O_________, ,IO062023,21.0,90.9, ,TS,48,997,0,55,45,38,43, , , , , , , , ,1010,160,10, , , , , , , , , , , , , , , , , , , , , , , , , , , , , , , , , , ,22.0,92.0,CS,45,996,0.00000,10, , , , , , , , , , , , , , , , , , , , , , , , , , , , , , , , , , , , , , , , , , , , , , , , , , , , , , , , , , , , , , , , , , , , , , , , , , , , , , , , , , , , , , , , , , ,19,45
2023293N12089,2023,78,NI,BB,HAMOON,2023-10-25 00:00:00,TS,22.2,92.2,35,999,newdelhi,main,0,0,O____O_________,jtwc_io,IO062023,22.2,92.1, ,TS,35,1004,0,60,50,50,55, , , , , , , , ,1010,160,10, , , , , , , , , , , , , , , , , , , , , , , , , , , , , , , , , , ,22.2,92.2,CS,35,999,0.00000,7, , , , , , , , , , , , , , , , , , , , , , , , , , , , , , , , , , , , , , , , , , , , , , , , , , , , , , , , , , , , , , , , , , , , , , , , , , , , , , , , , , , , , , , , , , ,14,40
2023293N12089,2023,78,NI,BB,HAMOON,2023-10-25 03:00:00,TS,22.5,92.4,30,1003,newdelhi,main,0,0,P____O_________, ,IO062023,22.7,92.4, ,TS,30,1006,-1, , , , , , , , , , , , , , ,13, , , , , , , , , , , , , , , , , , , , , , , , , , , , , , , , , , ,22.4,92.4,DD,30,1003,0.00000,5, , , , , , , , , , , , , , , , , , , , , , , , , , , , , , , , , , , , , , , , , , , , , , , , , , , , , , , , , , , , , , , , , , , , , , , , , , , , , , , , , , , , , , , , , , ,6,30
2023293N12089,2023,78,NI,BB,HAMOON,2023-10-25 06:00:00,TS,22.7,92.5,25,1004,newdelhi,main,0, ,O____O_________,jtwc_io,IO062023,22.7,92.2, ,TD,25,1007,-1, , , , , , , , , , , , , , ,15, , , , , , , , , , , , , , , , , , , , , , , , , , , , , , , , , , ,22.7,92.7,D,25,1004,0.00000,4, , , , , , , , , , , , , , , , , , , , , , , , , , , , , , , , , , , , , , , , , , , , , , , , , , , , , , , , , , , , , , , , , , , , , , , , , , , , , , , , , , , , , , , , , , ,3,5
2023317N10094,2023,84,NI,BB,MIDHILI,2023-11-13 06:00:00,DS,9.9,94.1, , , ,main,474,474,O______________,jtwc_io,IO072023,9.9,94.1, ,DB,15,1010,-3, , , , , , , , , , , , , , , , , , , , , , , , , , , , , , , , , , , , , , , , , , , , , , , , , , , , , , , , , , , , , , , , , , , , , , , , , , , , , , , , , , , , , , , , , , , , , , , , , , , , , , , , , , , , , , , , , , , , , , , , , , , , , , , , , , , , , , , , , , , , , , , , , , ,11,335
2023317N10094,2023,84,NI,BB,MIDHILI,2023-11-13 09:00:00,DS,10.4,93.9, , , ,main,503,503,P______________, ,IO072023,10.4,93.9, ,DB,18,1009,-3, , , , , , , , , , , , , , , , , , , , , , , , , , , , , , , , , , , , , , , , , , , , , , , , , , , , , , , , , , , , , , , , , , , , , , , , , , , , , , , , , , , , , , , , , , , , , , , , , , , , , , , , , , , , , , , , , , , , , , , , , , , , , , , , , , , , , , , , , , , , , , , , , , ,12,325
2023317N10094,2023,84,NI,BB,MIDHILI,2023-11-13 12:00:00,DS,10.9,93.4, , , ,main,558,529,O______________,jtwc_io,IO072023,10.9,93.4, ,DB,20,1007,-3, , , , , , , , , , , , , , , , , , , , , , , , , , , , , , , , , , , , , , , , , , , , , , , , , , , , , , , , , , , , , , , , , , , , , , , , , , , , , , , , , , , , , , , , , , , , , , , , , , , , , , , , , , , , , , , , , , , , , , , , , , , , , , , , , , , , , , , , , , , , , , , , , , ,16,310
2023317N10094,2023,84,NI,BB,MIDHILI,2023-11-13 15:00:00,DS,11.4,92.6, , , ,main,529,526,P______________, ,IO072023,11.4,92.6, ,DB,20,1007,-3, , , , , , , , , , , , , , , , , , , , , , , , , , , , , , , , , , , , , , , , , , , , , , , , , , , , , , , , , , , , , , , , , , , , , , , , , , , , , , , , , , , , , , , , , , , , , , , , , , , , , , , , , , , , , , , , , , , , , , , , , , , , , , , , , , , , , , , , , , , , , , , , , , ,19,300
2023317N10094,2023,84,NI,BB,MIDHILI,2023-11-13 18:00:00,DS,11.8,91.7, , , ,main,534,531,O______________,jtwc_io,IO072023,11.8,91.7, ,DB,20,1006,-3, , , , , , , , , , , , , , , , , , , , , , , , , , , , , , , , , , , , , , , , , , , , , , , , , , , , , , , , , , , , , , , , , , , , , , , , , , , , , , , , , , , , , , , , , , , , , , , , , , , , , , , , , , , , , , , , , , , , , , , , , , , , , , , , , , , , , , , , , , , , , , , , , , ,16,300
2023317N10094,2023,84,NI,BB,MIDHILI,2023-11-13 21:00:00,DS,12.1,91.1, , , ,main,546,537,P______________, ,IO072023,12.1,91.1, ,DB,20,1006,-3, , , , , , , , , , , , , , , , , , , , , , , , , , , , , , , , , , , , , , , , , , , , , , , , , , , , , , , , , , , , , , , , , , , , , , , , , , , , , , , , , , , , , , , , , , , , , , , , , , , , , , , , , , , , , , , , , , , , , , , , , , , , , , , , , , , , , , , , , , , , , , , , , , ,12,300
2023317N10094,2023,84,NI,BB,MIDHILI,2023-11-14 00:00:00,DS,12.4,90.6, , , ,main,559,559,O______________,jtwc_io,IO072023,12.4,90.6, ,DB,20,1006,-3, , , , , , , , , , , , , , , , , , , , , , , , , , , , , , , , , , , , , , , , , , , , , , , , , , , , , , , , , , , , , , , , , , , , , , , , , , , , , , , , , , , , , , , , , , , , , , , , , , , , , , , , , , , , , , , , , , , , , , , , , , , , , , , , , , , , , , , , , , , , , , , , , , ,12,295
2023317N10094,2023,84,NI,BB,MIDHILI,2023-11-14 03:00:00,DS,12.7,90.0, , , ,main,584,584,P______________, ,IO072023,12.7,90.0, ,DB,20,1006,-3, , , , , , , , , , , , , , , , , , , , , , , , , , , , , , , , , , , , , , , , , , , , , , , , , , , , , , , , , , , , , , , , , , , , , , , , , , , , , , , , , , , , , , , , , , , , , , , , , , , , , , , , , , , , , , , , , , , , , , , , , , , , , , , , , , , , , , , , , , , , , , , , , , ,13,295
2023317N10094,2023,84,NI,BB,MIDHILI,2023-11-14 06:00:00,DS,12.9,89.4, , , ,main,622,622,O______________,jtwc_io,IO072023,12.9,89.4, ,DB,20,1006,-3, , , , , , , , , , , , , , , , , , , , , , , , , , , , , , , , , , , , , , , , , , , , , , , , , , , , , , , , , , , , , , , , , , , , , , , , , , , , , , , , , , , , , , , , , , , , , , , , , , , , , , , , , , , , , , , , , , , , , , , , , , , , , , , , , , , , , , , , , , , , , , , , , , ,15,290
2023317N10094,2023,84,NI,BB,MIDHILI,2023-11-14 09:00:00,DS,13.2,88.6, , , ,main,679,679,P______________, ,IO072023,13.2,88.6, ,DB,20,1006,-3, , , , , , , , , , , , , , , , , , , , , , , , , , , , , , , , , , , , , , , , , , , , , , , , , , , , , , , , , , , , , , , , , , , , , , , , , , , , , , , , , , , , , , , , , , , , , , , , , , , , , , , , , , , , , , , , , , , , , , , , , , , , , , , , , , , , , , , , , , , , , , , , , , ,15,290
2023317N10094,2023,84,NI,BB,MIDHILI,2023-11-14 12:00:00,DS,13.4,87.9, , , ,main,682,648,O______________,jtwc_io,IO072023,13.4,87.9, ,DB,20,1005,-3, , , , , , , , , , , , , , , , , , , , , , , , , , , , , , , , , , , , , , , , , , , , , , , , , , , , , , , , , , , , , , , , , , , , , , , , , , , , , , , , , , , , , , , , , , , , , , , , , , , , , , , , , , , , , , , , , , , , , , , , , , , , , , , , , , , , , , , , , , , , , , , , , , ,12,285
2023317N10094,2023,84,NI,BB,MIDHILI,2023-11-14 15:00:00,DS,13.5,87.4, , , ,main,642,612,P______________, ,IO072023,13.5,87.4, ,DB,20,1005,-3, , , , , , , , , , , , , , , , , , , , , , , , , , , , , , , , , , , , , , , , , , , , , , , , , , , , , , , , , , , , , , , , , , , , , , , , , , , , , , , , , , , , , , , , , , , , , , , , , , , , , , , , , , , , , , , , , , , , , , , , , , , , , , , , , , , , , , , , , , , , , , , , , , ,8,285
2023317N10094,2023,84,NI,BB,MIDHILI,2023-11-14 18:00:00,DS,13.6,87.1, , , ,main,612,579,O______________,jtwc_io,IO072023,13.6,87.1, ,DB,20,1005,-3, , , , , , , , , , , , , , , , , , , , , , , , , , , , , , , , , , , , , , , , , , , , , , , , , , , , , , , , , , , , , , , , , , , , , , , , , , , , , , , , , , , , , , , , , , , , , , , , , , , , , , , , , , , , , , , , , , , , , , , , , , , , , , , , , , , , , , , , , , , , , , , , , , ,7,280
2023317N10094,2023,84,NI,BB,MIDHILI,2023-11-14 21:00:00,DS,13.6,86.7, , , ,main,579,549,P______________, ,IO072023,13.6,86.7, ,DB,20,1005,-3, , , , , , , , , , , , , , , , , , , , , , , , , , , , , , , , , , , , , , , , , , , , , , , , , , , , , , , , , , , , , , , , , , , , , , , , , , , , , , , , , , , , , , , , , , , , , , , , , , , , , , , , , , , , , , , , , , , , , , , , , , , , , , , , , , , , , , , , , , , , , , , , , , ,6,290
2023317N10094,2023,84,NI,BB,MIDHILI,2023-11-15 00:00:00,DS,13.8,86.5, , , ,main,549,518,O______________,jtwc_io,IO072023,13.8,86.5, ,DB,20,1004,-3, , , , , , , , , , , , , , , , , , , , , , , , , , , , , , , , , , , , , , , , , , , , , , , , , , , , , , , , , , , , , , , , , , , , , , , , , , , , , , , , , , , , , , , , , , , , , , , , , , , , , , , , , , , , , , , , , , , , , , , , , , , , , , , , , , , , , , , , , , , , , , , , , , ,7,355
2023317N10094,2023,84,NI,BB,MIDHILI,2023-11-15 03:00:00,MX,14.3,86.6,25,1005,newdelhi,main,518,489,P____O_________, ,IO072023,14.3,86.6, ,DB,20,1004,-3, , , , , , , , , , , , , , , , , , , , , , , , , , , , , , , , , , , , , , , , , , , , , , , , , ,14.5,86.8,D,25,1005,1.50000,3, , , , , , , , , , , , , , , , , , , , , , , , , , , , , , , , , , , , , , , , , , , , , , , , , , , , , , , , , , , , , , , , , , , , , , , , , , , , , , , , , , , , , , , , , , ,10,15
2023317N10094,2023,84,NI,BB,MIDHILI,2023-11-15 06:00:00,MX,14.8,86.7,25,1005,newdelhi,main,479,452,O____O_________,jtwc_io,IO072023,14.8,86.8, ,DB,20,1003,-3, , , , , , , , , , , , , , , , , , , , , , , , , , , , , , , , , , , , , , , , , , , , , , , , , ,14.7,86.6,D,25,1005,1.50000,3, , , , , , , , , , , , , , , , , , , , , , , , , , , , , , , , , , , , , , , , , , , , , , , , , , , , , , , , , , , , , , , , , , , , , , , , , , , , , , , , , , , , , , , , , , ,8,5
2023317N10094,2023,84,NI,BB,MIDHILI,2023-11-15 09:00:00,MX,15.1,86.7, , , ,main,452,426,P____P_________, ,IO072023,15.2,86.9, ,DB,20,1003,-3, , , , , , , , , , , , , , , , , , , , , , , , , , , , , , , , , , , , , , , , , , , , , , , , , ,15.0,86.5,D,25,1005, ,4, , , , , , , , , , , , , , , , , , , , , , , , , , , , , , , , , , , , , , , , , , , , , , , , , , , , , , , , , , , , , , , , , , , , , , , , , , , , , , , , , , , , , , , , , , ,6,355
2023317N10094,2023,84,NI,BB,MIDHILI,2023-11-15 12:00:00,MX,15.4,86.7,25,1004,newdelhi,main,426,394,O____O_________,jtwc_io,IO072023,15.5,86.9, ,DB,20,1002,-3, , , , , , , , , , , , , , , , , , , , , , , , , , , , , , , , , , , , , , , , , , , , , , , , , ,15.3,86.4,D,25,1004,1.50000,4, , , , , , , , , , , , , , , , , , , , , , , , , , , , , , , , , , , , , , , , , , , , , , , , , , , , , , , , , , , , , , , , , , , , , , , , , , , , , , , , , , , , , , , , , , ,6,355
2023317N10094,2023,84,NI,BB,MIDHILI,2023-11-15 15:00:00,MX,15.7,86.6, , , ,main,394,362,P____P_________, ,IO072023,15.8,86.9, ,DB,23,1001,-3, , , , , , , , , , , , , , , , , , , , , , , , , , , , , , , , , , , , , , , , , , , , , , , , , ,15.6,86.4,D,25,1004, ,4, , , , , , , , , , , , , , , , , , , , , , , , , , , , , , , , , , , , , , , , , , , , , , , , , , , , , , , , , , , , , , , , , , , , , , , , , , , , , , , , , , , , , , , , , , ,7,0
2023317N10094,2023,84,NI,BB,MIDHILI,2023-11-15 18:00:00,TS,16.1,86.7,25,1004,newdelhi,main,370,338,O____O_________,jtwc_io,IO072023,16.2,86.9, ,TD,25,999,-1, , , , , , , , , , , , ,1009,105,65, , , , , , , , , , , , , , , , , , , , , , , , , , , , , , , , , , ,16.0,86.4,D,25,1004,1.50000,4, , , , , , , , , , , , , , , , , , , , , , , , , , , , , , , , , , , , , , , , , , , , , , , , , , , , , , , , , , , , , , , , , , , , , , , , , , , , , , , , , , , , , , , , , , ,9,10
2023317N10094,2023,84,NI,BB,MIDHILI,2023-11-15 21:00:00,TS,16.6,86.8, , , ,main,338,308,P____P_________, ,IO072023,16.8,87.0, ,TD,28,999,-1, , , , , , , , , , , , ,1010,150,65, , , , , , , , , , , , , , , , , , , , , , , , , , , , , , , , , , ,16.4,86.6,D,28,1004, ,5, , , , , , , , , , , , , , , , , , , , , , , , , , , , , , , , , , , , , , , , , , , , , , , , , , , , , , , , , , , , , , , , , , , , , , , , , , , , , , , , , , , , , , , , , , ,11,15
2023317N10094,2023,84,NI,BB,MIDHILI,2023-11-16 00:00:00,TS,17.2,87.0,30,1003,newdelhi,main,310,288,O____O_________,jtwc_io,IO072023,17.4,87.1, ,TD,30,998,-1, , , , , , , , , , , , ,1010,195,65, , , , , , , , , , , , , , , , , , , , , , , , , , , , , , , , , , ,16.9,86.8,DD,30,1003,2.00000,5, , , , , , , , , , , , , , , , , , , , , , , , , , , , , , , , , , , , , , , , , , , , , , , , , , , , , , , , , , , , , , , , , , , , , , , , , , , , , , , , , , , , , , , , , , ,10,20
2023317N10094,2023,84,NI,BB,MIDHILI,2023-11-16 03:00:00,TS,17.5,87.1,30,1003,newdelhi,main,288,253,P____O_________, ,IO072023,17.7,87.2, ,TD,28,999,-1, , , , , , , , , , , , ,1010,175,58, , , , , , , , , , , , , , , , , , , , , , , , , , , , , , , , , , ,17.4,87.0,DD,30,1003,2.00000,5, , , , , , , , , , , , , , , , , , , , , , , , , , , , , , , , , , , , , , , , , , , , , , , , , , , , , , , , , , , , , , , , , , , , , , , , , , , , , , , , , , , , , , , , , , ,8,25
2023317N10094,2023,84,NI,BB,MIDHILI,2023-11-16 06:00:00,TS,17.9,87.3,30,1003,newdelhi,main,253,227,O____O_________,jtwc_io,IO072023,17.9,87.3, ,TD,25,1000,-1, , , , , , , , , , , , ,1010,155,50, , , , , , , , , , , , , , , , , , , , , , , , , , , , , , , , , , ,17.9,87.3,DD,30,1003,2.00000,5, , , , , , , , , , , , , , , , , , , , , , , , , , , , , , , , , , , , , , , , , , , , , , , , , , , , , , , , , , , , , , , , , , , , , , , , , , , , , , , , , , , , , , , , , , ,8,25
2023317N10094,2023,84,NI,BB,MIDHILI,2023-11-16 09:00:00,TS,18.3,87.5, , , ,main,222,200,P____P_________, ,IO072023,18.2,87.4, ,TD,28,999,-1, , , , , , , , , , , , ,1010,155,50, , , , , , , , , , , , , , , , , , , , , , , , , , , , , , , , , , ,18.3,87.5,DD,30,1003, ,5, , , , , , , , , , , , , , , , , , , , , , , , , , , , , , , , , , , , , , , , , , , , , , , , , , , , , , , , , , , , , , , , , , , , , , , , , , , , , , , , , , , , , , , , , , ,8,25
2023317N10094,2023,84,NI,BB,MIDHILI,2023-11-16 12:00:00,TS,18.6,87.6,30,1003,newdelhi,main,207,198,O____O_________,jtwc_io,IO072023,18.6,87.6, ,TD,30,998,-1, , , , , , , , , , , , ,1010,155,50, , , , , , , , , , , , , , , , , , , , , , , , , , , , , , , , , , ,18.6,87.7,DD,30,1003,2.00000,5, , , , , , , , , , , , , , , , , , , , , , , , , , , , , , , , , , , , , , , , , , , , , , , , , , , , , , , , , , , , , , , , , , , , , , , , , , , , , , , , , , , , , , , , , , ,7,30
2023317N10094,2023,84,NI,BB,MIDHILI,2023-11-16 15:00:00,TS,18.8,87.9, , , ,main,206,191,P____P_________, ,IO072023,18.9,87.9, ,TD,30,999,-1, , , , , , , , , , , , ,1011,155,43, , , , , , , , , , , , , , , , , , , , , , , , , , , , , , , , , , ,18.8,87.8,DD,30,1003, ,6, , , , , , , , , , , , , , , , , , , , , , , , , , , , , , , , , , , , , , , , , , , , , , , , , , , , , , , , , , , , , , , , , , , , , , , , , , , , , , , , , , , , , , , , , , ,7,40
2023317N10094,2023,84,NI,BB,MIDHILI,2023-11-16 18:00:00,TS,19.2,88.1,30,1002,newdelhi,main,191,183,O____O_________,jtwc_io,IO072023,19.2,88.2, ,TD,30,999,-1, , , , , , , , , , , , ,1012,155,35, , , , , , , , , , , , , , , , , , , , , , , , , , , , , , , , , , ,19.1,88.0,DD,30,1002,2.00000,6, , , , , , , , , , , , , , , , , , , , , , , , , , , , , , , , , , , , , , , , , , , , , , , , , , , , , , , , , , , , , , , , , , , , , , , , , , , , , , , , , , , , , , , , , , ,9,30
2023317N10094,2023,84,NI,BB,MIDHILI,2023-11-16 21:00:00,TS,19.6,88.3, , , ,main,183,157,P____P_________, ,IO072023,19.7,88.5, ,TD,33,998,-1, , , , , , , , , , , , ,1012,155,35, , , , , , , , , , , , , , , , , , , , , , , , , , , , , , , , , , ,19.5,88.2,DD,33,1002, ,7, , , , , , , , , , , , , , , , , , , , , , , , , , , , , , , , , , , , , , , , , , , , , , , , , , , , , , , , , , , , , , , , , , , , , , , , , , , , , , , , , , , , , , , , , , ,12,30
2023317N10094,2023,84,NI,BB,MIDHILI,2023-11-17 00:00:00,TS,20.2,88.7,35,1001,newdelhi,main,157,100,O____O_________,jtwc_io,IO072023,20.3,88.9, ,TS,35,997,0,60,55,55,60, , , , , , , , ,1012,155,35, , , , , , , , , , , , , , , , , , , , , , , , , , , , , , , , , , ,20.1,88.5,CS,35,1001,2.50000,7, , , , , , , , , , , , , , , , , , , , , , , , , , , , , , , , , , , , , , , , , , , , , , , , , , , , , , , , , , , , , , , , , , , , , , , , , , , , , , , , , , , , , , , , , , ,14,35
2023317N10094,2023,84,NI,BB,MIDHILI,2023-11-17 03:00:00,TS,20.8,89.2,40,1000,newdelhi,main,90,49,P____O_________, ,IO072023,20.9,89.4, ,TS,38,996,0,60,55,55,60, , , , , , , , ,1013,155,30, , , , , , , , , , , , , , , , , , , , , , , , , , , , , , , , , , ,20.7,89.1,CS,40,1000,2.50000,8, , , , , , , , , , , , , , , , , , , , , , , , , , , , , , , , , , , , , , , , , , , , , , , , , , , , , , , , , , , , , , , , , , , , , , , , , , , , , , , , , , , , , , , , , , ,15,40
2023317N10094,2023,84,NI,BB,MIDHILI,2023-11-17 06:00:00,TS,21.4,89.7,45,998,newdelhi,main,44,0,O____O_________,jtwc_io,IO072023,21.5,89.9, ,TS,40,995,0,60,55,55,60, , , , , , , , ,1013,155,25, , , , , , , , , , , , , , , , , , , , , , , , , , , , , , , , , , ,21.2,89.5,CS,45,998,2.50000,10, , , , , , , , , , , , , , , , , , , , , , , , , , , , , , , , , , , , , , , , , , , , , , , , , , , , , , , , , , , , , , , , , , , , , , , , , , , , , , , , , , , , , , , , , , ,17,35
2023317N10094,2023,84,NI,BB,MIDHILI,2023-11-17 09:00:00,TS,22.1,90.3,50,996,newdelhi,main,0,0,P____O_________, ,IO072023,22.4,90.6, ,TS,35,997,0,30,27,27,30, , , , , , , , ,1012,143,25, , , , , , , , , , , , , , , , , , , , , , , , , , , , , , , , , , ,21.8,90.0,SCS,50,996,3.00000,12, , , , , , , , , , , , , , , , , , , , , , , , , , , , , , , , , , , , , , , , , , , , , , , , , , , , , , , , , , , , , , , , , , , , , , , , , , , , , , , , , , , , , , , , , , ,20,35
2023317N10094,2023,84,NI,BB,MIDHILI,2023-11-17 12:00:00,TS,23.0,91.0,40,998,newdelhi,main,0,0,O____O_________,jtwc_io,IO072023,23.2,91.2, ,TD,30,998,-1, , , , , , , , , , , , ,1011,130,25, , , , , , , , , , , , , , , , , , , , , , , , , , , , , , , , , , ,22.8,90.8,CS,40,998,0.00000,8, , , , , , , , , , , , , , , , , , , , , , , , , , , , , , , , , , , , , , , , , , , , , , , , , , , , , , , , , , , , , , , , , , , , , , , , , , , , , , , , , , , , , , , , , , ,15,35
2023317N10094,2023,84,NI,BB,MIDHILI,2023-11-17 15:00:00,TS,23.3,91.2,35,1000,newdelhi,main,0,0,P____O_________, ,IO072023,23.6,91.5, ,TD,30,999,-1, , , , , , , , , , , , ,1011,130,25, , , , , , , , , , , , , , , , , , , , , , , , , , , , , , , , , , ,23.1,91.1,CS,35,1000,0.00000,7, , , , , , , , , , , , , , , , , , , , , , , , , , , , , , , , , , , , , , , , , , , , , , , , , , , , , , , , , , , , , , , , , , , , , , , , , , , , , , , , , , , , , , , , , , ,6,45
2023317N10094,2023,84,NI,BB,MIDHILI,2023-11-17 18:00:00,TS,23.4,91.4,30,1003,newdelhi,main,0,0,O____O_________,jtwc_io,IO072023,23.7,91.7, ,TD,30,1000,-1, , , , , , , , , , , , ,1011,130,25, , , , , , , , , , , , , , , , , , , , , , , , , , , , , , , , , , ,23.3,91.3,DD,30,1003,0.00000,5, , , , , , , , , , , , , , , , , , , , , , , , , , , , , , , , , , , , , , , , , , , , , , , , , , , , , , , , , , , , , , , , , , , , , , , , , , , , , , , , , , , , , , , , , , ,3,45
2023317N10094,2023,84,NI,BB,MIDHILI,2023-11-17 21:00:00,TS,23.5,91.5, , , ,main,0,0,_____P_________, ,IO072023, , , ,TD, , ,-5, , , , , , , , , , , , , , , , , , , , , , , , , , , , , , , , , , , , , , , , , , , , , , , , , ,23.5,91.5,DD,25,1004, ,4, , , , , , , , , , , , , , , , , , , , , , , , , , , , , , , , , , , , , , , , , , , , , , , , , , , , , , , , , , , , , , , , , , , , , , , , , , , , , , , , , , , , , , , , , , ,4,40
2023317N10094,2023,84,NI,BB,MIDHILI,2023-11-18 00:00:00,TS,23.7,91.7,20,1005,newdelhi,main,0, ,_____O_________, , , , , , , , ,-5, , , , , , , , , , , , , , , , , , , , , , , , , , , , , , , , , , , , , , , , , , , , , , , , , ,23.7,91.7,D,20,1005,0.00000,3, , , , , , , , , , , , , , , , , , , , , , , , , , , , , , , , , , , , , , , , , , , , , , , , , , , , , , , , , , , , , , , , , , , , , , , , , , , , , , , , , , , , , , , , , , ,6,40
2023334N08088,2023,87,NI,BB,MICHAUNG,2023-11-30 06:00:00,DS,7.5,88.0, , , ,main,675,637,O______________,jtwc_io,IO082023,7.5,88.0, ,DB,15,1008,-3, , , , , , , , , , , , ,1009,65,65, , , , , , , , , , , , , , , , , , , , , , , , , , , , , , , , , , , , , , , , , , , , , , , , , , , , , , , , , , , , , , , , , , , , , , , , , , , , , , , , , , , , , , , , , , , , , , , , , , , , , , , , , , , , , , , , , , , , , , , , , , , , , , , , , , , ,11,315
2023334N08088,2023,87,NI,BB,MICHAUNG,2023-11-30 09:00:00,DS,7.9,87.6, , , ,main,637,599,P______________, ,IO082023,7.9,87.6, ,DB,15,1008,-3, , , , , , , , , , , , ,1009,93,70, , , , , , , , , , , , , , , , , , , , , , , , , , , , , , , , , , , , , , , , , , , , , , , , , , , , , , , , , , , , , , , , , , , , , , , , , , , , , , , , , , , , , , , , , , , , , , , , , , , , , , , , , , , , , , , , , , , , , , , , , , , , , , , , , , , ,11,310
2023334N08088,2023,87,NI,BB,MICHAUNG,2023-11-30 12:00:00,DS,8.2,87.2, , , ,main,599,556,O______________,jtwc_io,IO082023,8.2,87.2, ,DB,15,1008,-3, , , , , , , , , , , , ,1009,120,75, , , , , , , , , , , , , , , , , , , , , , , , , , , , , , , , , , , , , , , , , , , , , , , , , , , , , , , , , , , , , , , , , , , , , , , , , , , , , , , , , , , , , , , , , , , , , , , , , , , , , , , , , , , , , , , , , , , , , , , , , , , , , , , , , , , ,9,300
2023334N08088,2023,87,NI,BB,MICHAUNG,2023-11-30 15:00:00,DS,8.3,86.8, , , ,main,556,514,P______________, ,IO082023,8.3,86.8, ,DB,15,1009,-3, , , , , , , , , , , , ,1010,185,98, , , , , , , , , , , , , , , , , , , , , , , , , , , , , , , , , , , , , , , , , , , , , , , , , , , , , , , , , , , , , , , , , , , , , , , , , , , , , , , , , , , , , , , , , , , , , , , , , , , , , , , , , , , , , , , , , , , , , , , , , , , , , , , , , , , ,8,285
2023334N08088,2023,87,NI,BB,MICHAUNG,2023-11-30 18:00:00,DS,8.4,86.4, , , ,main,514,484,O______________,jtwc_io,IO082023,8.4,86.4, ,MD,15,1009,-3, , , , , , , , , , , , ,1010,250,120, , , , , , , , , , , , , , , , , , , , , , , , , , , , , , , , , , , , , , , , , , , , , , , , , , , , , , , , , , , , , , , , , , , , , , , , , , , , , , , , , , , , , , , , , , , , , , , , , , , , , , , , , , , , , , , , , , , , , , , , , , , , , , , , , , , ,8,285
2023334N08088,2023,87,NI,BB,MICHAUNG,2023-11-30 21:00:00,DS,8.5,86.0, , , ,main,473,465,P______________, ,IO082023,8.5,86.0, ,MD,15,1007,-3, , , , , , , , , , , , ,1010,250,120, , , , , , , , , , , , , , , , , , , , , , , , , , , , , , , , , , , , , , , , , , , , , , , , , , , , , , , , , , , , , , , , , , , , , , , , , , , , , , , , , , , , , , , , , , , , , , , , , , , , , , , , , , , , , , , , , , , , , , , , , , , , , , , , , , , ,7,305
2023334N08088,2023,87,NI,BB,MICHAUNG,2023-12-01 00:00:00,MX,8.8,85.8,20,1002,newdelhi,main,460,446,O____O_________,jtwc_io,IO082023,8.7,85.7, ,MD,15,1004,-3, , , , , , , , , , , , ,1010,250,120, , , , , , , , , , , , , , , , , , , , , , , , , , , , , , , , , , ,9.1,86.4,D,20,1002,1.50000,3, , , , , , , , , , , , , , , , , , , , , , , , , , , , , , , , , , , , , , , , , , , , , , , , , , , , , , , , , , , , , , , , , , , , , , , , , , , , , , , , , , , , , , , , , , ,6,315
2023334N08088,2023,87,NI,BB,MICHAUNG,2023-12-01 03:00:00,MX,9.0,85.6,20,1002,newdelhi,main,446,434,P____O_________, ,IO082023,8.8,85.3, ,MD,15,1004,-3, , , , , , , , , , , , ,1010,263,105, , , , , , , , , , , , , , , , , , , , , , , , , , , , , , , , , , ,9.3,86.2,D,20,1002,1.50000,3, , , , , , , , , , , , , , , , , , , , , , , , , , , , , , , , , , , , , , , , , , , , , , , , , , , , , , , , , , , , , , , , , , , , , , , , , , , , , , , , , , , , , , , , , , ,6,315
2023334N08088,2023,87,NI,BB,MICHAUNG,2023-12-01 06:00:00,MX,9.2,85.4,25,1002,newdelhi,main,434,434,O____O_________,jtwc_io,IO082023,9.0,85.0, ,MD,15,1003,-3, , , , , , , , , , , , ,1009,275,90, , , , , , , , , , , , , , , , , , , , , , , , , , , , , , , , , , ,9.5,86.0,D,25,1002,1.50000,3, , , , , , , , , , , , , , , , , , , , , , , , , , , , , , , , , , , , , , , , , , , , , , , , , , , , , , , , , , , , , , , , , , , , , , , , , , , , , , , , , , , , , , , , , , ,6,325
2023334N08088,2023,87,NI,BB,MICHAUNG,2023-12-01 09:00:00,MX,9.5,85.3, , , ,main,440,429,P____P_________, ,IO082023,9.2,84.7, ,MD,18,1002,-3, , , , , , , , , , , , ,1009,275,95, , , , , , , , , , , , , , , , , , , , , , , , , , , , , , , , , , ,9.8,85.9,D,25,1002, ,3, , , , , , , , , , , , , , , , , , , , , , , , , , , , , , , , , , , , , , , , , , , , , , , , , , , , , , , , , , , , , , , , , , , , , , , , , , , , , , , , , , , , , , , , , , ,6,325
2023334N08088,2023,87,NI,BB,MICHAUNG,2023-12-01 12:00:00,MX,9.7,85.1,25,1001,newdelhi,main,429,419,O____O_________,jtwc_io,IO082023,9.4,84.5, ,MD,20,1001,-3, , , , , , , , , , , , ,1009,275,100, , , , , , , , , , , , , , , , , , , , , , , , , , , , , , , , , , ,10.0,85.7,D,25,1001,1.50000,3, , , , , , , , , , , , , , , , , , , , , , , , , , , , , , , , , , , , , , , , , , , , , , , , , , , , , , , , , , , , , , , , , , , , , , , , , , , , , , , , , , , , , , , , , , ,4,315
2023334N08088,2023,87,NI,BB,MICHAUNG,2023-12-01 15:00:00,MX,9.8,85.0, , , ,main,424,405,P____P_________, ,IO082023,9.4,84.5, ,MD,23,1001,-3, , , , , , , , , , , , ,1009,275,110, , , , , , , , , , , , , , , , , , , , , , , , , , , , , , , , , , ,10.2,85.5,D,25,1001, ,4, , , , , , , , , , , , , , , , , , , , , , , , , , , , , , , , , , , , , , , , , , , , , , , , , , , , , , , , , , , , , , , , , , , , , , , , , , , , , , , , , , , , , , , , , , ,3,295
2023334N08088,2023,87,NI,BB,MICHAUNG,2023-12-01 18:00:00,MX,9.9,84.8,25,1000,newdelhi,main,409,379,O____O_________,jtwc_io,IO082023,9.4,84.5, ,MD,25,1000,-3, , , , , , , , , , , , ,1009,275,120, , , , , , , , , , , , , , , , , , , , , , , , , , , , , , , , , , ,10.3,85.1,D,25,1000,1.50000,4, , , , , , , , , , , , , , , , , , , , , , , , , , , , , , , , , , , , , , , , , , , , , , , , , , , , , , , , , , , , , , , , , , , , , , , , , , , , , , , , , , , , , , , , , , ,5,290
2023334N08088,2023,87,NI,BB,MICHAUNG,2023-12-01 21:00:00,MX,9.9,84.5, , , ,main,379,356,P____P_________, ,IO082023,9.5,84.4, ,MD,25,1000,-3, , , , , , , , , , , , ,1009,283,120, , , , , , , , , , , , , , , , , , , , , , , , , , , , , , , , , , ,10.4,84.6,D,28,999, ,5, , , , , , , , , , , , , , , , , , , , , , , , , , , , , , , , , , , , , , , , , , , , , , , , , , , , , , , , , , , , , , , , , , , , , , , , , , , , , , , , , , , , , , , , , , ,7,285
2023334N08088,2023,87,NI,BB,MICHAUNG,2023-12-02 00:00:00,MX,10.1,84.1,30,998,newdelhi,main,361,334,O____O_________,jtwc_io,IO082023,9.6,84.2, ,MD,25,999,-3, , , , , , , , , , , , ,1008,290,120, , , , , , , , , , , , , , , , , , , , , , , , , , , , , , , , , , ,10.5,84.1,DD,30,998,2.00000,5, , , , , , , , , , , , , , , , , , , , , , , , , , , , , , , , , , , , , , , , , , , , , , , , , , , , , , , , , , , , , , , , , , , , , , , , , , , , , , , , , , , , , , , , , , ,7,290
2023334N08088,2023,87,NI,BB,MICHAUNG,2023-12-02 03:00:00,MX,10.2,83.8,30,997,newdelhi,main,331,318,P____O_________, ,IO082023,9.7,84.1, ,MD,25,999,-3, , , , , , , , , , , , ,1008,280,110, , , , , , , , , , , , , , , , , , , , , , , , , , , , , , , , , , ,10.6,83.6,DD,30,997,2.00000,5, , , , , , , , , , , , , , , , , , , , , , , , , , , , , , , , , , , , , , , , , , , , , , , , , , , , , , , , , , , , , , , , , , , , , , , , , , , , , , , , , , , , , , , , , , ,6,295
2023334N08088,2023,87,NI,BB,MICHAUNG,2023-12-02 06:00:00,TS,10.3,83.6,30,997,newdelhi,main,318,309,O____O_________,jtwc_io,IO082023,9.9,84.0, ,TD,25,998,-1, , , , , , , , , , , , ,1008,270,100, , , , , , , , , , , , , , , , , , , , , , , , , , , , , , , , , , ,10.7,83.2,DD,30,997,2.00000,5, , , , , , , , , , , , , , , , , , , , , , , , , , , , , , , , , , , , , , , , , , , , , , , , , , , , , , , , , , , , , , , , , , , , , , , , , , , , , , , , , , , , , , , , , , ,4,305
2023334N08088,2023,87,NI,BB,MICHAUNG,2023-12-02 09:00:00,TS,10.4,83.5, , , ,main,316,316,P____P_________, ,IO082023,10.0,83.9, ,TD,28,997,-1, , , , , , , , , , , , ,1008,270,98, , , , , , , , , , , , , , , , , , , , , , , , , , , , , , , , , , ,10.8,83.1,DD,30,997, ,5, , , , , , , , , , , , , , , , , , , , , , , , , , , , , , , , , , , , , , , , , , , , , , , , , , , , , , , , , , , , , , , , , , , , , , , , , , , , , , , , , , , , , , , , , , ,3,330
2023334N08088,2023,87,NI,BB,MICHAUNG,2023-12-02 12:00:00,TS,10.5,83.5,30,997,newdelhi,main,329,310,O____O_________,jtwc_io,IO082023,10.2,83.8, ,TD,30,996,-1, , , , , , , , , , , , ,1007,270,95, , , , , , , , , , , , , , , , , , , , , , , , , , , , , , , , , , ,10.9,83.1,DD,30,997,2.00000,5, , , , , , , , , , , , , , , , , , , , , , , , , , , , , , , , , , , , , , , , , , , , , , , , , , , , , , , , , , , , , , , , , , , , , , , , , , , , , , , , , , , , , , , , , , ,3,320
2023334N08088,2023,87,NI,BB,MICHAUNG,2023-12-02 15:00:00,TS,10.7,83.3, , , ,main,315,306,P____P_________, ,IO082023,10.3,83.7, ,TD,30,995,-1, , , , , , , , , , , , ,1008,248,95, , , , , , , , , , , , , , , , , , , , , , , , , , , , , , , , , , ,11.0,82.9,DD,30,997, ,6, , , , , , , , , , , , , , , , , , , , , , , , , , , , , , , , , , , , , , , , , , , , , , , , , , , , , , , , , , , , , , , , , , , , , , , , , , , , , , , , , , , , , , , , , , ,4,310
2023334N08088,2023,87,NI,BB,MICHAUNG,2023-12-02 18:00:00,TS,10.8,83.1,30,996,newdelhi,main,312,302,O____O_________,jtwc_io,IO082023,10.5,83.6, ,TD,30,994,-1, , , , , , , , , , , , ,1008,225,95, , , , , , , , , , , , , , , , , , , , , , , , , , , , , , , , , , ,11.1,82.7,DD,30,996,2.00000,6, , , , , , , , , , , , , , , , , , , , , , , , , , , , , , , , , , , , , , , , , , , , , , , , , , , , , , , , , , , , , , , , , , , , , , , , , , , , , , , , , , , , , , , , , , ,4,320
2023334N08088,2023,87,NI,BB,MICHAUNG,2023-12-02 21:00:00,TS,11.0,83.0, , , ,main,307,307,P____P_________, ,IO082023,10.8,83.5, ,TD,33,994,-1, , , , , , , , , , , , ,1008,223,75, , , , , , , , , , , , , , , , , , , , , , , , , , , , , , , , , , ,11.3,82.6,DD,33,996, ,7, , , , , , , , , , , , , , , , , , , , , , , , , , , , , , , , , , , , , , , , , , , , , , , , , , , , , , , , , , , , , , , , , , , , , , , , , , , , , , , , , , , , , , , , , , ,5,330
2023334N08088,2023,87,NI,BB,MICHAUNG,2023-12-03 00:00:00,TS,11.3,82.9,35,995,newdelhi,main,321,294,O____O_________,jtwc_io,IO082023,11.1,83.3, ,TS,35,993,0,20,15,10,10, , , , , , , , ,1007,220,55, , , , , , , , , , , , , , , , , , , , , , , , , , , , , , , , , , ,11.4,82.5,CS,35,995,2.50000,7, , , , , , , , , , , , , , , , , , , , , , , , , , , , , , , , , , , , , , , , , , , , , , , , , , , , , , , , , , , , , , , , , , , , , , , , , , , , , , , , , , , , , , , , , , ,6,330
2023334N08088,2023,87,NI,BB,MICHAUNG,2023-12-03 03:00:00,TS,11.5,82.7,35,995,newdelhi,main,294,262,P____O_________, ,IO082023,11.5,83.1, ,TS,35,993,0,30,15,15,15, , , , , , , , ,1008,220,55, , , , , , , , , , , , , , , , , , , , , , , , , , , , , , , , , , ,11.5,82.4,CS,35,995,2.50000,7, , , , , , , , , , , , , , , , , , , , , , , , , , , , , , , , , , , , , , , , , , , , , , , , , , , , , , , , , , , , , , , , , , , , , , , , , , , , , , , , , , , , , , , , , , ,7,325
2023334N08088,2023,87,NI,BB,MICHAUNG,2023-12-03 06:00:00,TS,11.9,82.5,35,995,newdelhi,main,259,243,O____O_________,jtwc_io,IO082023,11.9,82.8, ,TS,35,993,0,40,15,20,20, , , , , , , , ,1009,220,55, , , , , , , , , , , , , , , , , , , , , , , , , , , , , , , , , , ,11.8,82.2,CS,35,995,2.50000,7, , , , , , , , , , , , , , , , , , , , , , , , , , , , , , , , , , , , , , , , , , , , , , , , , , , , , , , , , , , , , , , , , , , , , , , , , , , , , , , , , , , , , , , , , , ,7,330
2023334N08088,2023,87,NI,BB,MICHAUNG,2023-12-03 09:00:00,TS,12.1,82.4,35,995,newdelhi,main,243,229,P____O_________, ,IO082023,12.2,82.6, ,TS,38,993,0,45,20,23,25, , , , , , , , ,1008,220,53, , , , , , , , , , , , , , , , , , , , , , , , , , , , , , , , , , ,12.0,82.1,CS,35,995,2.50000,7, , , , , , , , , , , , , , , , , , , , , , , , , , , , , , , , , , , , , , , , , , , , , , , , , , , , , , , , , , , , , , , , , , , , , , , , , , , , , , , , , , , , , , , , , , ,5,330
2023334N08088,2023,87,NI,BB,MICHAUNG,2023-12-03 12:00:00,TS,12.3,82.3,35,995,newdelhi,main,229,206,O____O_________,jtwc_io,IO082023,12.4,82.5, ,TS,40,992,0,50,25,25,30, , , , , , , , ,1007,220,50, , , , , , , , , , , , , , , , , , , , , , , , , , , , , , , , , , ,12.2,82.0,CS,35,995,2.50000,7, , , , , , , , , , , , , , , , , , , , , , , , , , , , , , , , , , , , , , , , , , , , , , , , , , , , , , , , , , , , , , , , , , , , , , , , , , , , , , , , , , , , , , , , , , ,5,325
2023334N08088,2023,87,NI,BB,MICHAUNG,2023-12-03 15:00:00,TS,12.5,82.1,40,994,newdelhi,main,206,173,P____O_________, ,IO082023,12.6,82.3, ,TS,45,992,0,55,30,28,35, , , , , , , , ,1007,220,40, , , , , , , , , , , , , , , , , , , , , , , , , , , , , , , , , , ,12.4,81.9,CS,40,994,2.50000,8, , , , , , , , , , , , , , , , , , , , , , , , , , , , , , , , , , , , , , , , , , , , , , , , , , , , , , , , , , , , , , , , , , , , , , , , , , , , , , , , , , , , , , , , , , ,6,315
2023334N08088,2023,87,NI,BB,MICHAUNG,2023-12-03 18:00:00,TS,12.8,81.8,45,992,newdelhi,main,171,147,O____O_________,jtwc_io,IO082023,12.7,82.0, ,TS,50,991,0,60,35,30,40, , , , , , , , ,1007,220,30, , , , , , , , , , , , , , , , , , , , , , , , , , , , , , , , , , ,12.8,81.6,CS,45,992,3.00000,10, , , , , , , , , , , , , , , , , , , , , , , , , , , , , , , , , , , , , , , , , , , , , , , , , , , , , , , , , , , , , , , , , , , , , , , , , , , , , , , , , , , , , , , , , , ,7,310
2023334N08088,2023,87,NI,BB,MICHAUNG,2023-12-03 21:00:00,TS,12.9,81.6,45,992,newdelhi,main,147,123,P____O_________, ,IO082023,12.8,81.7, ,TS,53,991,0,65,43,33,45, , , , , , , , ,1007,200,35, , , , , , , , , , , , , , , , , , , , , , , , , , , , , , , , , , ,13.0,81.4,CS,45,992,3.00000,10, , , , , , , , , , , , , , , , , , , , , , , , , , , , , , , , , , , , , , , , , , , , , , , , , , , , , , , , , , , , , , , , , , , , , , , , , , , , , , , , , , , , , , , , , , ,5,305
2023334N08088,2023,87,NI,BB,MICHAUNG,2023-12-04 00:00:00,TS,13.1,81.4,45,992,newdelhi,main,121,86,O____O_________,jtwc_io,IO082023,13.0,81.5, ,TS,55,990,0,70,50,35,50,25,15,15,15, , , , ,1006,180,40, , , , , , , , , , , , , , , , , , , , , , , , , , , , , , , , , , ,13.1,81.2,CS,45,992,3.00000,10, , , , , , , , , , , , , , , , , , , , , , , , , , , , , , , , , , , , , , , , , , , , , , , , , , , , , , , , , , , , , , , , , , , , , , , , , , , , , , , , , , , , , , , , , , ,6,310
