storm_id,storm_name,cyclone_time_utc,ri_target,prediction,predicted_probability,threshold_used,error_type,model,top_available_features,satellite_availability,notes,current_wind_kts,future_wind_kts,delta_wind_kts
2013281N12098,PHAILIN,2013-10-07T12:00:00Z,0,0,0.0001,0.5,TRUE_NEGATIVE,Finalist_T,"dW6=0.0kts, dP6=0.0hPa, CoreMin=199.6K, ColdFrac=0.76","IR=False, WV=True, VIS=True",Correct non-RI identification (prob=0.00 < th=0.50),20.0,25.0,5.0
2013281N12098,PHAILIN,2013-10-07T15:00:00Z,0,0,0.0,0.5,TRUE_NEGATIVE,Finalist_T,"dW6=0.0kts, dP6=0.0hPa, CoreMin=191.2K, ColdFrac=1.00","IR=False, WV=True, VIS=True",Correct non-RI identification (prob=0.00 < th=0.50),23.0,30.0,7.0
2013281N12098,PHAILIN,2013-10-07T18:00:00Z,0,0,0.0001,0.5,TRUE_NEGATIVE,Finalist_T,"dW6=5.0kts, dP6=-3.0hPa, CoreMin=203.4K, ColdFrac=1.00","IR=False, WV=True, VIS=False",Correct non-RI identification (prob=0.00 < th=0.50),25.0,25.0,0.0
2013281N12098,PHAILIN,2013-10-07T21:00:00Z,0,0,0.0001,0.5,TRUE_NEGATIVE,Finalist_T,"dW6=2.0kts, dP6=-2.0hPa, CoreMin=196.9K, ColdFrac=1.00","IR=False, WV=True, VIS=True",Correct non-RI identification (prob=0.00 < th=0.50),25.0,33.0,8.0
2013281N12098,PHAILIN,2013-10-08T00:00:00Z,0,0,0.0652,0.5,TRUE_NEGATIVE,Finalist_T,"dW6=0.0kts, dP6=0.0hPa, CoreMin=198.1K, ColdFrac=1.00","IR=False, WV=True, VIS=True",Correct non-RI identification (prob=0.07 < th=0.50),25.0,30.0,5.0
2013281N12098,PHAILIN,2013-10-08T03:00:00Z,0,0,0.1896,0.5,TRUE_NEGATIVE,Finalist_T,"dW6=0.0kts, dP6=0.0hPa, CoreMin=204.8K, ColdFrac=1.00","IR=False, WV=True, VIS=True",Correct non-RI identification (prob=0.19 < th=0.50),25.0,30.0,5.0
2013281N12098,PHAILIN,2013-10-08T06:00:00Z,0,0,0.0595,0.5,TRUE_NEGATIVE,Finalist_T,"dW6=0.0kts, dP6=0.0hPa, CoreMin=197.8K, ColdFrac=0.97","IR=False, WV=True, VIS=True",Correct non-RI identification (prob=0.06 < th=0.50),25.0,30.0,5.0
2013281N12098,PHAILIN,2013-10-08T09:00:00Z,0,0,0.0723,0.5,TRUE_NEGATIVE,Finalist_T,"dW6=3.0kts, dP6=-2.0hPa, CoreMin=209.5K, ColdFrac=1.00","IR=False, WV=True, VIS=True",Correct non-RI identification (prob=0.07 < th=0.50),28.0,30.0,2.0
2013281N12098,PHAILIN,2013-10-08T12:00:00Z,0,0,0.0292,0.5,TRUE_NEGATIVE,Finalist_T,"dW6=0.0kts, dP6=-1.0hPa, CoreMin=200.1K, ColdFrac=1.00","IR=False, WV=True, VIS=True",Correct non-RI identification (prob=0.03 < th=0.50),25.0,35.0,10.0
2013281N12098,PHAILIN,2013-10-08T15:00:00Z,0,0,0.0654,0.5,TRUE_NEGATIVE,Finalist_T,"dW6=2.0kts, dP6=-2.0hPa, CoreMin=199.7K, ColdFrac=1.00","IR=False, WV=True, VIS=True",Correct non-RI identification (prob=0.07 < th=0.50),30.0,35.0,5.0
2013281N12098,PHAILIN,2013-10-08T18:00:00Z,0,0,0.0775,0.5,TRUE_NEGATIVE,Finalist_T,"dW6=0.0kts, dP6=0.0hPa, CoreMin=196.9K, ColdFrac=1.00","IR=False, WV=True, VIS=False",Correct non-RI identification (prob=0.08 < th=0.50),25.0,40.0,15.0
2013281N12098,PHAILIN,2013-10-08T21:00:00Z,0,0,0.0502,0.5,TRUE_NEGATIVE,Finalist_T,"dW6=3.0kts, dP6=-2.0hPa, CoreMin=190.9K, ColdFrac=0.84","IR=False, WV=True, VIS=True",Correct non-RI identification (prob=0.05 < th=0.50),33.0,45.0,12.0
2013281N12098,PHAILIN,2013-10-09T00:00:00Z,0,0,0.1299,0.5,TRUE_NEGATIVE,Finalist_T,"dW6=5.0kts, dP6=-1.0hPa, CoreMin=197.2K, ColdFrac=0.97","IR=False, WV=True, VIS=True",Correct non-RI identification (prob=0.13 < th=0.50),30.0,45.0,15.0
2013281N12098,PHAILIN,2013-10-09T03:00:00Z,0,0,0.0947,0.5,TRUE_NEGATIVE,Finalist_T,"dW6=-3.0kts, dP6=3.0hPa, CoreMin=203.2K, ColdFrac=0.92","IR=False, WV=True, VIS=True",Correct non-RI identification (prob=0.09 < th=0.50),30.0,55.0,25.0
2013281N12098,PHAILIN,2013-10-09T06:00:00Z,1,0,0.0326,0.5,FALSE_NEGATIVE,Finalist_T,"dW6=0.0kts, dP6=-2.0hPa, CoreMin=197.5K, ColdFrac=1.00","IR=False, WV=True, VIS=True",High-confidence miss (prob=0.03 vs th=0.50); early RI onset before satellite signature consolidated,30.0,65.0,35.0
2013281N12098,PHAILIN,2013-10-09T09:00:00Z,1,0,0.014,0.5,FALSE_NEGATIVE,Finalist_T,"dW6=0.0kts, dP6=-1.0hPa, CoreMin=199.4K, ColdFrac=1.00","IR=False, WV=True, VIS=True",High-confidence miss (prob=0.01 vs th=0.50); early RI onset before satellite signature consolidated,30.0,70.0,40.0
2013281N12098,PHAILIN,2013-10-09T12:00:00Z,1,0,0.2775,0.5,FALSE_NEGATIVE,Finalist_T,"dW6=5.0kts, dP6=-1.0hPa, CoreMin=192.8K, ColdFrac=1.00","IR=False, WV=True, VIS=True",Borderline miss (prob=0.28 near th=0.50); weak initial pressure drop,35.0,75.0,40.0
2013281N12098,PHAILIN,2013-10-09T15:00:00Z,1,0,0.2773,0.5,FALSE_NEGATIVE,Finalist_T,"dW6=5.0kts, dP6=-1.0hPa, CoreMin=200.7K, ColdFrac=1.00","IR=False, WV=True, VIS=True",Borderline miss (prob=0.28 near th=0.50); weak initial pressure drop,35.0,90.0,55.0
2013281N12098,PHAILIN,2013-10-09T18:00:00Z,1,0,0.0351,0.5,FALSE_NEGATIVE,Finalist_T,"dW6=5.0kts, dP6=-1.0hPa, CoreMin=190.2K, ColdFrac=1.00","IR=False, WV=True, VIS=False",High-confidence miss (prob=0.04 vs th=0.50); early RI onset before satellite signature consolidated,40.0,95.0,55.0
2013281N12098,PHAILIN,2013-10-09T21:00:00Z,1,0,0.4275,0.5,FALSE_NEGATIVE,Finalist_T,"dW6=10.0kts, dP6=-3.0hPa, CoreMin=191.9K, ColdFrac=1.00","IR=False, WV=True, VIS=True",Borderline miss (prob=0.43 near th=0.50); weak initial pressure drop,45.0,100.0,55.0
2013281N12098,PHAILIN,2013-10-10T00:00:00Z,1,0,0.0204,0.5,FALSE_NEGATIVE,Finalist_T,"dW6=5.0kts, dP6=-2.0hPa, CoreMin=194.7K, ColdFrac=1.00","IR=False, WV=True, VIS=True",High-confidence miss (prob=0.02 vs th=0.50); early RI onset before satellite signature consolidated,45.0,110.0,65.0
2013281N12098,PHAILIN,2013-10-10T03:00:00Z,1,0,0.0783,0.5,FALSE_NEGATIVE,Finalist_T,"dW6=10.0kts, dP6=-6.0hPa, CoreMin=197.1K, ColdFrac=1.00","IR=False, WV=True, VIS=True",High-confidence miss (prob=0.08 vs th=0.50); early RI onset before satellite signature consolidated,55.0,115.0,60.0
2013281N12098,PHAILIN,2013-10-10T06:00:00Z,1,0,0.0711,0.5,FALSE_NEGATIVE,Finalist_T,"dW6=20.0kts, dP6=-12.0hPa, CoreMin=199.6K, ColdFrac=0.98","IR=False, WV=True, VIS=True",High-confidence miss (prob=0.07 vs th=0.50); early RI onset before satellite signature consolidated,65.0,115.0,50.0
2013281N12098,PHAILIN,2013-10-10T09:00:00Z,1,0,0.2817,0.5,FALSE_NEGATIVE,Finalist_T,"dW6=15.0kts, dP6=-8.0hPa, CoreMin=197.3K, ColdFrac=0.93","IR=False, WV=True, VIS=True",Borderline miss (prob=0.28 near th=0.50); weak initial pressure drop,70.0,115.0,45.0
2013281N12098,PHAILIN,2013-10-10T12:00:00Z,1,0,0.0311,0.5,FALSE_NEGATIVE,Finalist_T,"dW6=10.0kts, dP6=-8.0hPa, CoreMin=195.3K, ColdFrac=0.94","IR=False, WV=True, VIS=True",High-confidence miss (prob=0.03 vs th=0.50); early RI onset before satellite signature consolidated,75.0,115.0,40.0
2013281N12098,PHAILIN,2013-10-10T15:00:00Z,0,0,0.2081,0.5,TRUE_NEGATIVE,Finalist_T,"dW6=20.0kts, dP6=-16.0hPa, CoreMin=198.2K, ColdFrac=0.94","IR=False, WV=True, VIS=True",Correct non-RI identification (prob=0.21 < th=0.50),90.0,115.0,25.0
2013281N12098,PHAILIN,2013-10-10T18:00:00Z,0,0,0.0381,0.5,TRUE_NEGATIVE,Finalist_T,"dW6=20.0kts, dP6=-16.0hPa, CoreMin=194.2K, ColdFrac=0.98","IR=False, WV=True, VIS=False",Correct non-RI identification (prob=0.04 < th=0.50),95.0,115.0,20.0
2013281N12098,PHAILIN,2013-10-10T21:00:00Z,0,0,0.0079,0.5,TRUE_NEGATIVE,Finalist_T,"dW6=10.0kts, dP6=-12.0hPa, CoreMin=196.1K, ColdFrac=0.91","IR=False, WV=True, VIS=True",Correct non-RI identification (prob=0.01 < th=0.50),100.0,115.0,15.0
2013281N12098,PHAILIN,2013-10-11T00:00:00Z,0,0,0.0093,0.5,TRUE_NEGATIVE,Finalist_T,"dW6=15.0kts, dP6=-14.0hPa, CoreMin=197.3K, ColdFrac=0.94","IR=False, WV=True, VIS=True",Correct non-RI identification (prob=0.01 < th=0.50),110.0,115.0,5.0
2013281N12098,PHAILIN,2013-10-11T03:00:00Z,0,0,0.0627,0.5,TRUE_NEGATIVE,Finalist_T,"dW6=15.0kts, dP6=-14.0hPa, CoreMin=200.1K, ColdFrac=0.95","IR=False, WV=True, VIS=True",Correct non-RI identification (prob=0.06 < th=0.50),115.0,115.0,0.0
2013281N12098,PHAILIN,2013-10-11T06:00:00Z,0,0,0.0063,0.5,TRUE_NEGATIVE,Finalist_T,"dW6=5.0kts, dP6=-6.0hPa, CoreMin=197.9K, ColdFrac=1.00","IR=False, WV=True, VIS=True",Correct non-RI identification (prob=0.01 < th=0.50),115.0,115.0,0.0
2013281N12098,PHAILIN,2013-10-11T09:00:00Z,0,0,0.0028,0.5,TRUE_NEGATIVE,Finalist_T,"dW6=0.0kts, dP6=0.0hPa, CoreMin=195.8K, ColdFrac=0.97","IR=False, WV=True, VIS=True",Correct non-RI identification (prob=0.00 < th=0.50),115.0,115.0,0.0
2013281N12098,PHAILIN,2013-10-11T12:00:00Z,0,0,0.0019,0.5,TRUE_NEGATIVE,Finalist_T,"dW6=0.0kts, dP6=0.0hPa, CoreMin=192.2K, ColdFrac=0.99","IR=False, WV=True, VIS=True",Correct non-RI identification (prob=0.00 < th=0.50),115.0,115.0,0.0
2013281N12098,PHAILIN,2013-10-11T15:00:00Z,0,0,0.0018,0.5,TRUE_NEGATIVE,Finalist_T,"dW6=0.0kts, dP6=0.0hPa, CoreMin=194.9K, ColdFrac=0.97","IR=False, WV=True, VIS=True",Correct non-RI identification (prob=0.00 < th=0.50),115.0,115.0,0.0
2013281N12098,PHAILIN,2013-10-11T18:00:00Z,0,0,0.0034,0.5,TRUE_NEGATIVE,Finalist_T,"dW6=0.0kts, dP6=0.0hPa, CoreMin=191.3K, ColdFrac=0.98","IR=False, WV=True, VIS=False",Correct non-RI identification (prob=0.00 < th=0.50),115.0,100.0,-15.0
2013281N12098,PHAILIN,2013-10-11T21:00:00Z,0,0,0.0026,0.5,TRUE_NEGATIVE,Finalist_T,"dW6=0.0kts, dP6=0.0hPa, CoreMin=195.9K, ColdFrac=0.86","IR=False, WV=True, VIS=True",Correct non-RI identification (prob=0.00 < th=0.50),115.0,90.0,-25.0
2013281N12098,PHAILIN,2013-10-12T00:00:00Z,0,0,0.0014,0.5,TRUE_NEGATIVE,Finalist_T,"dW6=0.0kts, dP6=0.0hPa, CoreMin=198.7K, ColdFrac=0.88","IR=False, WV=True, VIS=True",Correct non-RI identification (prob=0.00 < th=0.50),115.0,75.0,-40.0
2013281N12098,PHAILIN,2013-10-12T03:00:00Z,0,0,0.0008,0.5,TRUE_NEGATIVE,Finalist_T,"dW6=0.0kts, dP6=0.0hPa, CoreMin=201.8K, ColdFrac=0.92","IR=False, WV=True, VIS=True",Correct non-RI identification (prob=0.00 < th=0.50),115.0,55.0,-60.0
2013281N12098,PHAILIN,2013-10-12T06:00:00Z,0,0,0.0014,0.5,TRUE_NEGATIVE,Finalist_T,"dW6=0.0kts, dP6=0.0hPa, CoreMin=200.9K, ColdFrac=0.93","IR=False, WV=True, VIS=True",Correct non-RI identification (prob=0.00 < th=0.50),115.0,40.0,-75.0
2013281N12098,PHAILIN,2013-10-12T09:00:00Z,0,0,0.0006,0.5,TRUE_NEGATIVE,Finalist_T,"dW6=0.0kts, dP6=0.0hPa, CoreMin=203.1K, ColdFrac=1.00","IR=False, WV=True, VIS=True",Correct non-RI identification (prob=0.00 < th=0.50),115.0,35.0,-80.0
2013281N12098,PHAILIN,2013-10-12T12:00:00Z,0,0,0.0046,0.5,TRUE_NEGATIVE,Finalist_T,"dW6=0.0kts, dP6=0.0hPa, CoreMin=196.6K, ColdFrac=0.93","IR=False, WV=True, VIS=True",Correct non-RI identification (prob=0.00 < th=0.50),115.0,35.0,-80.0
2013281N12098,PHAILIN,2013-10-12T18:00:00Z,0,0,0.0012,0.5,TRUE_NEGATIVE,Finalist_T,"dW6=-15.0kts, dP6=16.0hPa, CoreMin=194.2K, ColdFrac=1.00","IR=False, WV=True, VIS=False",Correct non-RI identification (prob=0.00 < th=0.50),100.0,30.0,-70.0
2013281N12098,PHAILIN,2013-10-13T00:00:00Z,0,0,0.0004,0.5,TRUE_NEGATIVE,Finalist_T,"dW6=-25.0kts, dP6=20.0hPa, CoreMin=213.9K, ColdFrac=0.77","IR=False, WV=True, VIS=True",Correct non-RI identification (prob=0.00 < th=0.50),75.0,30.0,-45.0
2013281N12098,PHAILIN,2013-10-13T06:00:00Z,0,0,0.0001,0.5,TRUE_NEGATIVE,Finalist_T,"dW6=-35.0kts, dP6=16.0hPa, CoreMin=228.7K, ColdFrac=0.23","IR=False, WV=True, VIS=True",Correct non-RI identification (prob=0.00 < th=0.50),40.0,25.0,-15.0
2013281N12098,PHAILIN,2013-10-13T09:00:00Z,0,0,0.0003,0.5,TRUE_NEGATIVE,Finalist_T,"dW6=-20.0kts, dP6=3.0hPa, CoreMin=218.8K, ColdFrac=0.49","IR=False, WV=True, VIS=True",Correct non-RI identification (prob=0.00 < th=0.50),35.0,25.0,-10.0
2013322N13090,HELEN,2013-11-18T00:00:00Z,0,0,0.0019,0.35,TRUE_NEGATIVE,Finalist_T,"dW6=0.0kts, dP6=0.0hPa, CoreMin=205.0K, ColdFrac=1.00","IR=False, WV=True, VIS=True",Correct non-RI identification (prob=0.00 < th=0.35),20.0,25.0,5.0
2013322N13090,HELEN,2013-11-18T03:00:00Z,0,0,0.0016,0.35,TRUE_NEGATIVE,Finalist_T,"dW6=0.0kts, dP6=0.0hPa, CoreMin=208.5K, ColdFrac=0.96","IR=False, WV=True, VIS=True",Correct non-RI identification (prob=0.00 < th=0.35),23.0,25.0,2.0
2013322N13090,HELEN,2013-11-18T06:00:00Z,0,0,0.0083,0.35,TRUE_NEGATIVE,Finalist_T,"dW6=5.0kts, dP6=-3.0hPa, CoreMin=205.7K, ColdFrac=0.56","IR=False, WV=True, VIS=True",Correct non-RI identification (prob=0.01 < th=0.35),25.0,25.0,0.0
2013322N13090,HELEN,2013-11-18T09:00:00Z,0,0,0.0071,0.35,TRUE_NEGATIVE,Finalist_T,"dW6=2.0kts, dP6=-2.0hPa, CoreMin=213.3K, ColdFrac=0.91","IR=False, WV=True, VIS=True",Correct non-RI identification (prob=0.01 < th=0.35),25.0,38.0,13.0
2013322N13090,HELEN,2013-11-18T12:00:00Z,0,1,0.4577,0.35,FALSE_POSITIVE,Finalist_T,"dW6=0.0kts, dP6=0.0hPa, CoreMin=217.9K, ColdFrac=0.15","IR=False, WV=True, VIS=True",Borderline false alarm (prob=0.46 near th=0.35); moderate kinematic intensification,25.0,25.0,0.0
2013322N13090,HELEN,2013-11-18T15:00:00Z,0,1,0.4566,0.35,FALSE_POSITIVE,Finalist_T,"dW6=0.0kts, dP6=0.0hPa, CoreMin=225.9K, ColdFrac=0.02","IR=False, WV=True, VIS=True",Borderline false alarm (prob=0.46 near th=0.35); moderate kinematic intensification,25.0,30.0,5.0
2013322N13090,HELEN,2013-11-18T18:00:00Z,0,1,0.4956,0.35,FALSE_POSITIVE,Finalist_T,"dW6=0.0kts, dP6=0.0hPa, CoreMin=205.2K, ColdFrac=0.56","IR=False, WV=True, VIS=True",Borderline false alarm (prob=0.50 near th=0.35); moderate kinematic intensification,25.0,30.0,5.0
2013322N13090,HELEN,2013-11-18T21:00:00Z,0,1,0.5344,0.35,FALSE_POSITIVE,Finalist_T,"dW6=5.0kts, dP6=-4.0hPa, CoreMin=199.5K, ColdFrac=0.86","IR=False, WV=True, VIS=True",Borderline false alarm (prob=0.53 near th=0.35); moderate kinematic intensification,30.0,45.0,15.0
2013322N13090,HELEN,2013-11-19T00:00:00Z,0,1,0.5459,0.35,FALSE_POSITIVE,Finalist_T,"dW6=0.0kts, dP6=0.0hPa, CoreMin=195.0K, ColdFrac=1.00","IR=False, WV=True, VIS=True",Borderline false alarm (prob=0.55 near th=0.35); moderate kinematic intensification,25.0,30.0,5.0
2013322N13090,HELEN,2013-11-19T03:00:00Z,0,1,0.5419,0.35,FALSE_POSITIVE,Finalist_T,"dW6=-5.0kts, dP6=4.0hPa, CoreMin=206.4K, ColdFrac=0.91","IR=False, WV=True, VIS=True",Borderline false alarm (prob=0.54 near th=0.35); moderate kinematic intensification,25.0,35.0,10.0
2013322N13090,HELEN,2013-11-19T06:00:00Z,0,1,0.5696,0.35,FALSE_POSITIVE,Finalist_T,"dW6=0.0kts, dP6=0.0hPa, CoreMin=211.3K, ColdFrac=0.52","IR=False, WV=True, VIS=True",Borderline false alarm (prob=0.57 near th=0.35); moderate kinematic intensification,25.0,40.0,15.0
2013322N13090,HELEN,2013-11-19T09:00:00Z,0,1,0.6415,0.35,FALSE_POSITIVE,Finalist_T,"dW6=13.0kts, dP6=-9.0hPa, CoreMin=200.4K, ColdFrac=0.28","IR=False, WV=True, VIS=True",Borderline false alarm (prob=0.64 near th=0.35); moderate kinematic intensification,38.0,40.0,2.0
2013322N13090,HELEN,2013-11-19T12:00:00Z,0,1,0.6325,0.35,FALSE_POSITIVE,Finalist_T,"dW6=0.0kts, dP6=0.0hPa, CoreMin=197.5K, ColdFrac=0.72","IR=False, WV=True, VIS=True",Borderline false alarm (prob=0.63 near th=0.35); moderate kinematic intensification,25.0,45.0,20.0
2013322N13090,HELEN,2013-11-19T15:00:00Z,0,1,0.6672,0.35,FALSE_POSITIVE,Finalist_T,"dW6=-8.0kts, dP6=7.0hPa, CoreMin=197.9K, ColdFrac=0.95","IR=False, WV=True, VIS=True",Borderline false alarm (prob=0.67 near th=0.35); moderate kinematic intensification,30.0,45.0,15.0
2013322N13090,HELEN,2013-11-19T18:00:00Z,0,1,0.6302,0.35,FALSE_POSITIVE,Finalist_T,"dW6=5.0kts, dP6=-2.0hPa, CoreMin=197.9K, ColdFrac=1.00","IR=False, WV=True, VIS=True",Borderline false alarm (prob=0.63 near th=0.35); moderate kinematic intensification,30.0,45.0,15.0
2013322N13090,HELEN,2013-11-19T21:00:00Z,0,1,0.4975,0.35,FALSE_POSITIVE,Finalist_T,"dW6=15.0kts, dP6=-13.0hPa, CoreMin=192.7K, ColdFrac=1.00","IR=False, WV=True, VIS=True",Borderline false alarm (prob=0.50 near th=0.35); moderate kinematic intensification,45.0,45.0,0.0
2013322N13090,HELEN,2013-11-20T00:00:00Z,0,1,0.7404,0.35,FALSE_POSITIVE,Finalist_T,"dW6=0.0kts, dP6=0.0hPa, CoreMin=195.1K, ColdFrac=1.00","IR=False, WV=True, VIS=True",Borderline false alarm (prob=0.74 near th=0.35); moderate kinematic intensification,30.0,50.0,20.0
2013322N13090,HELEN,2013-11-20T03:00:00Z,0,1,0.6972,0.35,FALSE_POSITIVE,Finalist_T,"dW6=-10.0kts, dP6=11.0hPa, CoreMin=205.3K, ColdFrac=1.00","IR=False, WV=True, VIS=True",Borderline false alarm (prob=0.70 near th=0.35); moderate kinematic intensification,35.0,50.0,15.0
2013322N13090,HELEN,2013-11-20T06:00:00Z,0,1,0.7888,0.35,FALSE_POSITIVE,Finalist_T,"dW6=10.0kts, dP6=-2.0hPa, CoreMin=203.4K, ColdFrac=1.00","IR=False, WV=True, VIS=True",Borderline false alarm (prob=0.79 near th=0.35); moderate kinematic intensification,40.0,55.0,15.0
2013322N13090,HELEN,2013-11-20T09:00:00Z,0,1,0.7089,0.35,FALSE_POSITIVE,Finalist_T,"dW6=5.0kts, dP6=0.0hPa, CoreMin=196.6K, ColdFrac=1.00","IR=False, WV=True, VIS=True",Borderline false alarm (prob=0.71 near th=0.35); moderate kinematic intensification,40.0,55.0,15.0
2013322N13090,HELEN,2013-11-20T12:00:00Z,0,1,0.8019,0.35,FALSE_POSITIVE,Finalist_T,"dW6=5.0kts, dP6=-2.0hPa, CoreMin=193.8K, ColdFrac=1.00","IR=False, WV=True, VIS=True",High-confidence false alarm (prob=0.80 vs th=0.35); intense core convection without subsequent 24h RI,45.0,55.0,10.0
2013322N13090,HELEN,2013-11-20T15:00:00Z,0,1,0.8303,0.35,FALSE_POSITIVE,Finalist_T,"dW6=5.0kts, dP6=-2.0hPa, CoreMin=195.3K, ColdFrac=1.00","IR=False, WV=True, VIS=True",High-confidence false alarm (prob=0.83 vs th=0.35); intense core convection without subsequent 24h RI,45.0,55.0,10.0
2013322N13090,HELEN,2013-11-20T18:00:00Z,0,1,0.6537,0.35,FALSE_POSITIVE,Finalist_T,"dW6=0.0kts, dP6=-2.0hPa, CoreMin=192.2K, ColdFrac=1.00","IR=False, WV=True, VIS=True",Borderline false alarm (prob=0.65 near th=0.35); moderate kinematic intensification,45.0,55.0,10.0
2013322N13090,HELEN,2013-11-20T21:00:00Z,0,1,0.6544,0.35,FALSE_POSITIVE,Finalist_T,"dW6=0.0kts, dP6=-2.0hPa, CoreMin=192.2K, ColdFrac=1.00","IR=False, WV=True, VIS=True",Borderline false alarm (prob=0.65 near th=0.35); moderate kinematic intensification,45.0,55.0,10.0
2013322N13090,HELEN,2013-11-21T00:00:00Z,0,1,0.7281,0.35,FALSE_POSITIVE,Finalist_T,"dW6=5.0kts, dP6=-2.0hPa, CoreMin=187.9K, ColdFrac=1.00","IR=False, WV=True, VIS=True",Borderline false alarm (prob=0.73 near th=0.35); moderate kinematic intensification,50.0,55.0,5.0
2013322N13090,HELEN,2013-11-21T03:00:00Z,0,1,0.5977,0.35,FALSE_POSITIVE,Finalist_T,"dW6=5.0kts, dP6=-4.0hPa, CoreMin=192.2K, ColdFrac=1.00","IR=False, WV=True, VIS=True",Borderline false alarm (prob=0.60 near th=0.35); moderate kinematic intensification,50.0,55.0,5.0
2013322N13090,HELEN,2013-11-21T06:00:00Z,0,1,0.7065,0.35,FALSE_POSITIVE,Finalist_T,"dW6=5.0kts, dP6=-4.0hPa, CoreMin=193.2K, ColdFrac=1.00","IR=False, WV=True, VIS=True",Borderline false alarm (prob=0.71 near th=0.35); moderate kinematic intensification,55.0,55.0,0.0
2013322N13090,HELEN,2013-11-21T09:00:00Z,0,1,0.6905,0.35,FALSE_POSITIVE,Finalist_T,"dW6=5.0kts, dP6=-2.0hPa, CoreMin=190.1K, ColdFrac=1.00","IR=False, WV=True, VIS=True",Borderline false alarm (prob=0.69 near th=0.35); moderate kinematic intensification,55.0,40.0,-15.0
2013322N13090,HELEN,2013-11-21T12:00:00Z,0,1,0.6172,0.35,FALSE_POSITIVE,Finalist_T,"dW6=0.0kts, dP6=0.0hPa, CoreMin=190.6K, ColdFrac=1.00","IR=False, WV=True, VIS=False",Borderline false alarm (prob=0.62 near th=0.35); moderate kinematic intensification,55.0,30.0,-25.0
2013322N13090,HELEN,2013-11-21T15:00:00Z,0,1,0.4972,0.35,FALSE_POSITIVE,Finalist_T,"dW6=0.0kts, dP6=0.0hPa, CoreMin=191.2K, ColdFrac=1.00","IR=False, WV=True, VIS=False",Borderline false alarm (prob=0.50 near th=0.35); moderate kinematic intensification,55.0,28.0,-27.0
2013322N13090,HELEN,2013-11-21T18:00:00Z,0,1,0.543,0.35,FALSE_POSITIVE,Finalist_T,"dW6=0.0kts, dP6=0.0hPa, CoreMin=192.2K, ColdFrac=1.00","IR=False, WV=True, VIS=False",Borderline false alarm (prob=0.54 near th=0.35); moderate kinematic intensification,55.0,25.0,-30.0
2013322N13090,HELEN,2013-11-21T21:00:00Z,0,1,0.4019,0.35,FALSE_POSITIVE,Finalist_T,"dW6=0.0kts, dP6=0.0hPa, CoreMin=193.2K, ColdFrac=1.00","IR=False, WV=True, VIS=True",Borderline false alarm (prob=0.40 near th=0.35); moderate kinematic intensification,55.0,23.0,-32.0
2013322N13090,HELEN,2013-11-22T00:00:00Z,0,1,0.4206,0.35,FALSE_POSITIVE,Finalist_T,"dW6=0.0kts, dP6=0.0hPa, CoreMin=191.7K, ColdFrac=1.00","IR=False, WV=True, VIS=True",Borderline false alarm (prob=0.42 near th=0.35); moderate kinematic intensification,55.0,20.0,-35.0
2013322N13090,HELEN,2013-11-22T03:00:00Z,0,1,0.4249,0.35,FALSE_POSITIVE,Finalist_T,"dW6=0.0kts, dP6=0.0hPa, CoreMin=191.8K, ColdFrac=1.00","IR=False, WV=True, VIS=True",Borderline false alarm (prob=0.42 near th=0.35); moderate kinematic intensification,55.0,20.0,-35.0
2013322N13090,HELEN,2013-11-22T06:00:00Z,0,1,0.4266,0.35,FALSE_POSITIVE,Finalist_T,"dW6=0.0kts, dP6=0.0hPa, CoreMin=197.0K, ColdFrac=0.88","IR=False, WV=True, VIS=True",Borderline false alarm (prob=0.43 near th=0.35); moderate kinematic intensification,55.0,20.0,-35.0
2013322N13090,HELEN,2013-11-22T09:00:00Z,0,0,0.2443,0.35,TRUE_NEGATIVE,Finalist_T,"dW6=-15.0kts, dP6=10.0hPa, CoreMin=213.8K, ColdFrac=0.23","IR=False, WV=True, VIS=True",Correct non-RI identification (prob=0.24 < th=0.35),40.0,20.0,-20.0
2014279N11096,HUDHUD,2014-10-06T06:00:00Z,0,0,0.0041,0.4,TRUE_NEGATIVE,Finalist_T,"dW6=0.0kts, dP6=0.0hPa, CoreMin=218.3K, ColdFrac=0.16","IR=False, WV=True, VIS=True",Correct non-RI identification (prob=0.00 < th=0.40),15.0,25.0,10.0
2014279N11096,HUDHUD,2014-10-06T09:00:00Z,0,0,0.0103,0.4,TRUE_NEGATIVE,Finalist_T,"dW6=0.0kts, dP6=0.0hPa, CoreMin=235.4K, ColdFrac=0.00","IR=False, WV=True, VIS=True",Correct non-RI identification (prob=0.01 < th=0.40),18.0,28.0,10.0
2014279N11096,HUDHUD,2014-10-06T12:00:00Z,0,0,0.0817,0.4,TRUE_NEGATIVE,Finalist_T,"dW6=5.0kts, dP6=-3.0hPa, CoreMin=217.3K, ColdFrac=0.10","IR=False, WV=True, VIS=True",Correct non-RI identification (prob=0.08 < th=0.40),20.0,30.0,10.0
2014279N11096,HUDHUD,2014-10-06T15:00:00Z,0,0,0.0799,0.4,TRUE_NEGATIVE,Finalist_T,"dW6=5.0kts, dP6=-3.0hPa, CoreMin=221.5K, ColdFrac=0.19","IR=False, WV=True, VIS=True",Correct non-RI identification (prob=0.08 < th=0.40),23.0,30.0,7.0
2014279N11096,HUDHUD,2014-10-06T18:00:00Z,0,1,0.8256,0.4,FALSE_POSITIVE,Finalist_T,"dW6=5.0kts, dP6=-3.0hPa, CoreMin=197.2K, ColdFrac=0.95","IR=False, WV=True, VIS=False",High-confidence false alarm (prob=0.83 vs th=0.40); intense core convection without subsequent 24h RI,25.0,30.0,5.0
2014279N11096,HUDHUD,2014-10-06T21:00:00Z,0,1,0.7527,0.4,FALSE_POSITIVE,Finalist_T,"dW6=2.0kts, dP6=-2.0hPa, CoreMin=195.2K, ColdFrac=0.91","IR=False, WV=True, VIS=True",Borderline false alarm (prob=0.75 near th=0.40); moderate kinematic intensification,25.0,33.0,8.0
2014279N11096,HUDHUD,2014-10-07T00:00:00Z,0,1,0.7303,0.4,FALSE_POSITIVE,Finalist_T,"dW6=0.0kts, dP6=0.0hPa, CoreMin=195.0K, ColdFrac=0.96","IR=False, WV=True, VIS=True",Borderline false alarm (prob=0.73 near th=0.40); moderate kinematic intensification,25.0,30.0,5.0
2014279N11096,HUDHUD,2014-10-07T03:00:00Z,0,1,0.6721,0.4,FALSE_POSITIVE,Finalist_T,"dW6=0.0kts, dP6=0.0hPa, CoreMin=197.4K, ColdFrac=1.00","IR=False, WV=True, VIS=True",Borderline false alarm (prob=0.67 near th=0.40); moderate kinematic intensification,25.0,35.0,10.0
2014279N11096,HUDHUD,2014-10-07T06:00:00Z,0,1,0.6087,0.4,FALSE_POSITIVE,Finalist_T,"dW6=0.0kts, dP6=0.0hPa, CoreMin=194.6K, ColdFrac=1.00","IR=False, WV=True, VIS=True",Borderline false alarm (prob=0.61 near th=0.40); moderate kinematic intensification,25.0,40.0,15.0
2014279N11096,HUDHUD,2014-10-07T09:00:00Z,0,1,0.6697,0.4,FALSE_POSITIVE,Finalist_T,"dW6=3.0kts, dP6=-2.0hPa, CoreMin=198.5K, ColdFrac=0.98","IR=False, WV=True, VIS=True",Borderline false alarm (prob=0.67 near th=0.40); moderate kinematic intensification,28.0,40.0,12.0
2014279N11096,HUDHUD,2014-10-07T12:00:00Z,0,1,0.647,0.4,FALSE_POSITIVE,Finalist_T,"dW6=5.0kts, dP6=-4.0hPa, CoreMin=200.1K, ColdFrac=0.72","IR=False, WV=True, VIS=True",Borderline false alarm (prob=0.65 near th=0.40); moderate kinematic intensification,30.0,40.0,10.0
2014279N11096,HUDHUD,2014-10-07T15:00:00Z,0,1,0.6277,0.4,FALSE_POSITIVE,Finalist_T,"dW6=2.0kts, dP6=-2.0hPa, CoreMin=201.9K, ColdFrac=0.43","IR=False, WV=True, VIS=True",Borderline false alarm (prob=0.63 near th=0.40); moderate kinematic intensification,30.0,40.0,10.0
2014279N11096,HUDHUD,2014-10-07T18:00:00Z,0,1,0.6233,0.4,FALSE_POSITIVE,Finalist_T,"dW6=0.0kts, dP6=0.0hPa, CoreMin=190.5K, ColdFrac=0.93","IR=False, WV=True, VIS=False",Borderline false alarm (prob=0.62 near th=0.40); moderate kinematic intensification,30.0,45.0,15.0
2014279N11096,HUDHUD,2014-10-07T21:00:00Z,0,1,0.6336,0.4,FALSE_POSITIVE,Finalist_T,"dW6=3.0kts, dP6=-2.0hPa, CoreMin=192.0K, ColdFrac=1.00","IR=False, WV=True, VIS=True",Borderline false alarm (prob=0.63 near th=0.40); moderate kinematic intensification,33.0,45.0,12.0
2014279N11096,HUDHUD,2014-10-08T00:00:00Z,0,1,0.5353,0.4,FALSE_POSITIVE,Finalist_T,"dW6=0.0kts, dP6=0.0hPa, CoreMin=189.9K, ColdFrac=1.00","IR=False, WV=True, VIS=True",Borderline false alarm (prob=0.54 near th=0.40); moderate kinematic intensification,30.0,45.0,15.0
2014279N11096,HUDHUD,2014-10-08T03:00:00Z,0,1,0.66,0.4,FALSE_POSITIVE,Finalist_T,"dW6=2.0kts, dP6=0.0hPa, CoreMin=192.6K, ColdFrac=1.00","IR=False, WV=True, VIS=True",Borderline false alarm (prob=0.66 near th=0.40); moderate kinematic intensification,35.0,55.0,20.0
2014279N11096,HUDHUD,2014-10-08T06:00:00Z,0,1,0.7069,0.4,FALSE_POSITIVE,Finalist_T,"dW6=10.0kts, dP6=-4.0hPa, CoreMin=191.2K, ColdFrac=1.00","IR=False, WV=True, VIS=True",Borderline false alarm (prob=0.71 near th=0.40); moderate kinematic intensification,40.0,55.0,15.0
2014279N11096,HUDHUD,2014-10-08T09:00:00Z,0,1,0.5036,0.4,FALSE_POSITIVE,Finalist_T,"dW6=5.0kts, dP6=-2.0hPa, CoreMin=192.8K, ColdFrac=1.00","IR=False, WV=True, VIS=True",Borderline false alarm (prob=0.50 near th=0.40); moderate kinematic intensification,40.0,55.0,15.0
2014279N11096,HUDHUD,2014-10-08T12:00:00Z,0,1,0.5308,0.4,FALSE_POSITIVE,Finalist_T,"dW6=0.0kts, dP6=0.0hPa, CoreMin=189.6K, ColdFrac=1.00","IR=False, WV=True, VIS=True",Borderline false alarm (prob=0.53 near th=0.40); moderate kinematic intensification,40.0,55.0,15.0
2014279N11096,HUDHUD,2014-10-08T15:00:00Z,0,1,0.4512,0.4,FALSE_POSITIVE,Finalist_T,"dW6=0.0kts, dP6=0.0hPa, CoreMin=192.9K, ColdFrac=1.00","IR=False, WV=True, VIS=True",Borderline false alarm (prob=0.45 near th=0.40); moderate kinematic intensification,40.0,55.0,15.0
2014279N11096,HUDHUD,2014-10-08T18:00:00Z,0,1,0.6149,0.4,FALSE_POSITIVE,Finalist_T,"dW6=5.0kts, dP6=-2.0hPa, CoreMin=186.1K, ColdFrac=1.00","IR=False, WV=True, VIS=False",Borderline false alarm (prob=0.61 near th=0.40); moderate kinematic intensification,45.0,55.0,10.0
2014279N11096,HUDHUD,2014-10-08T21:00:00Z,0,1,0.4282,0.4,FALSE_POSITIVE,Finalist_T,"dW6=5.0kts, dP6=-4.0hPa, CoreMin=192.9K, ColdFrac=1.00","IR=False, WV=True, VIS=True",Borderline false alarm (prob=0.43 near th=0.40); moderate kinematic intensification,45.0,60.0,15.0
2014279N11096,HUDHUD,2014-10-09T00:00:00Z,0,0,0.3281,0.4,TRUE_NEGATIVE,Finalist_T,"dW6=0.0kts, dP6=-4.0hPa, CoreMin=192.6K, ColdFrac=1.00","IR=False, WV=True, VIS=True",Correct non-RI identification (prob=0.33 < th=0.40),45.0,60.0,15.0
2014279N11096,HUDHUD,2014-10-09T03:00:00Z,0,1,0.7896,0.4,FALSE_POSITIVE,Finalist_T,"dW6=10.0kts, dP6=-4.0hPa, CoreMin=194.2K, ColdFrac=1.00","IR=False, WV=True, VIS=True",Borderline false alarm (prob=0.79 near th=0.40); moderate kinematic intensification,55.0,60.0,5.0
2014279N11096,HUDHUD,2014-10-09T06:00:00Z,0,1,0.7923,0.4,FALSE_POSITIVE,Finalist_T,"dW6=10.0kts, dP6=-2.0hPa, CoreMin=192.4K, ColdFrac=1.00","IR=False, WV=True, VIS=True",Borderline false alarm (prob=0.79 near th=0.40); moderate kinematic intensification,55.0,60.0,5.0
2014279N11096,HUDHUD,2014-10-09T09:00:00Z,0,1,0.5077,0.4,FALSE_POSITIVE,Finalist_T,"dW6=0.0kts, dP6=0.0hPa, CoreMin=189.7K, ColdFrac=1.00","IR=False, WV=True, VIS=True",Borderline false alarm (prob=0.51 near th=0.40); moderate kinematic intensification,55.0,65.0,10.0
2014279N11096,HUDHUD,2014-10-09T12:00:00Z,0,1,0.5466,0.4,FALSE_POSITIVE,Finalist_T,"dW6=0.0kts, dP6=0.0hPa, CoreMin=189.9K, ColdFrac=1.00","IR=False, WV=True, VIS=True",Borderline false alarm (prob=0.55 near th=0.40); moderate kinematic intensification,55.0,70.0,15.0
2014279N11096,HUDHUD,2014-10-09T15:00:00Z,0,0,0.3862,0.4,TRUE_NEGATIVE,Finalist_T,"dW6=0.0kts, dP6=0.0hPa, CoreMin=192.5K, ColdFrac=1.00","IR=False, WV=True, VIS=True",Correct non-RI identification (prob=0.39 < th=0.40),55.0,75.0,20.0
2014279N11096,HUDHUD,2014-10-09T18:00:00Z,0,1,0.4193,0.4,FALSE_POSITIVE,Finalist_T,"dW6=0.0kts, dP6=0.0hPa, CoreMin=188.4K, ColdFrac=1.00","IR=False, WV=True, VIS=False",Borderline false alarm (prob=0.42 near th=0.40); moderate kinematic intensification,55.0,75.0,20.0
2014279N11096,HUDHUD,2014-10-09T21:00:00Z,0,1,0.6326,0.4,FALSE_POSITIVE,Finalist_T,"dW6=5.0kts, dP6=0.0hPa, CoreMin=190.1K, ColdFrac=1.00","IR=False, WV=True, VIS=True",Borderline false alarm (prob=0.63 near th=0.40); moderate kinematic intensification,60.0,75.0,15.0
2014279N11096,HUDHUD,2014-10-10T00:00:00Z,0,1,0.6254,0.4,FALSE_POSITIVE,Finalist_T,"dW6=5.0kts, dP6=0.0hPa, CoreMin=187.7K, ColdFrac=1.00","IR=False, WV=True, VIS=True",Borderline false alarm (prob=0.63 near th=0.40); moderate kinematic intensification,60.0,75.0,15.0
2014279N11096,HUDHUD,2014-10-10T03:00:00Z,0,1,0.4109,0.4,FALSE_POSITIVE,Finalist_T,"dW6=0.0kts, dP6=0.0hPa, CoreMin=190.6K, ColdFrac=1.00","IR=False, WV=True, VIS=True",Borderline false alarm (prob=0.41 near th=0.40); moderate kinematic intensification,60.0,80.0,20.0
2014279N11096,HUDHUD,2014-10-10T06:00:00Z,1,1,0.4097,0.4,TRUE_POSITIVE,Finalist_T,"dW6=0.0kts, dP6=-2.0hPa, CoreMin=193.3K, ColdFrac=1.00","IR=False, WV=True, VIS=True",Correct RI detection (prob=0.41 >= th=0.40),60.0,90.0,30.0
2014279N11096,HUDHUD,2014-10-10T09:00:00Z,0,1,0.4263,0.4,FALSE_POSITIVE,Finalist_T,"dW6=5.0kts, dP6=-4.0hPa, CoreMin=187.5K, ColdFrac=1.00","IR=False, WV=True, VIS=True",Borderline false alarm (prob=0.43 near th=0.40); moderate kinematic intensification,65.0,90.0,25.0
2014279N11096,HUDHUD,2014-10-10T12:00:00Z,0,1,0.6345,0.4,FALSE_POSITIVE,Finalist_T,"dW6=10.0kts, dP6=-4.0hPa, CoreMin=186.2K, ColdFrac=1.00","IR=False, WV=True, VIS=True",Borderline false alarm (prob=0.63 near th=0.40); moderate kinematic intensification,70.0,95.0,25.0
2014279N11096,HUDHUD,2014-10-10T15:00:00Z,0,1,0.6355,0.4,FALSE_POSITIVE,Finalist_T,"dW6=10.0kts, dP6=-4.0hPa, CoreMin=189.4K, ColdFrac=1.00","IR=False, WV=True, VIS=True",Borderline false alarm (prob=0.64 near th=0.40); moderate kinematic intensification,75.0,95.0,20.0
2014279N11096,HUDHUD,2014-10-10T18:00:00Z,0,1,0.4924,0.4,FALSE_POSITIVE,Finalist_T,"dW6=5.0kts, dP6=-4.0hPa, CoreMin=189.4K, ColdFrac=1.00","IR=False, WV=True, VIS=False",Borderline false alarm (prob=0.49 near th=0.40); moderate kinematic intensification,75.0,100.0,25.0
2014279N11096,HUDHUD,2014-10-10T21:00:00Z,0,0,0.1574,0.4,TRUE_NEGATIVE,Finalist_T,"dW6=0.0kts, dP6=-6.0hPa, CoreMin=190.7K, ColdFrac=1.00","IR=False, WV=True, VIS=True",Correct non-RI identification (prob=0.16 < th=0.40),75.0,100.0,25.0
2014279N11096,HUDHUD,2014-10-11T00:00:00Z,0,0,0.0726,0.4,TRUE_NEGATIVE,Finalist_T,"dW6=0.0kts, dP6=-8.0hPa, CoreMin=191.6K, ColdFrac=1.00","IR=False, WV=True, VIS=True",Correct non-RI identification (prob=0.07 < th=0.40),75.0,100.0,25.0
2014279N11096,HUDHUD,2014-10-11T03:00:00Z,0,0,0.1714,0.4,TRUE_NEGATIVE,Finalist_T,"dW6=5.0kts, dP6=-6.0hPa, CoreMin=193.3K, ColdFrac=1.00","IR=False, WV=True, VIS=True",Correct non-RI identification (prob=0.17 < th=0.40),80.0,100.0,20.0
2014279N11096,HUDHUD,2014-10-11T06:00:00Z,0,1,0.6373,0.4,FALSE_POSITIVE,Finalist_T,"dW6=15.0kts, dP6=-4.0hPa, CoreMin=191.1K, ColdFrac=0.94","IR=False, WV=True, VIS=True",Borderline false alarm (prob=0.64 near th=0.40); moderate kinematic intensification,90.0,100.0,10.0
2014279N11096,HUDHUD,2014-10-11T09:00:00Z,0,1,0.5314,0.4,FALSE_POSITIVE,Finalist_T,"dW6=10.0kts, dP6=-4.0hPa, CoreMin=191.8K, ColdFrac=0.98","IR=False, WV=True, VIS=True",Borderline false alarm (prob=0.53 near th=0.40); moderate kinematic intensification,90.0,90.0,0.0
2014279N11096,HUDHUD,2014-10-11T12:00:00Z,0,0,0.3871,0.4,TRUE_NEGATIVE,Finalist_T,"dW6=5.0kts, dP6=-4.0hPa, CoreMin=190.8K, ColdFrac=0.92","IR=False, WV=True, VIS=True",Correct non-RI identification (prob=0.39 < th=0.40),95.0,60.0,-35.0
2014279N11096,HUDHUD,2014-10-11T15:00:00Z,0,0,0.3014,0.4,TRUE_NEGATIVE,Finalist_T,"dW6=5.0kts, dP6=-4.0hPa, CoreMin=194.4K, ColdFrac=1.00","IR=False, WV=True, VIS=True",Correct non-RI identification (prob=0.30 < th=0.40),95.0,45.0,-50.0
2014279N11096,HUDHUD,2014-10-11T18:00:00Z,0,0,0.0839,0.4,TRUE_NEGATIVE,Finalist_T,"dW6=5.0kts, dP6=-8.0hPa, CoreMin=191.5K, ColdFrac=1.00","IR=False, WV=True, VIS=False",Correct non-RI identification (prob=0.08 < th=0.40),100.0,40.0,-60.0
2014279N11096,HUDHUD,2014-10-11T21:00:00Z,0,0,0.083,0.4,TRUE_NEGATIVE,Finalist_T,"dW6=5.0kts, dP6=-8.0hPa, CoreMin=197.6K, ColdFrac=1.00","IR=False, WV=True, VIS=True",Correct non-RI identification (prob=0.08 < th=0.40),100.0,40.0,-60.0
2014279N11096,HUDHUD,2014-10-12T00:00:00Z,0,0,0.0329,0.4,TRUE_NEGATIVE,Finalist_T,"dW6=0.0kts, dP6=-4.0hPa, CoreMin=194.7K, ColdFrac=1.00","IR=False, WV=True, VIS=True",Correct non-RI identification (prob=0.03 < th=0.40),100.0,30.0,-70.0
2014279N11096,HUDHUD,2014-10-12T03:00:00Z,0,0,0.0531,0.4,TRUE_NEGATIVE,Finalist_T,"dW6=0.0kts, dP6=-2.0hPa, CoreMin=195.2K, ColdFrac=1.00","IR=False, WV=True, VIS=True",Correct non-RI identification (prob=0.05 < th=0.40),100.0,30.0,-70.0
2014279N11096,HUDHUD,2014-10-12T06:00:00Z,0,0,0.0458,0.4,TRUE_NEGATIVE,Finalist_T,"dW6=0.0kts, dP6=0.0hPa, CoreMin=196.7K, ColdFrac=0.94","IR=False, WV=True, VIS=True",Correct non-RI identification (prob=0.05 < th=0.40),100.0,30.0,-70.0
2014279N11096,HUDHUD,2014-10-12T09:00:00Z,0,0,0.0509,0.4,TRUE_NEGATIVE,Finalist_T,"dW6=-10.0kts, dP6=10.0hPa, CoreMin=197.3K, ColdFrac=1.00","IR=False, WV=True, VIS=True",Correct non-RI identification (prob=0.05 < th=0.40),90.0,35.0,-55.0
2014279N11096,HUDHUD,2014-10-12T12:00:00Z,0,0,0.01,0.4,TRUE_NEGATIVE,Finalist_T,"dW6=-40.0kts, dP6=32.0hPa, CoreMin=196.8K, ColdFrac=1.00","IR=False, WV=True, VIS=True",Correct non-RI identification (prob=0.01 < th=0.40),60.0,25.0,-35.0
2014279N11096,HUDHUD,2014-10-12T18:00:00Z,0,0,0.001,0.4,TRUE_NEGATIVE,Finalist_T,"dW6=-20.0kts, dP6=5.0hPa, CoreMin=206.9K, ColdFrac=1.00","IR=False, WV=True, VIS=False",Correct non-RI identification (prob=0.00 < th=0.40),40.0,25.0,-15.0
2014279N11096,HUDHUD,2014-10-13T00:00:00Z,0,0,0.0154,0.4,TRUE_NEGATIVE,Finalist_T,"dW6=-10.0kts, dP6=7.0hPa, CoreMin=225.1K, ColdFrac=0.25","IR=False, WV=True, VIS=True",Correct non-RI identification (prob=0.02 < th=0.40),30.0,25.0,-5.0
2014279N11096,HUDHUD,2014-10-13T03:00:00Z,0,0,0.0388,0.4,TRUE_NEGATIVE,Finalist_T,"dW6=-10.0kts, dP6=8.0hPa, CoreMin=226.4K, ColdFrac=0.12","IR=False, WV=True, VIS=True",Correct non-RI identification (prob=0.04 < th=0.40),30.0,20.0,-10.0
2014279N11096,HUDHUD,2014-10-13T06:00:00Z,0,0,0.2447,0.4,TRUE_NEGATIVE,Finalist_T,"dW6=0.0kts, dP6=4.0hPa, CoreMin=213.6K, ColdFrac=0.59","IR=False, WV=True, VIS=True",Correct non-RI identification (prob=0.24 < th=0.40),30.0,20.0,-10.0
2014279N11096,HUDHUD,2014-10-13T09:00:00Z,0,0,0.3047,0.4,TRUE_NEGATIVE,Finalist_T,"dW6=5.0kts, dP6=1.0hPa, CoreMin=216.2K, ColdFrac=0.62","IR=False, WV=True, VIS=True",Correct non-RI identification (prob=0.30 < th=0.40),35.0,20.0,-15.0
2014279N11096,HUDHUD,2014-10-13T12:00:00Z,0,0,0.0782,0.4,TRUE_NEGATIVE,Finalist_T,"dW6=-5.0kts, dP6=0.0hPa, CoreMin=211.8K, ColdFrac=0.68","IR=False, WV=True, VIS=True",Correct non-RI identification (prob=0.08 < th=0.40),25.0,20.0,-5.0
2014297N11062,NILOFAR,2014-10-23T12:00:00Z,0,0,0.0,0.45,TRUE_NEGATIVE,Finalist_T,"dW6=0.0kts, dP6=0.0hPa, CoreMin=214.9K, ColdFrac=0.36","IR=False, WV=True, VIS=True",Correct non-RI identification (prob=0.00 < th=0.45),15.0,20.0,5.0
2014297N11062,NILOFAR,2014-10-23T15:00:00Z,0,0,0.0417,0.45,TRUE_NEGATIVE,Finalist_T,"dW6=0.0kts, dP6=0.0hPa, CoreMin=222.2K, ColdFrac=0.48","IR=False, WV=True, VIS=True",Correct non-RI identification (prob=0.04 < th=0.45),15.0,23.0,8.0
2014297N11062,NILOFAR,2014-10-23T18:00:00Z,0,0,0.242,0.45,TRUE_NEGATIVE,Finalist_T,"dW6=0.0kts, dP6=0.0hPa, CoreMin=223.8K, ColdFrac=0.15","IR=False, WV=True, VIS=True",Correct non-RI identification (prob=0.24 < th=0.45),15.0,25.0,10.0
2014297N11062,NILOFAR,2014-10-23T21:00:00Z,0,0,0.2641,0.45,TRUE_NEGATIVE,Finalist_T,"dW6=3.0kts, dP6=-1.0hPa, CoreMin=216.0K, ColdFrac=0.04","IR=False, WV=True, VIS=True",Correct non-RI identification (prob=0.26 < th=0.45),18.0,28.0,10.0
2014297N11062,NILOFAR,2014-10-24T00:00:00Z,0,1,0.971,0.45,FALSE_POSITIVE,Finalist_T,"dW6=5.0kts, dP6=-3.0hPa, CoreMin=202.7K, ColdFrac=0.50","IR=False, WV=True, VIS=True",High-confidence false alarm (prob=0.97 vs th=0.45); intense core convection without subsequent 24h RI,20.0,25.0,5.0
2014297N11062,NILOFAR,2014-10-24T03:00:00Z,0,1,0.9639,0.45,FALSE_POSITIVE,Finalist_T,"dW6=2.0kts, dP6=-2.0hPa, CoreMin=202.0K, ColdFrac=0.85","IR=False, WV=True, VIS=True",High-confidence false alarm (prob=0.96 vs th=0.45); intense core convection without subsequent 24h RI,20.0,25.0,5.0
2014297N11062,NILOFAR,2014-10-24T06:00:00Z,0,0,0.0168,0.45,TRUE_NEGATIVE,Finalist_T,"dW6=0.0kts, dP6=0.0hPa, CoreMin=207.6K, ColdFrac=0.68","IR=False, WV=True, VIS=True",Correct non-RI identification (prob=0.02 < th=0.45),20.0,25.0,5.0
2014297N11062,NILOFAR,2014-10-24T09:00:00Z,0,0,0.0362,0.45,TRUE_NEGATIVE,Finalist_T,"dW6=0.0kts, dP6=0.0hPa, CoreMin=217.5K, ColdFrac=0.66","IR=False, WV=True, VIS=True",Correct non-RI identification (prob=0.04 < th=0.45),20.0,33.0,13.0
2014297N11062,NILOFAR,2014-10-24T12:00:00Z,0,0,0.0304,0.45,TRUE_NEGATIVE,Finalist_T,"dW6=0.0kts, dP6=0.0hPa, CoreMin=220.1K, ColdFrac=0.60","IR=False, WV=True, VIS=True",Correct non-RI identification (prob=0.03 < th=0.45),20.0,25.0,5.0
2014297N11062,NILOFAR,2014-10-24T15:00:00Z,0,0,0.0429,0.45,TRUE_NEGATIVE,Finalist_T,"dW6=3.0kts, dP6=-1.0hPa, CoreMin=204.0K, ColdFrac=0.23","IR=False, WV=True, VIS=True",Correct non-RI identification (prob=0.04 < th=0.45),23.0,35.0,12.0
2014297N11062,NILOFAR,2014-10-24T18:00:00Z,0,0,0.0624,0.45,TRUE_NEGATIVE,Finalist_T,"dW6=5.0kts, dP6=-3.0hPa, CoreMin=210.2K, ColdFrac=0.43","IR=False, WV=True, VIS=True",Correct non-RI identification (prob=0.06 < th=0.45),25.0,25.0,0.0
2014297N11062,NILOFAR,2014-10-24T21:00:00Z,0,0,0.0603,0.45,TRUE_NEGATIVE,Finalist_T,"dW6=5.0kts, dP6=-4.0hPa, CoreMin=198.2K, ColdFrac=0.41","IR=False, WV=True, VIS=True",Correct non-RI identification (prob=0.06 < th=0.45),28.0,38.0,10.0
2014297N11062,NILOFAR,2014-10-25T00:00:00Z,0,1,0.9622,0.45,FALSE_POSITIVE,Finalist_T,"dW6=0.0kts, dP6=0.0hPa, CoreMin=197.6K, ColdFrac=0.91","IR=False, WV=True, VIS=True",High-confidence false alarm (prob=0.96 vs th=0.45); intense core convection without subsequent 24h RI,25.0,25.0,0.0
2014297N11062,NILOFAR,2014-10-25T03:00:00Z,0,0,0.0073,0.45,TRUE_NEGATIVE,Finalist_T,"dW6=-3.0kts, dP6=2.0hPa, CoreMin=202.8K, ColdFrac=1.00","IR=False, WV=True, VIS=True",Correct non-RI identification (prob=0.01 < th=0.45),25.0,30.0,5.0
2014297N11062,NILOFAR,2014-10-25T06:00:00Z,0,1,0.9184,0.45,FALSE_POSITIVE,Finalist_T,"dW6=0.0kts, dP6=0.0hPa, CoreMin=201.5K, ColdFrac=0.98","IR=False, WV=True, VIS=True",High-confidence false alarm (prob=0.92 vs th=0.45); intense core convection without subsequent 24h RI,25.0,35.0,10.0
2014297N11062,NILOFAR,2014-10-25T09:00:00Z,0,1,0.9573,0.45,FALSE_POSITIVE,Finalist_T,"dW6=8.0kts, dP6=-6.0hPa, CoreMin=197.3K, ColdFrac=1.00","IR=False, WV=True, VIS=True",High-confidence false alarm (prob=0.96 vs th=0.45); intense core convection without subsequent 24h RI,33.0,35.0,2.0
2014297N11062,NILOFAR,2014-10-25T12:00:00Z,0,0,0.0058,0.45,TRUE_NEGATIVE,Finalist_T,"dW6=0.0kts, dP6=-1.0hPa, CoreMin=209.1K, ColdFrac=1.00","IR=False, WV=True, VIS=True",Correct non-RI identification (prob=0.01 < th=0.45),25.0,40.0,15.0
2014297N11062,NILOFAR,2014-10-25T15:00:00Z,0,0,0.0094,0.45,TRUE_NEGATIVE,Finalist_T,"dW6=2.0kts, dP6=-2.0hPa, CoreMin=210.9K, ColdFrac=0.97","IR=False, WV=True, VIS=True",Correct non-RI identification (prob=0.01 < th=0.45),35.0,40.0,5.0
2014297N11062,NILOFAR,2014-10-25T18:00:00Z,0,0,0.0117,0.45,TRUE_NEGATIVE,Finalist_T,"dW6=0.0kts, dP6=0.0hPa, CoreMin=199.1K, ColdFrac=1.00","IR=False, WV=True, VIS=True",Correct non-RI identification (prob=0.01 < th=0.45),25.0,45.0,20.0
2014297N11062,NILOFAR,2014-10-25T21:00:00Z,0,0,0.0137,0.45,TRUE_NEGATIVE,Finalist_T,"dW6=3.0kts, dP6=-1.0hPa, CoreMin=193.0K, ColdFrac=0.90","IR=False, WV=True, VIS=True",Correct non-RI identification (prob=0.01 < th=0.45),38.0,50.0,12.0
2014297N11062,NILOFAR,2014-10-26T00:00:00Z,1,0,0.0101,0.45,FALSE_NEGATIVE,Finalist_T,"dW6=0.0kts, dP6=-1.0hPa, CoreMin=191.8K, ColdFrac=1.00","IR=False, WV=True, VIS=True",High-confidence miss (prob=0.01 vs th=0.45); early RI onset before satellite signature consolidated,25.0,55.0,30.0
2014297N11062,NILOFAR,2014-10-26T03:00:00Z,1,0,0.0019,0.45,FALSE_NEGATIVE,Finalist_T,"dW6=-8.0kts, dP6=4.0hPa, CoreMin=193.9K, ColdFrac=1.00","IR=False, WV=True, VIS=True",High-confidence miss (prob=0.00 vs th=0.45); early RI onset before satellite signature consolidated,30.0,60.0,30.0
2014297N11062,NILOFAR,2014-10-26T06:00:00Z,1,0,0.0182,0.45,FALSE_NEGATIVE,Finalist_T,"dW6=10.0kts, dP6=-4.0hPa, CoreMin=196.3K, ColdFrac=1.00","IR=False, WV=True, VIS=True",High-confidence miss (prob=0.02 vs th=0.45); early RI onset before satellite signature consolidated,35.0,65.0,30.0
2014297N11062,NILOFAR,2014-10-26T09:00:00Z,1,0,0.0036,0.45,FALSE_NEGATIVE,Finalist_T,"dW6=5.0kts, dP6=-3.0hPa, CoreMin=196.4K, ColdFrac=1.00","IR=False, WV=True, VIS=True",High-confidence miss (prob=0.00 vs th=0.45); early RI onset before satellite signature consolidated,35.0,65.0,30.0
2014297N11062,NILOFAR,2014-10-26T12:00:00Z,1,0,0.0115,0.45,FALSE_NEGATIVE,Finalist_T,"dW6=5.0kts, dP6=-4.0hPa, CoreMin=204.2K, ColdFrac=1.00","IR=False, WV=True, VIS=True",High-confidence miss (prob=0.01 vs th=0.45); early RI onset before satellite signature consolidated,40.0,70.0,30.0
2014297N11062,NILOFAR,2014-10-26T15:00:00Z,1,0,0.0094,0.45,FALSE_NEGATIVE,Finalist_T,"dW6=5.0kts, dP6=-2.0hPa, CoreMin=195.9K, ColdFrac=0.89","IR=False, WV=True, VIS=True",High-confidence miss (prob=0.01 vs th=0.45); early RI onset before satellite signature consolidated,40.0,70.0,30.0
2014297N11062,NILOFAR,2014-10-26T18:00:00Z,0,0,0.0093,0.45,TRUE_NEGATIVE,Finalist_T,"dW6=5.0kts, dP6=0.0hPa, CoreMin=201.6K, ColdFrac=0.70","IR=False, WV=True, VIS=True",Correct non-RI identification (prob=0.01 < th=0.45),45.0,70.0,25.0
2014297N11062,NILOFAR,2014-10-26T21:00:00Z,0,1,0.9717,0.45,FALSE_POSITIVE,Finalist_T,"dW6=10.0kts, dP6=0.0hPa, CoreMin=204.7K, ColdFrac=0.66","IR=False, WV=True, VIS=True",High-confidence false alarm (prob=0.97 vs th=0.45); intense core convection without subsequent 24h RI,50.0,75.0,25.0
2014297N11062,NILOFAR,2014-10-27T00:00:00Z,0,0,0.0112,0.45,TRUE_NEGATIVE,Finalist_T,"dW6=10.0kts, dP6=-4.0hPa, CoreMin=197.9K, ColdFrac=0.82","IR=False, WV=True, VIS=True",Correct non-RI identification (prob=0.01 < th=0.45),55.0,75.0,20.0
2014297N11062,NILOFAR,2014-10-27T03:00:00Z,0,1,0.8979,0.45,FALSE_POSITIVE,Finalist_T,"dW6=10.0kts, dP6=-4.0hPa, CoreMin=194.0K, ColdFrac=1.00","IR=False, WV=True, VIS=True",High-confidence false alarm (prob=0.90 vs th=0.45); intense core convection without subsequent 24h RI,60.0,75.0,15.0
2014297N11062,NILOFAR,2014-10-27T06:00:00Z,0,0,0.0119,0.45,TRUE_NEGATIVE,Finalist_T,"dW6=10.0kts, dP6=-4.0hPa, CoreMin=198.1K, ColdFrac=1.00","IR=False, WV=True, VIS=True",Correct non-RI identification (prob=0.01 < th=0.45),65.0,80.0,15.0
2014297N11062,NILOFAR,2014-10-27T09:00:00Z,0,1,0.6336,0.45,FALSE_POSITIVE,Finalist_T,"dW6=5.0kts, dP6=-6.0hPa, CoreMin=196.4K, ColdFrac=1.00","IR=False, WV=True, VIS=True",Borderline false alarm (prob=0.63 near th=0.45); moderate kinematic intensification,65.0,90.0,25.0
2014297N11062,NILOFAR,2014-10-27T12:00:00Z,1,0,0.0033,0.45,FALSE_NEGATIVE,Finalist_T,"dW6=5.0kts, dP6=-4.0hPa, CoreMin=195.4K, ColdFrac=1.00","IR=False, WV=True, VIS=True",High-confidence miss (prob=0.00 vs th=0.45); early RI onset before satellite signature consolidated,70.0,100.0,30.0
2014297N11062,NILOFAR,2014-10-27T15:00:00Z,1,1,0.7526,0.45,TRUE_POSITIVE,Finalist_T,"dW6=5.0kts, dP6=-3.0hPa, CoreMin=198.6K, ColdFrac=1.00","IR=False, WV=True, VIS=True",Correct RI detection (prob=0.75 >= th=0.45),70.0,105.0,35.0
2014297N11062,NILOFAR,2014-10-27T18:00:00Z,1,0,0.0008,0.45,FALSE_NEGATIVE,Finalist_T,"dW6=0.0kts, dP6=-2.0hPa, CoreMin=199.1K, ColdFrac=1.00","IR=False, WV=True, VIS=True",High-confidence miss (prob=0.00 vs th=0.45); early RI onset before satellite signature consolidated,70.0,110.0,40.0
2014297N11062,NILOFAR,2014-10-27T21:00:00Z,1,1,0.6464,0.45,TRUE_POSITIVE,Finalist_T,"dW6=5.0kts, dP6=-2.0hPa, CoreMin=194.4K, ColdFrac=1.00","IR=False, WV=True, VIS=True",Correct RI detection (prob=0.65 >= th=0.45),75.0,110.0,35.0
2014297N11062,NILOFAR,2014-10-28T00:00:00Z,1,0,0.0011,0.45,FALSE_NEGATIVE,Finalist_T,"dW6=5.0kts, dP6=-2.0hPa, CoreMin=195.7K, ColdFrac=1.00","IR=False, WV=True, VIS=True",High-confidence miss (prob=0.00 vs th=0.45); early RI onset before satellite signature consolidated,75.0,105.0,30.0
2014297N11062,NILOFAR,2014-10-28T03:00:00Z,0,1,0.5606,0.45,FALSE_POSITIVE,Finalist_T,"dW6=0.0kts, dP6=-2.0hPa, CoreMin=194.5K, ColdFrac=1.00","IR=False, WV=True, VIS=True",Borderline false alarm (prob=0.56 near th=0.45); moderate kinematic intensification,75.0,100.0,25.0
2014297N11062,NILOFAR,2014-10-28T06:00:00Z,0,0,0.0009,0.45,TRUE_NEGATIVE,Finalist_T,"dW6=5.0kts, dP6=-4.0hPa, CoreMin=199.0K, ColdFrac=1.00","IR=False, WV=True, VIS=True",Correct non-RI identification (prob=0.00 < th=0.45),80.0,95.0,15.0
2014297N11062,NILOFAR,2014-10-28T09:00:00Z,0,0,0.001,0.45,TRUE_NEGATIVE,Finalist_T,"dW6=15.0kts, dP6=-11.0hPa, CoreMin=200.4K, ColdFrac=0.94","IR=False, WV=True, VIS=True",Correct non-RI identification (prob=0.00 < th=0.45),90.0,90.0,0.0
2014297N11062,NILOFAR,2014-10-28T12:00:00Z,0,0,0.0007,0.45,TRUE_NEGATIVE,Finalist_T,"dW6=20.0kts, dP6=-20.0hPa, CoreMin=198.1K, ColdFrac=0.93","IR=False, WV=True, VIS=True",Correct non-RI identification (prob=0.00 < th=0.45),100.0,80.0,-20.0
2014297N11062,NILOFAR,2014-10-28T15:00:00Z,0,0,0.0007,0.45,TRUE_NEGATIVE,Finalist_T,"dW6=15.0kts, dP6=-14.0hPa, CoreMin=199.1K, ColdFrac=0.96","IR=False, WV=True, VIS=True",Correct non-RI identification (prob=0.00 < th=0.45),105.0,70.0,-35.0
2014297N11062,NILOFAR,2014-10-28T18:00:00Z,0,1,0.6858,0.45,FALSE_POSITIVE,Finalist_T,"dW6=10.0kts, dP6=-4.0hPa, CoreMin=199.5K, ColdFrac=1.00","IR=False, WV=True, VIS=True",Borderline false alarm (prob=0.69 near th=0.45); moderate kinematic intensification,110.0,70.0,-40.0
2014297N11062,NILOFAR,2014-10-28T21:00:00Z,0,0,0.0003,0.45,TRUE_NEGATIVE,Finalist_T,"dW6=5.0kts, dP6=-2.0hPa, CoreMin=199.5K, ColdFrac=1.00","IR=False, WV=True, VIS=True",Correct non-RI identification (prob=0.00 < th=0.45),110.0,60.0,-50.0
2014297N11062,NILOFAR,2014-10-29T00:00:00Z,0,0,0.0001,0.45,TRUE_NEGATIVE,Finalist_T,"dW6=-5.0kts, dP6=4.0hPa, CoreMin=191.5K, ColdFrac=0.97","IR=False, WV=True, VIS=True",Correct non-RI identification (prob=0.00 < th=0.45),105.0,60.0,-45.0
2014297N11062,NILOFAR,2014-10-29T03:00:00Z,0,0,0.0,0.45,TRUE_NEGATIVE,Finalist_T,"dW6=-10.0kts, dP6=8.0hPa, CoreMin=191.5K, ColdFrac=0.62","IR=False, WV=True, VIS=True",Correct non-RI identification (prob=0.00 < th=0.45),100.0,50.0,-50.0
2014297N11062,NILOFAR,2014-10-29T06:00:00Z,0,0,0.0,0.45,TRUE_NEGATIVE,Finalist_T,"dW6=-10.0kts, dP6=8.0hPa, CoreMin=191.5K, ColdFrac=1.00","IR=False, WV=True, VIS=True",Correct non-RI identification (prob=0.00 < th=0.45),95.0,45.0,-50.0
2014297N11062,NILOFAR,2014-10-29T09:00:00Z,0,0,0.0001,0.45,TRUE_NEGATIVE,Finalist_T,"dW6=-10.0kts, dP6=10.0hPa, CoreMin=188.9K, ColdFrac=0.99","IR=False, WV=True, VIS=True",Correct non-RI identification (prob=0.00 < th=0.45),90.0,40.0,-50.0
2014297N11062,NILOFAR,2014-10-29T12:00:00Z,0,0,0.0,0.45,TRUE_NEGATIVE,Finalist_T,"dW6=-15.0kts, dP6=12.0hPa, CoreMin=196.2K, ColdFrac=1.00","IR=False, WV=True, VIS=True",Correct non-RI identification (prob=0.00 < th=0.45),80.0,40.0,-40.0
2014297N11062,NILOFAR,2014-10-29T15:00:00Z,0,0,0.0,0.45,TRUE_NEGATIVE,Finalist_T,"dW6=-20.0kts, dP6=12.0hPa, CoreMin=204.3K, ColdFrac=0.96","IR=False, WV=True, VIS=False",Correct non-RI identification (prob=0.00 < th=0.45),70.0,40.0,-30.0
2014297N11062,NILOFAR,2014-10-29T18:00:00Z,0,0,0.0004,0.45,TRUE_NEGATIVE,Finalist_T,"dW6=-10.0kts, dP6=12.0hPa, CoreMin=212.8K, ColdFrac=0.11","IR=False, WV=True, VIS=False",Correct non-RI identification (prob=0.00 < th=0.45),70.0,35.0,-35.0
2014297N11062,NILOFAR,2014-10-29T21:00:00Z,0,0,0.0002,0.45,TRUE_NEGATIVE,Finalist_T,"dW6=-10.0kts, dP6=8.0hPa, CoreMin=193.9K, ColdFrac=0.81","IR=False, WV=True, VIS=False",Correct non-RI identification (prob=0.00 < th=0.45),60.0,30.0,-30.0
2014297N11062,NILOFAR,2014-10-30T00:00:00Z,0,0,0.0003,0.45,TRUE_NEGATIVE,Finalist_T,"dW6=-10.0kts, dP6=4.0hPa, CoreMin=203.8K, ColdFrac=1.00","IR=False, WV=True, VIS=True",Correct non-RI identification (prob=0.00 < th=0.45),60.0,25.0,-35.0
2014297N11062,NILOFAR,2014-10-30T03:00:00Z,0,0,0.0005,0.45,TRUE_NEGATIVE,Finalist_T,"dW6=-10.0kts, dP6=6.0hPa, CoreMin=203.5K, ColdFrac=0.98","IR=False, WV=True, VIS=True",Correct non-RI identification (prob=0.00 < th=0.45),50.0,28.0,-22.0
2014297N11062,NILOFAR,2014-10-30T06:00:00Z,0,0,0.0002,0.45,TRUE_NEGATIVE,Finalist_T,"dW6=-15.0kts, dP6=8.0hPa, CoreMin=200.9K, ColdFrac=1.00","IR=False, WV=True, VIS=True",Correct non-RI identification (prob=0.00 < th=0.45),45.0,25.0,-20.0
2014297N11062,NILOFAR,2014-10-30T09:00:00Z,0,0,0.0022,0.45,TRUE_NEGATIVE,Finalist_T,"dW6=-10.0kts, dP6=6.0hPa, CoreMin=201.1K, ColdFrac=1.00","IR=False, WV=True, VIS=True",Correct non-RI identification (prob=0.00 < th=0.45),40.0,25.0,-15.0
2014297N11062,NILOFAR,2014-10-30T12:00:00Z,0,0,0.001,0.45,TRUE_NEGATIVE,Finalist_T,"dW6=-5.0kts, dP6=3.0hPa, CoreMin=209.6K, ColdFrac=0.90","IR=False, WV=True, VIS=True",Correct non-RI identification (prob=0.00 < th=0.45),40.0,25.0,-15.0
2014297N11062,NILOFAR,2014-10-30T15:00:00Z,0,0,0.0004,0.45,TRUE_NEGATIVE,Finalist_T,"dW6=0.0kts, dP6=-7.0hPa, CoreMin=242.8K, ColdFrac=0.00","IR=False, WV=True, VIS=True",Correct non-RI identification (prob=0.00 < th=0.45),40.0,23.0,-17.0
2014297N11062,NILOFAR,2014-10-30T18:00:00Z,0,0,0.0034,0.45,TRUE_NEGATIVE,Finalist_T,"dW6=-5.0kts, dP6=1.0hPa, CoreMin=267.9K, ColdFrac=0.00","IR=False, WV=True, VIS=True",Correct non-RI identification (prob=0.00 < th=0.45),35.0,20.0,-15.0
2014297N11062,NILOFAR,2014-10-30T21:00:00Z,0,0,0.0032,0.45,TRUE_NEGATIVE,Finalist_T,"dW6=-10.0kts, dP6=10.0hPa, CoreMin=280.3K, ColdFrac=0.00","IR=False, WV=True, VIS=True",Correct non-RI identification (prob=0.00 < th=0.45),30.0,20.0,-10.0
2014297N11062,NILOFAR,2014-10-31T00:00:00Z,0,0,0.0012,0.45,TRUE_NEGATIVE,Finalist_T,"dW6=-10.0kts, dP6=2.0hPa, CoreMin=281.3K, ColdFrac=0.00","IR=False, WV=True, VIS=True",Correct non-RI identification (prob=0.00 < th=0.45),25.0,20.0,-5.0
2014297N11062,NILOFAR,2014-10-31T03:00:00Z,0,0,0.0023,0.45,TRUE_NEGATIVE,Finalist_T,"dW6=-2.0kts, dP6=-1.0hPa, CoreMin=288.8K, ColdFrac=0.00","IR=False, WV=True, VIS=True",Correct non-RI identification (prob=0.00 < th=0.45),28.0,20.0,-8.0
2014297N11062,NILOFAR,2014-10-31T06:00:00Z,0,0,0.0015,0.45,TRUE_NEGATIVE,Finalist_T,"dW6=0.0kts, dP6=0.0hPa, CoreMin=288.5K, ColdFrac=0.00","IR=False, WV=True, VIS=True",Correct non-RI identification (prob=0.00 < th=0.45),25.0,20.0,-5.0
2014297N11062,NILOFAR,2014-10-31T09:00:00Z,0,0,0.002,0.45,TRUE_NEGATIVE,Finalist_T,"dW6=-3.0kts, dP6=2.0hPa, CoreMin=289.4K, ColdFrac=0.00","IR=False, WV=True, VIS=True",Correct non-RI identification (prob=0.00 < th=0.45),25.0,18.0,-7.0
2014297N11062,NILOFAR,2014-10-31T12:00:00Z,0,1,0.8867,0.45,FALSE_POSITIVE,Finalist_T,"dW6=0.0kts, dP6=0.0hPa, CoreMin=287.2K, ColdFrac=0.00","IR=False, WV=True, VIS=True",High-confidence false alarm (prob=0.89 vs th=0.45); intense core convection without subsequent 24h RI,25.0,15.0,-10.0
2014297N11062,NILOFAR,2014-10-31T15:00:00Z,0,1,0.8539,0.45,FALSE_POSITIVE,Finalist_T,"dW6=-2.0kts, dP6=2.0hPa, CoreMin=292.5K, ColdFrac=0.00","IR=False, WV=True, VIS=True",High-confidence false alarm (prob=0.85 vs th=0.45); intense core convection without subsequent 24h RI,23.0,15.0,-8.0
2015309N14067,MEGH,2015-11-04T12:00:00Z,0,0,0.0034,0.225,TRUE_NEGATIVE,Finalist_T,"dW6=0.0kts, dP6=0.0hPa, CoreMin=200.2K, ColdFrac=1.00","IR=False, WV=True, VIS=True",Correct non-RI identification (prob=0.00 < th=0.23),20.0,35.0,15.0
2015309N14067,MEGH,2015-11-04T15:00:00Z,0,0,0.007,0.225,TRUE_NEGATIVE,Finalist_T,"dW6=0.0kts, dP6=0.0hPa, CoreMin=210.9K, ColdFrac=0.76","IR=False, WV=True, VIS=False",Correct non-RI identification (prob=0.01 < th=0.23),23.0,40.0,17.0
2015309N14067,MEGH,2015-11-04T18:00:00Z,0,0,0.0527,0.225,TRUE_NEGATIVE,Finalist_T,"dW6=5.0kts, dP6=-3.0hPa, CoreMin=214.0K, ColdFrac=0.78","IR=False, WV=True, VIS=False",Correct non-RI identification (prob=0.05 < th=0.23),25.0,45.0,20.0
2015309N14067,MEGH,2015-11-04T21:00:00Z,0,0,0.0391,0.225,TRUE_NEGATIVE,Finalist_T,"dW6=5.0kts, dP6=-4.0hPa, CoreMin=209.3K, ColdFrac=0.79","IR=False, WV=True, VIS=False",Correct non-RI identification (prob=0.04 < th=0.23),28.0,45.0,17.0
2015309N14067,MEGH,2015-11-05T00:00:00Z,0,1,0.8127,0.225,FALSE_POSITIVE,Finalist_T,"dW6=0.0kts, dP6=2.0hPa, CoreMin=193.6K, ColdFrac=1.00","IR=False, WV=True, VIS=True",High-confidence false alarm (prob=0.81 vs th=0.23); intense core convection without subsequent 24h RI,25.0,45.0,20.0
2015309N14067,MEGH,2015-11-05T03:00:00Z,0,1,0.6732,0.225,FALSE_POSITIVE,Finalist_T,"dW6=-3.0kts, dP6=2.0hPa, CoreMin=191.2K, ColdFrac=1.00","IR=False, WV=True, VIS=True",Borderline false alarm (prob=0.67 near th=0.23); moderate kinematic intensification,25.0,45.0,20.0
2015309N14067,MEGH,2015-11-05T06:00:00Z,0,1,0.6806,0.225,FALSE_POSITIVE,Finalist_T,"dW6=5.0kts, dP6=-4.0hPa, CoreMin=193.6K, ColdFrac=1.00","IR=False, WV=True, VIS=True",Borderline false alarm (prob=0.68 near th=0.23); moderate kinematic intensification,30.0,45.0,15.0
2015309N14067,MEGH,2015-11-05T09:00:00Z,0,1,0.6619,0.225,FALSE_POSITIVE,Finalist_T,"dW6=10.0kts, dP6=-8.0hPa, CoreMin=191.2K, ColdFrac=1.00","IR=False, WV=True, VIS=True",Borderline false alarm (prob=0.66 near th=0.23); moderate kinematic intensification,35.0,45.0,10.0
2015309N14067,MEGH,2015-11-05T12:00:00Z,0,1,0.7848,0.225,FALSE_POSITIVE,Finalist_T,"dW6=5.0kts, dP6=-4.0hPa, CoreMin=191.2K, ColdFrac=1.00","IR=False, WV=True, VIS=True",Borderline false alarm (prob=0.78 near th=0.23); moderate kinematic intensification,35.0,45.0,10.0
2015309N14067,MEGH,2015-11-05T15:00:00Z,0,1,0.8733,0.225,FALSE_POSITIVE,Finalist_T,"dW6=5.0kts, dP6=0.0hPa, CoreMin=195.9K, ColdFrac=1.00","IR=False, WV=True, VIS=False",High-confidence false alarm (prob=0.87 vs th=0.23); intense core convection without subsequent 24h RI,40.0,45.0,5.0
2015309N14067,MEGH,2015-11-05T18:00:00Z,0,1,0.8769,0.225,FALSE_POSITIVE,Finalist_T,"dW6=10.0kts, dP6=-4.0hPa, CoreMin=198.1K, ColdFrac=1.00","IR=False, WV=True, VIS=False",High-confidence false alarm (prob=0.88 vs th=0.23); intense core convection without subsequent 24h RI,45.0,45.0,0.0
2015309N14067,MEGH,2015-11-05T21:00:00Z,0,1,0.778,0.225,FALSE_POSITIVE,Finalist_T,"dW6=5.0kts, dP6=-2.0hPa, CoreMin=198.1K, ColdFrac=1.00","IR=False, WV=True, VIS=False",Borderline false alarm (prob=0.78 near th=0.23); moderate kinematic intensification,45.0,45.0,0.0
2015309N14067,MEGH,2015-11-06T00:00:00Z,0,1,0.7444,0.225,FALSE_POSITIVE,Finalist_T,"dW6=0.0kts, dP6=0.0hPa, CoreMin=191.2K, ColdFrac=1.00","IR=False, WV=True, VIS=True",Borderline false alarm (prob=0.74 near th=0.23); moderate kinematic intensification,45.0,45.0,0.0
2015309N14067,MEGH,2015-11-06T03:00:00Z,0,1,0.6672,0.225,FALSE_POSITIVE,Finalist_T,"dW6=0.0kts, dP6=0.0hPa, CoreMin=193.6K, ColdFrac=1.00","IR=False, WV=True, VIS=True",Borderline false alarm (prob=0.67 near th=0.23); moderate kinematic intensification,45.0,45.0,0.0
2015309N14067,MEGH,2015-11-06T06:00:00Z,0,1,0.5849,0.225,FALSE_POSITIVE,Finalist_T,"dW6=0.0kts, dP6=0.0hPa, CoreMin=193.6K, ColdFrac=1.00","IR=False, WV=True, VIS=True",Borderline false alarm (prob=0.58 near th=0.23); moderate kinematic intensification,45.0,50.0,5.0
2015309N14067,MEGH,2015-11-06T09:00:00Z,0,1,0.5762,0.225,FALSE_POSITIVE,Finalist_T,"dW6=0.0kts, dP6=0.0hPa, CoreMin=198.1K, ColdFrac=0.95","IR=False, WV=True, VIS=True",Borderline false alarm (prob=0.58 near th=0.23); moderate kinematic intensification,45.0,55.0,10.0
2015309N14067,MEGH,2015-11-06T12:00:00Z,0,1,0.5777,0.225,FALSE_POSITIVE,Finalist_T,"dW6=0.0kts, dP6=0.0hPa, CoreMin=202.1K, ColdFrac=1.00","IR=False, WV=True, VIS=True",Borderline false alarm (prob=0.58 near th=0.23); moderate kinematic intensification,45.0,60.0,15.0
2015309N14067,MEGH,2015-11-06T15:00:00Z,0,1,0.5857,0.225,FALSE_POSITIVE,Finalist_T,"dW6=0.0kts, dP6=0.0hPa, CoreMin=202.1K, ColdFrac=0.66","IR=False, WV=True, VIS=False",Borderline false alarm (prob=0.59 near th=0.23); moderate kinematic intensification,45.0,65.0,20.0
2015309N14067,MEGH,2015-11-06T18:00:00Z,0,1,0.6338,0.225,FALSE_POSITIVE,Finalist_T,"dW6=0.0kts, dP6=0.0hPa, CoreMin=191.2K, ColdFrac=1.00","IR=False, WV=True, VIS=False",Borderline false alarm (prob=0.63 near th=0.23); moderate kinematic intensification,45.0,70.0,25.0
2015309N14067,MEGH,2015-11-06T21:00:00Z,1,1,0.6062,0.225,TRUE_POSITIVE,Finalist_T,"dW6=0.0kts, dP6=0.0hPa, CoreMin=188.6K, ColdFrac=1.00","IR=False, WV=True, VIS=False",Correct RI detection (prob=0.61 >= th=0.23),45.0,80.0,35.0
2015309N14067,MEGH,2015-11-07T00:00:00Z,1,1,0.6169,0.225,TRUE_POSITIVE,Finalist_T,"dW6=0.0kts, dP6=0.0hPa, CoreMin=183.2K, ColdFrac=1.00","IR=False, WV=True, VIS=True",Correct RI detection (prob=0.62 >= th=0.23),45.0,85.0,40.0
2015309N14067,MEGH,2015-11-07T03:00:00Z,1,1,0.5724,0.225,TRUE_POSITIVE,Finalist_T,"dW6=0.0kts, dP6=0.0hPa, CoreMin=189.0K, ColdFrac=1.00","IR=False, WV=True, VIS=True",Correct RI detection (prob=0.57 >= th=0.23),45.0,90.0,45.0
2015309N14067,MEGH,2015-11-07T06:00:00Z,1,1,0.7371,0.225,TRUE_POSITIVE,Finalist_T,"dW6=5.0kts, dP6=-2.0hPa, CoreMin=191.6K, ColdFrac=1.00","IR=False, WV=True, VIS=True",Correct RI detection (prob=0.74 >= th=0.23),50.0,95.0,45.0
2015309N14067,MEGH,2015-11-07T09:00:00Z,1,1,0.8069,0.225,TRUE_POSITIVE,Finalist_T,"dW6=10.0kts, dP6=-4.0hPa, CoreMin=191.6K, ColdFrac=1.00","IR=False, WV=True, VIS=True",Correct RI detection (prob=0.81 >= th=0.23),55.0,95.0,40.0
2015309N14067,MEGH,2015-11-07T12:00:00Z,1,1,0.8681,0.225,TRUE_POSITIVE,Finalist_T,"dW6=10.0kts, dP6=-4.0hPa, CoreMin=189.0K, ColdFrac=1.00","IR=False, WV=True, VIS=True",Correct RI detection (prob=0.87 >= th=0.23),60.0,90.0,30.0
2015309N14067,MEGH,2015-11-07T15:00:00Z,0,1,0.8552,0.225,FALSE_POSITIVE,Finalist_T,"dW6=10.0kts, dP6=-6.0hPa, CoreMin=191.6K, ColdFrac=1.00","IR=False, WV=True, VIS=False",High-confidence false alarm (prob=0.86 vs th=0.23); intense core convection without subsequent 24h RI,65.0,90.0,25.0
2015309N14067,MEGH,2015-11-07T18:00:00Z,0,1,0.7802,0.225,FALSE_POSITIVE,Finalist_T,"dW6=10.0kts, dP6=-8.0hPa, CoreMin=189.0K, ColdFrac=1.00","IR=False, WV=True, VIS=True",Borderline false alarm (prob=0.78 near th=0.23); moderate kinematic intensification,70.0,90.0,20.0
2015309N14067,MEGH,2015-11-07T21:00:00Z,0,1,0.8747,0.225,FALSE_POSITIVE,Finalist_T,"dW6=15.0kts, dP6=-8.0hPa, CoreMin=189.0K, ColdFrac=1.00","IR=False, WV=True, VIS=False",High-confidence false alarm (prob=0.87 vs th=0.23); intense core convection without subsequent 24h RI,80.0,90.0,10.0
2015309N14067,MEGH,2015-11-08T00:00:00Z,0,1,0.8905,0.225,FALSE_POSITIVE,Finalist_T,"dW6=15.0kts, dP6=-6.0hPa, CoreMin=189.0K, ColdFrac=1.00","IR=False, WV=True, VIS=True",High-confidence false alarm (prob=0.89 vs th=0.23); intense core convection without subsequent 24h RI,85.0,85.0,0.0
2015309N14067,MEGH,2015-11-08T03:00:00Z,0,1,0.7524,0.225,FALSE_POSITIVE,Finalist_T,"dW6=10.0kts, dP6=-8.0hPa, CoreMin=189.0K, ColdFrac=1.00","IR=False, WV=True, VIS=True",Borderline false alarm (prob=0.75 near th=0.23); moderate kinematic intensification,90.0,80.0,-10.0
2015309N14067,MEGH,2015-11-08T06:00:00Z,0,1,0.6663,0.225,FALSE_POSITIVE,Finalist_T,"dW6=10.0kts, dP6=-10.0hPa, CoreMin=194.0K, ColdFrac=1.00","IR=False, WV=True, VIS=True",Borderline false alarm (prob=0.67 near th=0.23); moderate kinematic intensification,95.0,80.0,-15.0
2015309N14067,MEGH,2015-11-08T09:00:00Z,0,1,0.4865,0.225,FALSE_POSITIVE,Finalist_T,"dW6=5.0kts, dP6=-4.0hPa, CoreMin=194.0K, ColdFrac=1.00","IR=False, WV=True, VIS=True",Borderline false alarm (prob=0.49 near th=0.23); moderate kinematic intensification,95.0,75.0,-20.0
2015309N14067,MEGH,2015-11-08T12:00:00Z,0,1,0.4249,0.225,FALSE_POSITIVE,Finalist_T,"dW6=-5.0kts, dP6=6.0hPa, CoreMin=194.0K, ColdFrac=1.00","IR=False, WV=True, VIS=True",Borderline false alarm (prob=0.42 near th=0.23); moderate kinematic intensification,90.0,70.0,-20.0
2015309N14067,MEGH,2015-11-08T15:00:00Z,0,1,0.3286,0.225,FALSE_POSITIVE,Finalist_T,"dW6=-5.0kts, dP6=6.0hPa, CoreMin=183.2K, ColdFrac=1.00","IR=False, WV=True, VIS=False",Borderline false alarm (prob=0.33 near th=0.23); moderate kinematic intensification,90.0,65.0,-25.0
2015309N14067,MEGH,2015-11-08T18:00:00Z,0,1,0.2476,0.225,FALSE_POSITIVE,Finalist_T,"dW6=0.0kts, dP6=0.0hPa, CoreMin=186.2K, ColdFrac=1.00","IR=False, WV=True, VIS=False",Borderline false alarm (prob=0.25 near th=0.23); moderate kinematic intensification,90.0,65.0,-25.0
2015309N14067,MEGH,2015-11-08T21:00:00Z,0,0,0.2181,0.225,TRUE_NEGATIVE,Finalist_T,"dW6=0.0kts, dP6=0.0hPa, CoreMin=189.0K, ColdFrac=1.00","IR=False, WV=True, VIS=False",Correct non-RI identification (prob=0.22 < th=0.23),90.0,60.0,-30.0
2015309N14067,MEGH,2015-11-09T00:00:00Z,0,1,0.2675,0.225,FALSE_POSITIVE,Finalist_T,"dW6=-5.0kts, dP6=4.0hPa, CoreMin=194.0K, ColdFrac=1.00","IR=False, WV=True, VIS=True",Borderline false alarm (prob=0.27 near th=0.23); moderate kinematic intensification,85.0,50.0,-35.0
2015309N14067,MEGH,2015-11-09T03:00:00Z,0,0,0.1787,0.225,TRUE_NEGATIVE,Finalist_T,"dW6=-10.0kts, dP6=6.0hPa, CoreMin=196.3K, ColdFrac=1.00","IR=False, WV=True, VIS=True",Correct non-RI identification (prob=0.18 < th=0.23),80.0,40.0,-40.0
2015309N14067,MEGH,2015-11-09T06:00:00Z,0,1,0.2637,0.225,FALSE_POSITIVE,Finalist_T,"dW6=-5.0kts, dP6=4.0hPa, CoreMin=196.3K, ColdFrac=1.00","IR=False, WV=True, VIS=True",Borderline false alarm (prob=0.26 near th=0.23); moderate kinematic intensification,80.0,30.0,-50.0
2015309N14067,MEGH,2015-11-09T09:00:00Z,0,0,0.1908,0.225,TRUE_NEGATIVE,Finalist_T,"dW6=-5.0kts, dP6=4.0hPa, CoreMin=194.0K, ColdFrac=1.00","IR=False, WV=True, VIS=True",Correct non-RI identification (prob=0.19 < th=0.23),75.0,23.0,-52.0
2015309N14067,MEGH,2015-11-09T12:00:00Z,0,0,0.1584,0.225,TRUE_NEGATIVE,Finalist_T,"dW6=-10.0kts, dP6=4.0hPa, CoreMin=196.3K, ColdFrac=0.99","IR=False, WV=True, VIS=True",Correct non-RI identification (prob=0.16 < th=0.23),70.0,25.0,-45.0
2015309N14067,MEGH,2015-11-09T15:00:00Z,0,1,0.2911,0.225,FALSE_POSITIVE,Finalist_T,"dW6=-10.0kts, dP6=6.0hPa, CoreMin=207.9K, ColdFrac=0.84","IR=False, WV=True, VIS=False",Borderline false alarm (prob=0.29 near th=0.23); moderate kinematic intensification,65.0,25.0,-40.0
2015301N11065,CHAPALA,2015-10-27T12:00:00Z,0,0,0.0061,0.175,TRUE_NEGATIVE,Finalist_T,"dW6=0.0kts, dP6=0.0hPa, CoreMin=199.8K, ColdFrac=1.00","IR=False, WV=True, VIS=True",Correct non-RI identification (prob=0.01 < th=0.17),25.0,30.0,5.0
2015301N11065,CHAPALA,2015-10-27T15:00:00Z,0,0,0.0069,0.175,TRUE_NEGATIVE,Finalist_T,"dW6=0.0kts, dP6=0.0hPa, CoreMin=199.8K, ColdFrac=1.00","IR=False, WV=True, VIS=False",Correct non-RI identification (prob=0.01 < th=0.17),25.0,45.0,20.0
2015301N11065,CHAPALA,2015-10-27T18:00:00Z,0,0,0.0456,0.175,TRUE_NEGATIVE,Finalist_T,"dW6=0.0kts, dP6=0.0hPa, CoreMin=193.2K, ColdFrac=1.00","IR=False, WV=True, VIS=False",Correct non-RI identification (prob=0.05 < th=0.17),25.0,30.0,5.0
2015301N11065,CHAPALA,2015-10-27T21:00:00Z,0,0,0.0506,0.175,TRUE_NEGATIVE,Finalist_T,"dW6=3.0kts, dP6=-2.0hPa, CoreMin=199.8K, ColdFrac=0.90","IR=False, WV=True, VIS=False",Correct non-RI identification (prob=0.05 < th=0.17),28.0,45.0,17.0
2015301N11065,CHAPALA,2015-10-28T00:00:00Z,0,1,0.6745,0.175,FALSE_POSITIVE,Finalist_T,"dW6=5.0kts, dP6=-4.0hPa, CoreMin=197.7K, ColdFrac=1.00","IR=False, WV=True, VIS=True",Borderline false alarm (prob=0.67 near th=0.17); moderate kinematic intensification,30.0,35.0,5.0
2015301N11065,CHAPALA,2015-10-28T03:00:00Z,0,1,0.7468,0.175,FALSE_POSITIVE,Finalist_T,"dW6=-3.0kts, dP6=3.0hPa, CoreMin=195.6K, ColdFrac=0.88","IR=False, WV=True, VIS=True",Borderline false alarm (prob=0.75 near th=0.17); moderate kinematic intensification,25.0,40.0,15.0
2015301N11065,CHAPALA,2015-10-28T06:00:00Z,0,1,0.6773,0.175,FALSE_POSITIVE,Finalist_T,"dW6=-5.0kts, dP6=4.0hPa, CoreMin=203.7K, ColdFrac=0.82","IR=False, WV=True, VIS=True",Borderline false alarm (prob=0.68 near th=0.17); moderate kinematic intensification,25.0,45.0,20.0
2015301N11065,CHAPALA,2015-10-28T09:00:00Z,0,1,0.7988,0.175,FALSE_POSITIVE,Finalist_T,"dW6=10.0kts, dP6=-9.0hPa, CoreMin=197.7K, ColdFrac=0.56","IR=False, WV=True, VIS=True",Borderline false alarm (prob=0.80 near th=0.17); moderate kinematic intensification,35.0,50.0,15.0
2015301N11065,CHAPALA,2015-10-28T12:00:00Z,0,1,0.7592,0.175,FALSE_POSITIVE,Finalist_T,"dW6=5.0kts, dP6=-3.0hPa, CoreMin=197.7K, ColdFrac=0.94","IR=False, WV=True, VIS=True",Borderline false alarm (prob=0.76 near th=0.17); moderate kinematic intensification,30.0,55.0,25.0
2015301N11065,CHAPALA,2015-10-28T15:00:00Z,0,1,0.863,0.175,FALSE_POSITIVE,Finalist_T,"dW6=10.0kts, dP6=-7.0hPa, CoreMin=190.8K, ColdFrac=1.00","IR=False, WV=True, VIS=False",High-confidence false alarm (prob=0.86 vs th=0.17); intense core convection without subsequent 24h RI,45.0,60.0,15.0
2015301N11065,CHAPALA,2015-10-28T18:00:00Z,1,1,0.5699,0.175,TRUE_POSITIVE,Finalist_T,"dW6=0.0kts, dP6=0.0hPa, CoreMin=188.2K, ColdFrac=1.00","IR=False, WV=True, VIS=False",Correct RI detection (prob=0.57 >= th=0.17),30.0,65.0,35.0
2015301N11065,CHAPALA,2015-10-28T21:00:00Z,1,1,0.4929,0.175,TRUE_POSITIVE,Finalist_T,"dW6=0.0kts, dP6=0.0hPa, CoreMin=193.2K, ColdFrac=1.00","IR=False, WV=True, VIS=False",Correct RI detection (prob=0.49 >= th=0.17),45.0,75.0,30.0
2015301N11065,CHAPALA,2015-10-29T00:00:00Z,1,1,0.6073,0.175,TRUE_POSITIVE,Finalist_T,"dW6=5.0kts, dP6=-2.0hPa, CoreMin=188.2K, ColdFrac=0.98","IR=False, WV=True, VIS=True",Correct RI detection (prob=0.61 >= th=0.17),35.0,90.0,55.0
2015301N11065,CHAPALA,2015-10-29T03:00:00Z,1,1,0.4171,0.175,TRUE_POSITIVE,Finalist_T,"dW6=-5.0kts, dP6=8.0hPa, CoreMin=193.2K, ColdFrac=0.86","IR=False, WV=True, VIS=True",Correct RI detection (prob=0.42 >= th=0.17),40.0,105.0,65.0
2015301N11065,CHAPALA,2015-10-29T06:00:00Z,1,1,0.764,0.175,TRUE_POSITIVE,Finalist_T,"dW6=10.0kts, dP6=-3.0hPa, CoreMin=193.2K, ColdFrac=0.85","IR=False, WV=True, VIS=True",Correct RI detection (prob=0.76 >= th=0.17),45.0,110.0,65.0
2015301N11065,CHAPALA,2015-10-29T09:00:00Z,1,1,0.7122,0.175,TRUE_POSITIVE,Finalist_T,"dW6=10.0kts, dP6=-3.0hPa, CoreMin=193.2K, ColdFrac=1.00","IR=False, WV=True, VIS=True",Correct RI detection (prob=0.71 >= th=0.17),50.0,115.0,65.0
2015301N11065,CHAPALA,2015-10-29T12:00:00Z,1,1,0.7479,0.175,TRUE_POSITIVE,Finalist_T,"dW6=10.0kts, dP6=-6.0hPa, CoreMin=188.2K, ColdFrac=1.00","IR=False, WV=True, VIS=True",Correct RI detection (prob=0.75 >= th=0.17),55.0,115.0,60.0
2015301N11065,CHAPALA,2015-10-29T15:00:00Z,1,1,0.7368,0.175,TRUE_POSITIVE,Finalist_T,"dW6=10.0kts, dP6=-6.0hPa, CoreMin=193.2K, ColdFrac=1.00","IR=False, WV=True, VIS=False",Correct RI detection (prob=0.74 >= th=0.17),60.0,115.0,55.0
2015301N11065,CHAPALA,2015-10-29T18:00:00Z,1,1,0.747,0.175,TRUE_POSITIVE,Finalist_T,"dW6=10.0kts, dP6=-6.0hPa, CoreMin=188.2K, ColdFrac=1.00","IR=False, WV=True, VIS=False",Correct RI detection (prob=0.75 >= th=0.17),65.0,115.0,50.0
2015301N11065,CHAPALA,2015-10-29T21:00:00Z,1,1,0.7798,0.175,TRUE_POSITIVE,Finalist_T,"dW6=15.0kts, dP6=-12.0hPa, CoreMin=182.4K, ColdFrac=1.00","IR=False, WV=True, VIS=False",Correct RI detection (prob=0.78 >= th=0.17),75.0,115.0,40.0
2015301N11065,CHAPALA,2015-10-30T00:00:00Z,0,1,0.8652,0.175,FALSE_POSITIVE,Finalist_T,"dW6=25.0kts, dP6=-18.0hPa, CoreMin=185.4K, ColdFrac=1.00","IR=False, WV=True, VIS=True",High-confidence false alarm (prob=0.87 vs th=0.17); intense core convection without subsequent 24h RI,90.0,110.0,20.0
2015301N11065,CHAPALA,2015-10-30T03:00:00Z,0,1,0.907,0.175,FALSE_POSITIVE,Finalist_T,"dW6=30.0kts, dP6=-22.0hPa, CoreMin=188.2K, ColdFrac=0.97","IR=False, WV=True, VIS=True",High-confidence false alarm (prob=0.91 vs th=0.17); intense core convection without subsequent 24h RI,105.0,110.0,5.0
2015301N11065,CHAPALA,2015-10-30T06:00:00Z,0,1,0.75,0.175,FALSE_POSITIVE,Finalist_T,"dW6=20.0kts, dP6=-18.0hPa, CoreMin=188.2K, ColdFrac=1.00","IR=False, WV=True, VIS=True",Borderline false alarm (prob=0.75 near th=0.17); moderate kinematic intensification,110.0,105.0,-5.0
2015301N11065,CHAPALA,2015-10-30T09:00:00Z,0,1,0.4882,0.175,FALSE_POSITIVE,Finalist_T,"dW6=10.0kts, dP6=-14.0hPa, CoreMin=188.2K, ColdFrac=1.00","IR=False, WV=True, VIS=True",Borderline false alarm (prob=0.49 near th=0.17); moderate kinematic intensification,115.0,105.0,-10.0
2015301N11065,CHAPALA,2015-10-30T12:00:00Z,0,1,0.3259,0.175,FALSE_POSITIVE,Finalist_T,"dW6=5.0kts, dP6=-8.0hPa, CoreMin=190.8K, ColdFrac=1.00","IR=False, WV=True, VIS=True",Borderline false alarm (prob=0.33 near th=0.17); moderate kinematic intensification,115.0,105.0,-10.0
2015301N11065,CHAPALA,2015-10-30T15:00:00Z,0,1,0.1864,0.175,FALSE_POSITIVE,Finalist_T,"dW6=0.0kts, dP6=0.0hPa, CoreMin=193.2K, ColdFrac=1.00","IR=False, WV=True, VIS=False",Borderline false alarm (prob=0.19 near th=0.17); moderate kinematic intensification,115.0,105.0,-10.0
2015301N11065,CHAPALA,2015-10-30T18:00:00Z,0,0,0.1647,0.175,TRUE_NEGATIVE,Finalist_T,"dW6=0.0kts, dP6=0.0hPa, CoreMin=190.8K, ColdFrac=1.00","IR=False, WV=True, VIS=False",Correct non-RI identification (prob=0.16 < th=0.17),115.0,105.0,-10.0
2015301N11065,CHAPALA,2015-10-30T21:00:00Z,0,0,0.143,0.175,TRUE_NEGATIVE,Finalist_T,"dW6=0.0kts, dP6=2.0hPa, CoreMin=190.8K, ColdFrac=1.00","IR=False, WV=True, VIS=False",Correct non-RI identification (prob=0.14 < th=0.17),115.0,105.0,-10.0
2015301N11065,CHAPALA,2015-10-31T00:00:00Z,0,0,0.0926,0.175,TRUE_NEGATIVE,Finalist_T,"dW6=-5.0kts, dP6=4.0hPa, CoreMin=188.2K, ColdFrac=1.00","IR=False, WV=True, VIS=True",Correct non-RI identification (prob=0.09 < th=0.17),110.0,105.0,-5.0
2015301N11065,CHAPALA,2015-10-31T03:00:00Z,0,0,0.0909,0.175,TRUE_NEGATIVE,Finalist_T,"dW6=-5.0kts, dP6=4.0hPa, CoreMin=185.4K, ColdFrac=1.00","IR=False, WV=True, VIS=True",Correct non-RI identification (prob=0.09 < th=0.17),110.0,105.0,-5.0
2015301N11065,CHAPALA,2015-10-31T06:00:00Z,0,0,0.0803,0.175,TRUE_NEGATIVE,Finalist_T,"dW6=-5.0kts, dP6=6.0hPa, CoreMin=190.8K, ColdFrac=1.00","IR=False, WV=True, VIS=True",Correct non-RI identification (prob=0.08 < th=0.17),105.0,100.0,-5.0
2015301N11065,CHAPALA,2015-10-31T09:00:00Z,0,0,0.0898,0.175,TRUE_NEGATIVE,Finalist_T,"dW6=-5.0kts, dP6=4.0hPa, CoreMin=190.8K, ColdFrac=1.00","IR=False, WV=True, VIS=True",Correct non-RI identification (prob=0.09 < th=0.17),105.0,100.0,-5.0
2015301N11065,CHAPALA,2015-10-31T12:00:00Z,0,0,0.1413,0.175,TRUE_NEGATIVE,Finalist_T,"dW6=0.0kts, dP6=0.0hPa, CoreMin=190.8K, ColdFrac=1.00","IR=False, WV=True, VIS=True",Correct non-RI identification (prob=0.14 < th=0.17),105.0,100.0,-5.0
2015301N11065,CHAPALA,2015-10-31T15:00:00Z,0,0,0.1419,0.175,TRUE_NEGATIVE,Finalist_T,"dW6=0.0kts, dP6=0.0hPa, CoreMin=193.2K, ColdFrac=1.00","IR=False, WV=True, VIS=False",Correct non-RI identification (prob=0.14 < th=0.17),105.0,100.0,-5.0
2015301N11065,CHAPALA,2015-10-31T18:00:00Z,0,1,0.1861,0.175,FALSE_POSITIVE,Finalist_T,"dW6=0.0kts, dP6=0.0hPa, CoreMin=190.8K, ColdFrac=1.00","IR=False, WV=True, VIS=False",Borderline false alarm (prob=0.19 near th=0.17); moderate kinematic intensification,105.0,100.0,-5.0
2015301N11065,CHAPALA,2015-10-31T21:00:00Z,0,0,0.1692,0.175,TRUE_NEGATIVE,Finalist_T,"dW6=0.0kts, dP6=0.0hPa, CoreMin=185.4K, ColdFrac=1.00","IR=False, WV=True, VIS=False",Correct non-RI identification (prob=0.17 < th=0.17),105.0,100.0,-5.0
2015301N11065,CHAPALA,2015-11-01T00:00:00Z,0,0,0.1684,0.175,TRUE_NEGATIVE,Finalist_T,"dW6=0.0kts, dP6=0.0hPa, CoreMin=185.4K, ColdFrac=1.00","IR=False, WV=True, VIS=True",Correct non-RI identification (prob=0.17 < th=0.17),105.0,100.0,-5.0
2015301N11065,CHAPALA,2015-11-01T03:00:00Z,0,1,0.224,0.175,FALSE_POSITIVE,Finalist_T,"dW6=0.0kts, dP6=2.0hPa, CoreMin=188.2K, ColdFrac=1.00","IR=False, WV=True, VIS=True",Borderline false alarm (prob=0.22 near th=0.17); moderate kinematic intensification,105.0,95.0,-10.0
2015301N11065,CHAPALA,2015-11-01T06:00:00Z,0,0,0.1269,0.175,TRUE_NEGATIVE,Finalist_T,"dW6=-5.0kts, dP6=4.0hPa, CoreMin=190.8K, ColdFrac=0.97","IR=False, WV=True, VIS=True",Correct non-RI identification (prob=0.13 < th=0.17),100.0,90.0,-10.0
2015301N11065,CHAPALA,2015-11-01T09:00:00Z,0,0,0.1292,0.175,TRUE_NEGATIVE,Finalist_T,"dW6=-5.0kts, dP6=4.0hPa, CoreMin=190.8K, ColdFrac=1.00","IR=False, WV=True, VIS=True",Correct non-RI identification (prob=0.13 < th=0.17),100.0,90.0,-10.0
2015301N11065,CHAPALA,2015-11-01T12:00:00Z,0,0,0.1678,0.175,TRUE_NEGATIVE,Finalist_T,"dW6=0.0kts, dP6=2.0hPa, CoreMin=197.7K, ColdFrac=1.00","IR=False, WV=True, VIS=True",Correct non-RI identification (prob=0.17 < th=0.17),100.0,85.0,-15.0
2015301N11065,CHAPALA,2015-11-01T15:00:00Z,0,0,0.1735,0.175,TRUE_NEGATIVE,Finalist_T,"dW6=0.0kts, dP6=0.0hPa, CoreMin=193.2K, ColdFrac=0.85","IR=False, WV=True, VIS=False",Correct non-RI identification (prob=0.17 < th=0.17),100.0,85.0,-15.0
2015301N11065,CHAPALA,2015-11-01T18:00:00Z,0,1,0.2034,0.175,FALSE_POSITIVE,Finalist_T,"dW6=0.0kts, dP6=0.0hPa, CoreMin=193.2K, ColdFrac=0.88","IR=False, WV=True, VIS=False",Borderline false alarm (prob=0.20 near th=0.17); moderate kinematic intensification,100.0,80.0,-20.0
2015301N11065,CHAPALA,2015-11-01T21:00:00Z,0,1,0.184,0.175,FALSE_POSITIVE,Finalist_T,"dW6=0.0kts, dP6=0.0hPa, CoreMin=195.6K, ColdFrac=0.75","IR=False, WV=True, VIS=True",Borderline false alarm (prob=0.18 near th=0.17); moderate kinematic intensification,100.0,75.0,-25.0
2015301N11065,CHAPALA,2015-11-02T00:00:00Z,0,1,0.2415,0.175,FALSE_POSITIVE,Finalist_T,"dW6=0.0kts, dP6=2.0hPa, CoreMin=199.8K, ColdFrac=0.71","IR=False, WV=True, VIS=True",Borderline false alarm (prob=0.24 near th=0.17); moderate kinematic intensification,100.0,65.0,-35.0
2015301N11065,CHAPALA,2015-11-02T03:00:00Z,0,1,0.1785,0.175,FALSE_POSITIVE,Finalist_T,"dW6=-5.0kts, dP6=4.0hPa, CoreMin=199.8K, ColdFrac=0.79","IR=False, WV=True, VIS=True",Borderline false alarm (prob=0.18 near th=0.17); moderate kinematic intensification,95.0,55.0,-40.0
2015301N11065,CHAPALA,2015-11-02T06:00:00Z,0,0,0.0942,0.175,TRUE_NEGATIVE,Finalist_T,"dW6=-10.0kts, dP6=6.0hPa, CoreMin=203.7K, ColdFrac=0.53","IR=False, WV=True, VIS=True",Correct non-RI identification (prob=0.09 < th=0.17),90.0,45.0,-45.0
2015301N11065,CHAPALA,2015-11-02T09:00:00Z,0,0,0.1563,0.175,TRUE_NEGATIVE,Finalist_T,"dW6=-5.0kts, dP6=6.0hPa, CoreMin=199.8K, ColdFrac=0.83","IR=False, WV=True, VIS=True",Correct non-RI identification (prob=0.16 < th=0.17),90.0,40.0,-50.0
2015301N11065,CHAPALA,2015-11-02T12:00:00Z,0,0,0.1622,0.175,TRUE_NEGATIVE,Finalist_T,"dW6=-5.0kts, dP6=4.0hPa, CoreMin=197.7K, ColdFrac=0.90","IR=False, WV=True, VIS=True",Correct non-RI identification (prob=0.16 < th=0.17),85.0,40.0,-45.0
2015301N11065,CHAPALA,2015-11-02T15:00:00Z,0,0,0.164,0.175,TRUE_NEGATIVE,Finalist_T,"dW6=-5.0kts, dP6=4.0hPa, CoreMin=199.8K, ColdFrac=1.00","IR=False, WV=True, VIS=False",Correct non-RI identification (prob=0.16 < th=0.17),85.0,40.0,-45.0
2015301N11065,CHAPALA,2015-11-02T18:00:00Z,0,1,0.2176,0.175,FALSE_POSITIVE,Finalist_T,"dW6=-5.0kts, dP6=6.0hPa, CoreMin=195.6K, ColdFrac=1.00","IR=False, WV=True, VIS=False",Borderline false alarm (prob=0.22 near th=0.17); moderate kinematic intensification,80.0,30.0,-50.0
2015301N11065,CHAPALA,2015-11-03T00:00:00Z,0,0,0.1091,0.175,TRUE_NEGATIVE,Finalist_T,"dW6=-15.0kts, dP6=10.0hPa, CoreMin=185.9K, ColdFrac=0.78","IR=False, WV=True, VIS=True",Correct non-RI identification (prob=0.11 < th=0.17),65.0,25.0,-40.0
2015301N11065,CHAPALA,2015-11-03T03:00:00Z,0,0,0.0616,0.175,TRUE_NEGATIVE,Finalist_T,"dW6=-20.0kts, dP6=12.0hPa, CoreMin=202.1K, ColdFrac=0.75","IR=False, WV=True, VIS=True",Correct non-RI identification (prob=0.06 < th=0.17),55.0,25.0,-30.0
2013281N12098,PHAILIN,2013-10-07T12:00:00Z,0,0,0.0,0.3,TRUE_NEGATIVE,Finalist_TS,"dW6=0.0kts, dP6=0.0hPa, CoreMin=199.6K, ColdFrac=0.76","IR=False, WV=True, VIS=True",Correct non-RI identification (prob=0.00 < th=0.30),20.0,25.0,5.0
2013281N12098,PHAILIN,2013-10-07T15:00:00Z,0,0,0.0,0.3,TRUE_NEGATIVE,Finalist_TS,"dW6=0.0kts, dP6=0.0hPa, CoreMin=191.2K, ColdFrac=1.00","IR=False, WV=True, VIS=True",Correct non-RI identification (prob=0.00 < th=0.30),23.0,30.0,7.0
2013281N12098,PHAILIN,2013-10-07T18:00:00Z,0,0,0.0,0.3,TRUE_NEGATIVE,Finalist_TS,"dW6=5.0kts, dP6=-3.0hPa, CoreMin=203.4K, ColdFrac=1.00","IR=False, WV=True, VIS=False",Correct non-RI identification (prob=0.00 < th=0.30),25.0,25.0,0.0
2013281N12098,PHAILIN,2013-10-07T21:00:00Z,0,0,0.0,0.3,TRUE_NEGATIVE,Finalist_TS,"dW6=2.0kts, dP6=-2.0hPa, CoreMin=196.9K, ColdFrac=1.00","IR=False, WV=True, VIS=True",Correct non-RI identification (prob=0.00 < th=0.30),25.0,33.0,8.0
2013281N12098,PHAILIN,2013-10-08T00:00:00Z,0,0,0.0003,0.3,TRUE_NEGATIVE,Finalist_TS,"dW6=0.0kts, dP6=0.0hPa, CoreMin=198.1K, ColdFrac=1.00","IR=False, WV=True, VIS=True",Correct non-RI identification (prob=0.00 < th=0.30),25.0,30.0,5.0
2013281N12098,PHAILIN,2013-10-08T03:00:00Z,0,0,0.0002,0.3,TRUE_NEGATIVE,Finalist_TS,"dW6=0.0kts, dP6=0.0hPa, CoreMin=204.8K, ColdFrac=1.00","IR=False, WV=True, VIS=True",Correct non-RI identification (prob=0.00 < th=0.30),25.0,30.0,5.0
2013281N12098,PHAILIN,2013-10-08T06:00:00Z,0,0,0.0,0.3,TRUE_NEGATIVE,Finalist_TS,"dW6=0.0kts, dP6=0.0hPa, CoreMin=197.8K, ColdFrac=0.97","IR=False, WV=True, VIS=True",Correct non-RI identification (prob=0.00 < th=0.30),25.0,30.0,5.0
2013281N12098,PHAILIN,2013-10-08T09:00:00Z,0,0,0.0,0.3,TRUE_NEGATIVE,Finalist_TS,"dW6=3.0kts, dP6=-2.0hPa, CoreMin=209.5K, ColdFrac=1.00","IR=False, WV=True, VIS=True",Correct non-RI identification (prob=0.00 < th=0.30),28.0,30.0,2.0
2013281N12098,PHAILIN,2013-10-08T12:00:00Z,0,0,0.0,0.3,TRUE_NEGATIVE,Finalist_TS,"dW6=0.0kts, dP6=-1.0hPa, CoreMin=200.1K, ColdFrac=1.00","IR=False, WV=True, VIS=True",Correct non-RI identification (prob=0.00 < th=0.30),25.0,35.0,10.0
2013281N12098,PHAILIN,2013-10-08T15:00:00Z,0,0,0.0001,0.3,TRUE_NEGATIVE,Finalist_TS,"dW6=2.0kts, dP6=-2.0hPa, CoreMin=199.7K, ColdFrac=1.00","IR=False, WV=True, VIS=True",Correct non-RI identification (prob=0.00 < th=0.30),30.0,35.0,5.0
2013281N12098,PHAILIN,2013-10-08T18:00:00Z,0,0,0.0008,0.3,TRUE_NEGATIVE,Finalist_TS,"dW6=0.0kts, dP6=0.0hPa, CoreMin=196.9K, ColdFrac=1.00","IR=False, WV=True, VIS=False",Correct non-RI identification (prob=0.00 < th=0.30),25.0,40.0,15.0
2013281N12098,PHAILIN,2013-10-08T21:00:00Z,0,0,0.0,0.3,TRUE_NEGATIVE,Finalist_TS,"dW6=3.0kts, dP6=-2.0hPa, CoreMin=190.9K, ColdFrac=0.84","IR=False, WV=True, VIS=True",Correct non-RI identification (prob=0.00 < th=0.30),33.0,45.0,12.0
2013281N12098,PHAILIN,2013-10-09T00:00:00Z,0,0,0.0,0.3,TRUE_NEGATIVE,Finalist_TS,"dW6=5.0kts, dP6=-1.0hPa, CoreMin=197.2K, ColdFrac=0.97","IR=False, WV=True, VIS=True",Correct non-RI identification (prob=0.00 < th=0.30),30.0,45.0,15.0
2013281N12098,PHAILIN,2013-10-09T03:00:00Z,0,0,0.0,0.3,TRUE_NEGATIVE,Finalist_TS,"dW6=-3.0kts, dP6=3.0hPa, CoreMin=203.2K, ColdFrac=0.92","IR=False, WV=True, VIS=True",Correct non-RI identification (prob=0.00 < th=0.30),30.0,55.0,25.0
2013281N12098,PHAILIN,2013-10-09T06:00:00Z,1,0,0.0,0.3,FALSE_NEGATIVE,Finalist_TS,"dW6=0.0kts, dP6=-2.0hPa, CoreMin=197.5K, ColdFrac=1.00","IR=False, WV=True, VIS=True",High-confidence miss (prob=0.00 vs th=0.30); early RI onset before satellite signature consolidated,30.0,65.0,35.0
2013281N12098,PHAILIN,2013-10-09T09:00:00Z,1,0,0.0,0.3,FALSE_NEGATIVE,Finalist_TS,"dW6=0.0kts, dP6=-1.0hPa, CoreMin=199.4K, ColdFrac=1.00","IR=False, WV=True, VIS=True",High-confidence miss (prob=0.00 vs th=0.30); early RI onset before satellite signature consolidated,30.0,70.0,40.0
2013281N12098,PHAILIN,2013-10-09T12:00:00Z,1,0,0.004,0.3,FALSE_NEGATIVE,Finalist_TS,"dW6=5.0kts, dP6=-1.0hPa, CoreMin=192.8K, ColdFrac=1.00","IR=False, WV=True, VIS=True",High-confidence miss (prob=0.00 vs th=0.30); early RI onset before satellite signature consolidated,35.0,75.0,40.0
2013281N12098,PHAILIN,2013-10-09T15:00:00Z,1,0,0.0086,0.3,FALSE_NEGATIVE,Finalist_TS,"dW6=5.0kts, dP6=-1.0hPa, CoreMin=200.7K, ColdFrac=1.00","IR=False, WV=True, VIS=True",High-confidence miss (prob=0.01 vs th=0.30); early RI onset before satellite signature consolidated,35.0,90.0,55.0
2013281N12098,PHAILIN,2013-10-09T18:00:00Z,1,0,0.0811,0.3,FALSE_NEGATIVE,Finalist_TS,"dW6=5.0kts, dP6=-1.0hPa, CoreMin=190.2K, ColdFrac=1.00","IR=False, WV=True, VIS=False",High-confidence miss (prob=0.08 vs th=0.30); early RI onset before satellite signature consolidated,40.0,95.0,55.0
2013281N12098,PHAILIN,2013-10-09T21:00:00Z,1,1,0.4767,0.3,TRUE_POSITIVE,Finalist_TS,"dW6=10.0kts, dP6=-3.0hPa, CoreMin=191.9K, ColdFrac=1.00","IR=False, WV=True, VIS=True",Correct RI detection (prob=0.48 >= th=0.30),45.0,100.0,55.0
2013281N12098,PHAILIN,2013-10-10T00:00:00Z,1,0,0.0054,0.3,FALSE_NEGATIVE,Finalist_TS,"dW6=5.0kts, dP6=-2.0hPa, CoreMin=194.7K, ColdFrac=1.00","IR=False, WV=True, VIS=True",High-confidence miss (prob=0.01 vs th=0.30); early RI onset before satellite signature consolidated,45.0,110.0,65.0
2013281N12098,PHAILIN,2013-10-10T03:00:00Z,1,0,0.0037,0.3,FALSE_NEGATIVE,Finalist_TS,"dW6=10.0kts, dP6=-6.0hPa, CoreMin=197.1K, ColdFrac=1.00","IR=False, WV=True, VIS=True",High-confidence miss (prob=0.00 vs th=0.30); early RI onset before satellite signature consolidated,55.0,115.0,60.0
2013281N12098,PHAILIN,2013-10-10T06:00:00Z,1,0,0.0015,0.3,FALSE_NEGATIVE,Finalist_TS,"dW6=20.0kts, dP6=-12.0hPa, CoreMin=199.6K, ColdFrac=0.98","IR=False, WV=True, VIS=True",High-confidence miss (prob=0.00 vs th=0.30); early RI onset before satellite signature consolidated,65.0,115.0,50.0
2013281N12098,PHAILIN,2013-10-10T09:00:00Z,1,0,0.0043,0.3,FALSE_NEGATIVE,Finalist_TS,"dW6=15.0kts, dP6=-8.0hPa, CoreMin=197.3K, ColdFrac=0.93","IR=False, WV=True, VIS=True",High-confidence miss (prob=0.00 vs th=0.30); early RI onset before satellite signature consolidated,70.0,115.0,45.0
2013281N12098,PHAILIN,2013-10-10T12:00:00Z,1,0,0.0016,0.3,FALSE_NEGATIVE,Finalist_TS,"dW6=10.0kts, dP6=-8.0hPa, CoreMin=195.3K, ColdFrac=0.94","IR=False, WV=True, VIS=True",High-confidence miss (prob=0.00 vs th=0.30); early RI onset before satellite signature consolidated,75.0,115.0,40.0
2013281N12098,PHAILIN,2013-10-10T15:00:00Z,0,0,0.0064,0.3,TRUE_NEGATIVE,Finalist_TS,"dW6=20.0kts, dP6=-16.0hPa, CoreMin=198.2K, ColdFrac=0.94","IR=False, WV=True, VIS=True",Correct non-RI identification (prob=0.01 < th=0.30),90.0,115.0,25.0
2013281N12098,PHAILIN,2013-10-10T18:00:00Z,0,0,0.004,0.3,TRUE_NEGATIVE,Finalist_TS,"dW6=20.0kts, dP6=-16.0hPa, CoreMin=194.2K, ColdFrac=0.98","IR=False, WV=True, VIS=False",Correct non-RI identification (prob=0.00 < th=0.30),95.0,115.0,20.0
2013281N12098,PHAILIN,2013-10-10T21:00:00Z,0,0,0.0002,0.3,TRUE_NEGATIVE,Finalist_TS,"dW6=10.0kts, dP6=-12.0hPa, CoreMin=196.1K, ColdFrac=0.91","IR=False, WV=True, VIS=True",Correct non-RI identification (prob=0.00 < th=0.30),100.0,115.0,15.0
2013281N12098,PHAILIN,2013-10-11T00:00:00Z,0,0,0.0001,0.3,TRUE_NEGATIVE,Finalist_TS,"dW6=15.0kts, dP6=-14.0hPa, CoreMin=197.3K, ColdFrac=0.94","IR=False, WV=True, VIS=True",Correct non-RI identification (prob=0.00 < th=0.30),110.0,115.0,5.0
2013281N12098,PHAILIN,2013-10-11T03:00:00Z,0,0,0.0004,0.3,TRUE_NEGATIVE,Finalist_TS,"dW6=15.0kts, dP6=-14.0hPa, CoreMin=200.1K, ColdFrac=0.95","IR=False, WV=True, VIS=True",Correct non-RI identification (prob=0.00 < th=0.30),115.0,115.0,0.0
2013281N12098,PHAILIN,2013-10-11T06:00:00Z,0,0,0.0,0.3,TRUE_NEGATIVE,Finalist_TS,"dW6=5.0kts, dP6=-6.0hPa, CoreMin=197.9K, ColdFrac=1.00","IR=False, WV=True, VIS=True",Correct non-RI identification (prob=0.00 < th=0.30),115.0,115.0,0.0
2013281N12098,PHAILIN,2013-10-11T09:00:00Z,0,0,0.0,0.3,TRUE_NEGATIVE,Finalist_TS,"dW6=0.0kts, dP6=0.0hPa, CoreMin=195.8K, ColdFrac=0.97","IR=False, WV=True, VIS=True",Correct non-RI identification (prob=0.00 < th=0.30),115.0,115.0,0.0
2013281N12098,PHAILIN,2013-10-11T12:00:00Z,0,0,0.0,0.3,TRUE_NEGATIVE,Finalist_TS,"dW6=0.0kts, dP6=0.0hPa, CoreMin=192.2K, ColdFrac=0.99","IR=False, WV=True, VIS=True",Correct non-RI identification (prob=0.00 < th=0.30),115.0,115.0,0.0
2013281N12098,PHAILIN,2013-10-11T15:00:00Z,0,0,0.0003,0.3,TRUE_NEGATIVE,Finalist_TS,"dW6=0.0kts, dP6=0.0hPa, CoreMin=194.9K, ColdFrac=0.97","IR=False, WV=True, VIS=True",Correct non-RI identification (prob=0.00 < th=0.30),115.0,115.0,0.0
2013281N12098,PHAILIN,2013-10-11T18:00:00Z,0,0,0.0037,0.3,TRUE_NEGATIVE,Finalist_TS,"dW6=0.0kts, dP6=0.0hPa, CoreMin=191.3K, ColdFrac=0.98","IR=False, WV=True, VIS=False",Correct non-RI identification (prob=0.00 < th=0.30),115.0,100.0,-15.0
2013281N12098,PHAILIN,2013-10-11T21:00:00Z,0,0,0.0003,0.3,TRUE_NEGATIVE,Finalist_TS,"dW6=0.0kts, dP6=0.0hPa, CoreMin=195.9K, ColdFrac=0.86","IR=False, WV=True, VIS=True",Correct non-RI identification (prob=0.00 < th=0.30),115.0,90.0,-25.0
2013281N12098,PHAILIN,2013-10-12T00:00:00Z,0,0,0.0001,0.3,TRUE_NEGATIVE,Finalist_TS,"dW6=0.0kts, dP6=0.0hPa, CoreMin=198.7K, ColdFrac=0.88","IR=False, WV=True, VIS=True",Correct non-RI identification (prob=0.00 < th=0.30),115.0,75.0,-40.0
2013281N12098,PHAILIN,2013-10-12T03:00:00Z,0,0,0.0,0.3,TRUE_NEGATIVE,Finalist_TS,"dW6=0.0kts, dP6=0.0hPa, CoreMin=201.8K, ColdFrac=0.92","IR=False, WV=True, VIS=True",Correct non-RI identification (prob=0.00 < th=0.30),115.0,55.0,-60.0
2013281N12098,PHAILIN,2013-10-12T06:00:00Z,0,0,0.0,0.3,TRUE_NEGATIVE,Finalist_TS,"dW6=0.0kts, dP6=0.0hPa, CoreMin=200.9K, ColdFrac=0.93","IR=False, WV=True, VIS=True",Correct non-RI identification (prob=0.00 < th=0.30),115.0,40.0,-75.0
2013281N12098,PHAILIN,2013-10-12T09:00:00Z,0,0,0.0,0.3,TRUE_NEGATIVE,Finalist_TS,"dW6=0.0kts, dP6=0.0hPa, CoreMin=203.1K, ColdFrac=1.00","IR=False, WV=True, VIS=True",Correct non-RI identification (prob=0.00 < th=0.30),115.0,35.0,-80.0
2013281N12098,PHAILIN,2013-10-12T12:00:00Z,0,0,0.0,0.3,TRUE_NEGATIVE,Finalist_TS,"dW6=0.0kts, dP6=0.0hPa, CoreMin=196.6K, ColdFrac=0.93","IR=False, WV=True, VIS=True",Correct non-RI identification (prob=0.00 < th=0.30),115.0,35.0,-80.0
2013281N12098,PHAILIN,2013-10-12T18:00:00Z,0,0,0.002,0.3,TRUE_NEGATIVE,Finalist_TS,"dW6=-15.0kts, dP6=16.0hPa, CoreMin=194.2K, ColdFrac=1.00","IR=False, WV=True, VIS=False",Correct non-RI identification (prob=0.00 < th=0.30),100.0,30.0,-70.0
2013281N12098,PHAILIN,2013-10-13T00:00:00Z,0,0,0.0,0.3,TRUE_NEGATIVE,Finalist_TS,"dW6=-25.0kts, dP6=20.0hPa, CoreMin=213.9K, ColdFrac=0.77","IR=False, WV=True, VIS=True",Correct non-RI identification (prob=0.00 < th=0.30),75.0,30.0,-45.0
2013281N12098,PHAILIN,2013-10-13T06:00:00Z,0,0,0.0,0.3,TRUE_NEGATIVE,Finalist_TS,"dW6=-35.0kts, dP6=16.0hPa, CoreMin=228.7K, ColdFrac=0.23","IR=False, WV=True, VIS=True",Correct non-RI identification (prob=0.00 < th=0.30),40.0,25.0,-15.0
2013281N12098,PHAILIN,2013-10-13T09:00:00Z,0,0,0.0,0.3,TRUE_NEGATIVE,Finalist_TS,"dW6=-20.0kts, dP6=3.0hPa, CoreMin=218.8K, ColdFrac=0.49","IR=False, WV=True, VIS=True",Correct non-RI identification (prob=0.00 < th=0.30),35.0,25.0,-10.0
2013322N13090,HELEN,2013-11-18T00:00:00Z,0,0,0.034,0.175,TRUE_NEGATIVE,Finalist_TS,"dW6=0.0kts, dP6=0.0hPa, CoreMin=205.0K, ColdFrac=1.00","IR=False, WV=True, VIS=True",Correct non-RI identification (prob=0.03 < th=0.17),20.0,25.0,5.0
2013322N13090,HELEN,2013-11-18T03:00:00Z,0,0,0.001,0.175,TRUE_NEGATIVE,Finalist_TS,"dW6=0.0kts, dP6=0.0hPa, CoreMin=208.5K, ColdFrac=0.96","IR=False, WV=True, VIS=True",Correct non-RI identification (prob=0.00 < th=0.17),23.0,25.0,2.0
2013322N13090,HELEN,2013-11-18T06:00:00Z,0,0,0.0004,0.175,TRUE_NEGATIVE,Finalist_TS,"dW6=5.0kts, dP6=-3.0hPa, CoreMin=205.7K, ColdFrac=0.56","IR=False, WV=True, VIS=True",Correct non-RI identification (prob=0.00 < th=0.17),25.0,25.0,0.0
2013322N13090,HELEN,2013-11-18T09:00:00Z,0,0,0.0004,0.175,TRUE_NEGATIVE,Finalist_TS,"dW6=2.0kts, dP6=-2.0hPa, CoreMin=213.3K, ColdFrac=0.91","IR=False, WV=True, VIS=True",Correct non-RI identification (prob=0.00 < th=0.17),25.0,38.0,13.0
2013322N13090,HELEN,2013-11-18T12:00:00Z,0,0,0.0008,0.175,TRUE_NEGATIVE,Finalist_TS,"dW6=0.0kts, dP6=0.0hPa, CoreMin=217.9K, ColdFrac=0.15","IR=False, WV=True, VIS=True",Correct non-RI identification (prob=0.00 < th=0.17),25.0,25.0,0.0
2013322N13090,HELEN,2013-11-18T15:00:00Z,0,0,0.0002,0.175,TRUE_NEGATIVE,Finalist_TS,"dW6=0.0kts, dP6=0.0hPa, CoreMin=225.9K, ColdFrac=0.02","IR=False, WV=True, VIS=True",Correct non-RI identification (prob=0.00 < th=0.17),25.0,30.0,5.0
2013322N13090,HELEN,2013-11-18T18:00:00Z,0,0,0.0562,0.175,TRUE_NEGATIVE,Finalist_TS,"dW6=0.0kts, dP6=0.0hPa, CoreMin=205.2K, ColdFrac=0.56","IR=False, WV=True, VIS=True",Correct non-RI identification (prob=0.06 < th=0.17),25.0,30.0,5.0
2013322N13090,HELEN,2013-11-18T21:00:00Z,0,0,0.1163,0.175,TRUE_NEGATIVE,Finalist_TS,"dW6=5.0kts, dP6=-4.0hPa, CoreMin=199.5K, ColdFrac=0.86","IR=False, WV=True, VIS=True",Correct non-RI identification (prob=0.12 < th=0.17),30.0,45.0,15.0
2013322N13090,HELEN,2013-11-19T00:00:00Z,0,1,0.8042,0.175,FALSE_POSITIVE,Finalist_TS,"dW6=0.0kts, dP6=0.0hPa, CoreMin=195.0K, ColdFrac=1.00","IR=False, WV=True, VIS=True",High-confidence false alarm (prob=0.80 vs th=0.17); intense core convection without subsequent 24h RI,25.0,30.0,5.0
2013322N13090,HELEN,2013-11-19T03:00:00Z,0,1,0.2864,0.175,FALSE_POSITIVE,Finalist_TS,"dW6=-5.0kts, dP6=4.0hPa, CoreMin=206.4K, ColdFrac=0.91","IR=False, WV=True, VIS=True",Borderline false alarm (prob=0.29 near th=0.17); moderate kinematic intensification,25.0,35.0,10.0
2013322N13090,HELEN,2013-11-19T06:00:00Z,0,0,0.0486,0.175,TRUE_NEGATIVE,Finalist_TS,"dW6=0.0kts, dP6=0.0hPa, CoreMin=211.3K, ColdFrac=0.52","IR=False, WV=True, VIS=True",Correct non-RI identification (prob=0.05 < th=0.17),25.0,40.0,15.0
2013322N13090,HELEN,2013-11-19T09:00:00Z,0,0,0.0107,0.175,TRUE_NEGATIVE,Finalist_TS,"dW6=13.0kts, dP6=-9.0hPa, CoreMin=200.4K, ColdFrac=0.28","IR=False, WV=True, VIS=True",Correct non-RI identification (prob=0.01 < th=0.17),38.0,40.0,2.0
2013322N13090,HELEN,2013-11-19T12:00:00Z,0,1,0.3496,0.175,FALSE_POSITIVE,Finalist_TS,"dW6=0.0kts, dP6=0.0hPa, CoreMin=197.5K, ColdFrac=0.72","IR=False, WV=True, VIS=True",Borderline false alarm (prob=0.35 near th=0.17); moderate kinematic intensification,25.0,45.0,20.0
2013322N13090,HELEN,2013-11-19T15:00:00Z,0,1,0.8372,0.175,FALSE_POSITIVE,Finalist_TS,"dW6=-8.0kts, dP6=7.0hPa, CoreMin=197.9K, ColdFrac=0.95","IR=False, WV=True, VIS=True",High-confidence false alarm (prob=0.84 vs th=0.17); intense core convection without subsequent 24h RI,30.0,45.0,15.0
2013322N13090,HELEN,2013-11-19T18:00:00Z,0,1,0.9393,0.175,FALSE_POSITIVE,Finalist_TS,"dW6=5.0kts, dP6=-2.0hPa, CoreMin=197.9K, ColdFrac=1.00","IR=False, WV=True, VIS=True",High-confidence false alarm (prob=0.94 vs th=0.17); intense core convection without subsequent 24h RI,30.0,45.0,15.0
2013322N13090,HELEN,2013-11-19T21:00:00Z,0,1,0.8847,0.175,FALSE_POSITIVE,Finalist_TS,"dW6=15.0kts, dP6=-13.0hPa, CoreMin=192.7K, ColdFrac=1.00","IR=False, WV=True, VIS=True",High-confidence false alarm (prob=0.88 vs th=0.17); intense core convection without subsequent 24h RI,45.0,45.0,0.0
2013322N13090,HELEN,2013-11-20T00:00:00Z,0,1,0.9885,0.175,FALSE_POSITIVE,Finalist_TS,"dW6=0.0kts, dP6=0.0hPa, CoreMin=195.1K, ColdFrac=1.00","IR=False, WV=True, VIS=True",High-confidence false alarm (prob=0.99 vs th=0.17); intense core convection without subsequent 24h RI,30.0,50.0,20.0
2013322N13090,HELEN,2013-11-20T03:00:00Z,0,1,0.9771,0.175,FALSE_POSITIVE,Finalist_TS,"dW6=-10.0kts, dP6=11.0hPa, CoreMin=205.3K, ColdFrac=1.00","IR=False, WV=True, VIS=True",High-confidence false alarm (prob=0.98 vs th=0.17); intense core convection without subsequent 24h RI,35.0,50.0,15.0
2013322N13090,HELEN,2013-11-20T06:00:00Z,0,1,0.8722,0.175,FALSE_POSITIVE,Finalist_TS,"dW6=10.0kts, dP6=-2.0hPa, CoreMin=203.4K, ColdFrac=1.00","IR=False, WV=True, VIS=True",High-confidence false alarm (prob=0.87 vs th=0.17); intense core convection without subsequent 24h RI,40.0,55.0,15.0
2013322N13090,HELEN,2013-11-20T09:00:00Z,0,1,0.9398,0.175,FALSE_POSITIVE,Finalist_TS,"dW6=5.0kts, dP6=0.0hPa, CoreMin=196.6K, ColdFrac=1.00","IR=False, WV=True, VIS=True",High-confidence false alarm (prob=0.94 vs th=0.17); intense core convection without subsequent 24h RI,40.0,55.0,15.0
2013322N13090,HELEN,2013-11-20T12:00:00Z,0,1,0.9481,0.175,FALSE_POSITIVE,Finalist_TS,"dW6=5.0kts, dP6=-2.0hPa, CoreMin=193.8K, ColdFrac=1.00","IR=False, WV=True, VIS=True",High-confidence false alarm (prob=0.95 vs th=0.17); intense core convection without subsequent 24h RI,45.0,55.0,10.0
2013322N13090,HELEN,2013-11-20T15:00:00Z,0,1,0.9923,0.175,FALSE_POSITIVE,Finalist_TS,"dW6=5.0kts, dP6=-2.0hPa, CoreMin=195.3K, ColdFrac=1.00","IR=False, WV=True, VIS=True",High-confidence false alarm (prob=0.99 vs th=0.17); intense core convection without subsequent 24h RI,45.0,55.0,10.0
2013322N13090,HELEN,2013-11-20T18:00:00Z,0,1,0.982,0.175,FALSE_POSITIVE,Finalist_TS,"dW6=0.0kts, dP6=-2.0hPa, CoreMin=192.2K, ColdFrac=1.00","IR=False, WV=True, VIS=True",High-confidence false alarm (prob=0.98 vs th=0.17); intense core convection without subsequent 24h RI,45.0,55.0,10.0
2013322N13090,HELEN,2013-11-20T21:00:00Z,0,1,0.9732,0.175,FALSE_POSITIVE,Finalist_TS,"dW6=0.0kts, dP6=-2.0hPa, CoreMin=192.2K, ColdFrac=1.00","IR=False, WV=True, VIS=True",High-confidence false alarm (prob=0.97 vs th=0.17); intense core convection without subsequent 24h RI,45.0,55.0,10.0
2013322N13090,HELEN,2013-11-21T00:00:00Z,0,1,0.9675,0.175,FALSE_POSITIVE,Finalist_TS,"dW6=5.0kts, dP6=-2.0hPa, CoreMin=187.9K, ColdFrac=1.00","IR=False, WV=True, VIS=True",High-confidence false alarm (prob=0.97 vs th=0.17); intense core convection without subsequent 24h RI,50.0,55.0,5.0
2013322N13090,HELEN,2013-11-21T03:00:00Z,0,1,0.9286,0.175,FALSE_POSITIVE,Finalist_TS,"dW6=5.0kts, dP6=-4.0hPa, CoreMin=192.2K, ColdFrac=1.00","IR=False, WV=True, VIS=True",High-confidence false alarm (prob=0.93 vs th=0.17); intense core convection without subsequent 24h RI,50.0,55.0,5.0
2013322N13090,HELEN,2013-11-21T06:00:00Z,0,1,0.9446,0.175,FALSE_POSITIVE,Finalist_TS,"dW6=5.0kts, dP6=-4.0hPa, CoreMin=193.2K, ColdFrac=1.00","IR=False, WV=True, VIS=True",High-confidence false alarm (prob=0.94 vs th=0.17); intense core convection without subsequent 24h RI,55.0,55.0,0.0
2013322N13090,HELEN,2013-11-21T09:00:00Z,0,1,0.9445,0.175,FALSE_POSITIVE,Finalist_TS,"dW6=5.0kts, dP6=-2.0hPa, CoreMin=190.1K, ColdFrac=1.00","IR=False, WV=True, VIS=True",High-confidence false alarm (prob=0.94 vs th=0.17); intense core convection without subsequent 24h RI,55.0,40.0,-15.0
2013322N13090,HELEN,2013-11-21T12:00:00Z,0,1,0.9222,0.175,FALSE_POSITIVE,Finalist_TS,"dW6=0.0kts, dP6=0.0hPa, CoreMin=190.6K, ColdFrac=1.00","IR=False, WV=True, VIS=False",High-confidence false alarm (prob=0.92 vs th=0.17); intense core convection without subsequent 24h RI,55.0,30.0,-25.0
2013322N13090,HELEN,2013-11-21T15:00:00Z,0,1,0.7028,0.175,FALSE_POSITIVE,Finalist_TS,"dW6=0.0kts, dP6=0.0hPa, CoreMin=191.2K, ColdFrac=1.00","IR=False, WV=True, VIS=False",Borderline false alarm (prob=0.70 near th=0.17); moderate kinematic intensification,55.0,28.0,-27.0
2013322N13090,HELEN,2013-11-21T18:00:00Z,0,1,0.7127,0.175,FALSE_POSITIVE,Finalist_TS,"dW6=0.0kts, dP6=0.0hPa, CoreMin=192.2K, ColdFrac=1.00","IR=False, WV=True, VIS=False",Borderline false alarm (prob=0.71 near th=0.17); moderate kinematic intensification,55.0,25.0,-30.0
2013322N13090,HELEN,2013-11-21T21:00:00Z,0,1,0.2171,0.175,FALSE_POSITIVE,Finalist_TS,"dW6=0.0kts, dP6=0.0hPa, CoreMin=193.2K, ColdFrac=1.00","IR=False, WV=True, VIS=True",Borderline false alarm (prob=0.22 near th=0.17); moderate kinematic intensification,55.0,23.0,-32.0
2013322N13090,HELEN,2013-11-22T00:00:00Z,0,1,0.3935,0.175,FALSE_POSITIVE,Finalist_TS,"dW6=0.0kts, dP6=0.0hPa, CoreMin=191.7K, ColdFrac=1.00","IR=False, WV=True, VIS=True",Borderline false alarm (prob=0.39 near th=0.17); moderate kinematic intensification,55.0,20.0,-35.0
2013322N13090,HELEN,2013-11-22T03:00:00Z,0,1,0.6181,0.175,FALSE_POSITIVE,Finalist_TS,"dW6=0.0kts, dP6=0.0hPa, CoreMin=191.8K, ColdFrac=1.00","IR=False, WV=True, VIS=True",Borderline false alarm (prob=0.62 near th=0.17); moderate kinematic intensification,55.0,20.0,-35.0
2013322N13090,HELEN,2013-11-22T06:00:00Z,0,0,0.0549,0.175,TRUE_NEGATIVE,Finalist_TS,"dW6=0.0kts, dP6=0.0hPa, CoreMin=197.0K, ColdFrac=0.88","IR=False, WV=True, VIS=True",Correct non-RI identification (prob=0.05 < th=0.17),55.0,20.0,-35.0
2013322N13090,HELEN,2013-11-22T09:00:00Z,0,0,0.0001,0.175,TRUE_NEGATIVE,Finalist_TS,"dW6=-15.0kts, dP6=10.0hPa, CoreMin=213.8K, ColdFrac=0.23","IR=False, WV=True, VIS=True",Correct non-RI identification (prob=0.00 < th=0.17),40.0,20.0,-20.0
2014279N11096,HUDHUD,2014-10-06T06:00:00Z,0,0,0.0,0.05,TRUE_NEGATIVE,Finalist_TS,"dW6=0.0kts, dP6=0.0hPa, CoreMin=218.3K, ColdFrac=0.16","IR=False, WV=True, VIS=True",Correct non-RI identification (prob=0.00 < th=0.05),15.0,25.0,10.0
2014279N11096,HUDHUD,2014-10-06T09:00:00Z,0,0,0.0,0.05,TRUE_NEGATIVE,Finalist_TS,"dW6=0.0kts, dP6=0.0hPa, CoreMin=235.4K, ColdFrac=0.00","IR=False, WV=True, VIS=True",Correct non-RI identification (prob=0.00 < th=0.05),18.0,28.0,10.0
2014279N11096,HUDHUD,2014-10-06T12:00:00Z,0,0,0.0,0.05,TRUE_NEGATIVE,Finalist_TS,"dW6=5.0kts, dP6=-3.0hPa, CoreMin=217.3K, ColdFrac=0.10","IR=False, WV=True, VIS=True",Correct non-RI identification (prob=0.00 < th=0.05),20.0,30.0,10.0
2014279N11096,HUDHUD,2014-10-06T15:00:00Z,0,0,0.0,0.05,TRUE_NEGATIVE,Finalist_TS,"dW6=5.0kts, dP6=-3.0hPa, CoreMin=221.5K, ColdFrac=0.19","IR=False, WV=True, VIS=True",Correct non-RI identification (prob=0.00 < th=0.05),23.0,30.0,7.0
2014279N11096,HUDHUD,2014-10-06T18:00:00Z,0,1,0.0991,0.05,FALSE_POSITIVE,Finalist_TS,"dW6=5.0kts, dP6=-3.0hPa, CoreMin=197.2K, ColdFrac=0.95","IR=False, WV=True, VIS=False",Borderline false alarm (prob=0.10 near th=0.05); moderate kinematic intensification,25.0,30.0,5.0
2014279N11096,HUDHUD,2014-10-06T21:00:00Z,0,1,0.4202,0.05,FALSE_POSITIVE,Finalist_TS,"dW6=2.0kts, dP6=-2.0hPa, CoreMin=195.2K, ColdFrac=0.91","IR=False, WV=True, VIS=True",Borderline false alarm (prob=0.42 near th=0.05); moderate kinematic intensification,25.0,33.0,8.0
2014279N11096,HUDHUD,2014-10-07T00:00:00Z,0,1,0.6213,0.05,FALSE_POSITIVE,Finalist_TS,"dW6=0.0kts, dP6=0.0hPa, CoreMin=195.0K, ColdFrac=0.96","IR=False, WV=True, VIS=True",Borderline false alarm (prob=0.62 near th=0.05); moderate kinematic intensification,25.0,30.0,5.0
2014279N11096,HUDHUD,2014-10-07T03:00:00Z,0,1,0.7529,0.05,FALSE_POSITIVE,Finalist_TS,"dW6=0.0kts, dP6=0.0hPa, CoreMin=197.4K, ColdFrac=1.00","IR=False, WV=True, VIS=True",Borderline false alarm (prob=0.75 near th=0.05); moderate kinematic intensification,25.0,35.0,10.0
2014279N11096,HUDHUD,2014-10-07T06:00:00Z,0,1,0.559,0.05,FALSE_POSITIVE,Finalist_TS,"dW6=0.0kts, dP6=0.0hPa, CoreMin=194.6K, ColdFrac=1.00","IR=False, WV=True, VIS=True",Borderline false alarm (prob=0.56 near th=0.05); moderate kinematic intensification,25.0,40.0,15.0
2014279N11096,HUDHUD,2014-10-07T09:00:00Z,0,1,0.513,0.05,FALSE_POSITIVE,Finalist_TS,"dW6=3.0kts, dP6=-2.0hPa, CoreMin=198.5K, ColdFrac=0.98","IR=False, WV=True, VIS=True",Borderline false alarm (prob=0.51 near th=0.05); moderate kinematic intensification,28.0,40.0,12.0
2014279N11096,HUDHUD,2014-10-07T12:00:00Z,0,1,0.1045,0.05,FALSE_POSITIVE,Finalist_TS,"dW6=5.0kts, dP6=-4.0hPa, CoreMin=200.1K, ColdFrac=0.72","IR=False, WV=True, VIS=True",Borderline false alarm (prob=0.10 near th=0.05); moderate kinematic intensification,30.0,40.0,10.0
2014279N11096,HUDHUD,2014-10-07T15:00:00Z,0,0,0.0221,0.05,TRUE_NEGATIVE,Finalist_TS,"dW6=2.0kts, dP6=-2.0hPa, CoreMin=201.9K, ColdFrac=0.43","IR=False, WV=True, VIS=True",Correct non-RI identification (prob=0.02 < th=0.05),30.0,40.0,10.0
2014279N11096,HUDHUD,2014-10-07T18:00:00Z,0,1,0.9043,0.05,FALSE_POSITIVE,Finalist_TS,"dW6=0.0kts, dP6=0.0hPa, CoreMin=190.5K, ColdFrac=0.93","IR=False, WV=True, VIS=False",High-confidence false alarm (prob=0.90 vs th=0.05); intense core convection without subsequent 24h RI,30.0,45.0,15.0
2014279N11096,HUDHUD,2014-10-07T21:00:00Z,0,1,0.885,0.05,FALSE_POSITIVE,Finalist_TS,"dW6=3.0kts, dP6=-2.0hPa, CoreMin=192.0K, ColdFrac=1.00","IR=False, WV=True, VIS=True",High-confidence false alarm (prob=0.89 vs th=0.05); intense core convection without subsequent 24h RI,33.0,45.0,12.0
2014279N11096,HUDHUD,2014-10-08T00:00:00Z,0,1,0.9696,0.05,FALSE_POSITIVE,Finalist_TS,"dW6=0.0kts, dP6=0.0hPa, CoreMin=189.9K, ColdFrac=1.00","IR=False, WV=True, VIS=True",High-confidence false alarm (prob=0.97 vs th=0.05); intense core convection without subsequent 24h RI,30.0,45.0,15.0
2014279N11096,HUDHUD,2014-10-08T03:00:00Z,0,1,0.9553,0.05,FALSE_POSITIVE,Finalist_TS,"dW6=2.0kts, dP6=0.0hPa, CoreMin=192.6K, ColdFrac=1.00","IR=False, WV=True, VIS=True",High-confidence false alarm (prob=0.96 vs th=0.05); intense core convection without subsequent 24h RI,35.0,55.0,20.0
2014279N11096,HUDHUD,2014-10-08T06:00:00Z,0,1,0.9525,0.05,FALSE_POSITIVE,Finalist_TS,"dW6=10.0kts, dP6=-4.0hPa, CoreMin=191.2K, ColdFrac=1.00","IR=False, WV=True, VIS=True",High-confidence false alarm (prob=0.95 vs th=0.05); intense core convection without subsequent 24h RI,40.0,55.0,15.0
2014279N11096,HUDHUD,2014-10-08T09:00:00Z,0,1,0.944,0.05,FALSE_POSITIVE,Finalist_TS,"dW6=5.0kts, dP6=-2.0hPa, CoreMin=192.8K, ColdFrac=1.00","IR=False, WV=True, VIS=True",High-confidence false alarm (prob=0.94 vs th=0.05); intense core convection without subsequent 24h RI,40.0,55.0,15.0
2014279N11096,HUDHUD,2014-10-08T12:00:00Z,0,1,0.9761,0.05,FALSE_POSITIVE,Finalist_TS,"dW6=0.0kts, dP6=0.0hPa, CoreMin=189.6K, ColdFrac=1.00","IR=False, WV=True, VIS=True",High-confidence false alarm (prob=0.98 vs th=0.05); intense core convection without subsequent 24h RI,40.0,55.0,15.0
2014279N11096,HUDHUD,2014-10-08T15:00:00Z,0,1,0.9524,0.05,FALSE_POSITIVE,Finalist_TS,"dW6=0.0kts, dP6=0.0hPa, CoreMin=192.9K, ColdFrac=1.00","IR=False, WV=True, VIS=True",High-confidence false alarm (prob=0.95 vs th=0.05); intense core convection without subsequent 24h RI,40.0,55.0,15.0
2014279N11096,HUDHUD,2014-10-08T18:00:00Z,0,1,0.9862,0.05,FALSE_POSITIVE,Finalist_TS,"dW6=5.0kts, dP6=-2.0hPa, CoreMin=186.1K, ColdFrac=1.00","IR=False, WV=True, VIS=False",High-confidence false alarm (prob=0.99 vs th=0.05); intense core convection without subsequent 24h RI,45.0,55.0,10.0
2014279N11096,HUDHUD,2014-10-08T21:00:00Z,0,1,0.8699,0.05,FALSE_POSITIVE,Finalist_TS,"dW6=5.0kts, dP6=-4.0hPa, CoreMin=192.9K, ColdFrac=1.00","IR=False, WV=True, VIS=True",High-confidence false alarm (prob=0.87 vs th=0.05); intense core convection without subsequent 24h RI,45.0,60.0,15.0
2014279N11096,HUDHUD,2014-10-09T00:00:00Z,0,1,0.917,0.05,FALSE_POSITIVE,Finalist_TS,"dW6=0.0kts, dP6=-4.0hPa, CoreMin=192.6K, ColdFrac=1.00","IR=False, WV=True, VIS=True",High-confidence false alarm (prob=0.92 vs th=0.05); intense core convection without subsequent 24h RI,45.0,60.0,15.0
2014279N11096,HUDHUD,2014-10-09T03:00:00Z,0,1,0.9811,0.05,FALSE_POSITIVE,Finalist_TS,"dW6=10.0kts, dP6=-4.0hPa, CoreMin=194.2K, ColdFrac=1.00","IR=False, WV=True, VIS=True",High-confidence false alarm (prob=0.98 vs th=0.05); intense core convection without subsequent 24h RI,55.0,60.0,5.0
2014279N11096,HUDHUD,2014-10-09T06:00:00Z,0,1,0.9904,0.05,FALSE_POSITIVE,Finalist_TS,"dW6=10.0kts, dP6=-2.0hPa, CoreMin=192.4K, ColdFrac=1.00","IR=False, WV=True, VIS=True",High-confidence false alarm (prob=0.99 vs th=0.05); intense core convection without subsequent 24h RI,55.0,60.0,5.0
2014279N11096,HUDHUD,2014-10-09T09:00:00Z,0,1,0.9747,0.05,FALSE_POSITIVE,Finalist_TS,"dW6=0.0kts, dP6=0.0hPa, CoreMin=189.7K, ColdFrac=1.00","IR=False, WV=True, VIS=True",High-confidence false alarm (prob=0.97 vs th=0.05); intense core convection without subsequent 24h RI,55.0,65.0,10.0
2014279N11096,HUDHUD,2014-10-09T12:00:00Z,0,1,0.958,0.05,FALSE_POSITIVE,Finalist_TS,"dW6=0.0kts, dP6=0.0hPa, CoreMin=189.9K, ColdFrac=1.00","IR=False, WV=True, VIS=True",High-confidence false alarm (prob=0.96 vs th=0.05); intense core convection without subsequent 24h RI,55.0,70.0,15.0
2014279N11096,HUDHUD,2014-10-09T15:00:00Z,0,1,0.9554,0.05,FALSE_POSITIVE,Finalist_TS,"dW6=0.0kts, dP6=0.0hPa, CoreMin=192.5K, ColdFrac=1.00","IR=False, WV=True, VIS=True",High-confidence false alarm (prob=0.96 vs th=0.05); intense core convection without subsequent 24h RI,55.0,75.0,20.0
2014279N11096,HUDHUD,2014-10-09T18:00:00Z,0,1,0.9912,0.05,FALSE_POSITIVE,Finalist_TS,"dW6=0.0kts, dP6=0.0hPa, CoreMin=188.4K, ColdFrac=1.00","IR=False, WV=True, VIS=False",High-confidence false alarm (prob=0.99 vs th=0.05); intense core convection without subsequent 24h RI,55.0,75.0,20.0
2014279N11096,HUDHUD,2014-10-09T21:00:00Z,0,1,0.9185,0.05,FALSE_POSITIVE,Finalist_TS,"dW6=5.0kts, dP6=0.0hPa, CoreMin=190.1K, ColdFrac=1.00","IR=False, WV=True, VIS=True",High-confidence false alarm (prob=0.92 vs th=0.05); intense core convection without subsequent 24h RI,60.0,75.0,15.0
2014279N11096,HUDHUD,2014-10-10T00:00:00Z,0,1,0.9856,0.05,FALSE_POSITIVE,Finalist_TS,"dW6=5.0kts, dP6=0.0hPa, CoreMin=187.7K, ColdFrac=1.00","IR=False, WV=True, VIS=True",High-confidence false alarm (prob=0.99 vs th=0.05); intense core convection without subsequent 24h RI,60.0,75.0,15.0
2014279N11096,HUDHUD,2014-10-10T03:00:00Z,0,1,0.9609,0.05,FALSE_POSITIVE,Finalist_TS,"dW6=0.0kts, dP6=0.0hPa, CoreMin=190.6K, ColdFrac=1.00","IR=False, WV=True, VIS=True",High-confidence false alarm (prob=0.96 vs th=0.05); intense core convection without subsequent 24h RI,60.0,80.0,20.0
2014279N11096,HUDHUD,2014-10-10T06:00:00Z,1,1,0.7916,0.05,TRUE_POSITIVE,Finalist_TS,"dW6=0.0kts, dP6=-2.0hPa, CoreMin=193.3K, ColdFrac=1.00","IR=False, WV=True, VIS=True",Correct RI detection (prob=0.79 >= th=0.05),60.0,90.0,30.0
2014279N11096,HUDHUD,2014-10-10T09:00:00Z,0,1,0.9737,0.05,FALSE_POSITIVE,Finalist_TS,"dW6=5.0kts, dP6=-4.0hPa, CoreMin=187.5K, ColdFrac=1.00","IR=False, WV=True, VIS=True",High-confidence false alarm (prob=0.97 vs th=0.05); intense core convection without subsequent 24h RI,65.0,90.0,25.0
2014279N11096,HUDHUD,2014-10-10T12:00:00Z,0,1,0.9921,0.05,FALSE_POSITIVE,Finalist_TS,"dW6=10.0kts, dP6=-4.0hPa, CoreMin=186.2K, ColdFrac=1.00","IR=False, WV=True, VIS=True",High-confidence false alarm (prob=0.99 vs th=0.05); intense core convection without subsequent 24h RI,70.0,95.0,25.0
2014279N11096,HUDHUD,2014-10-10T15:00:00Z,0,1,0.9415,0.05,FALSE_POSITIVE,Finalist_TS,"dW6=10.0kts, dP6=-4.0hPa, CoreMin=189.4K, ColdFrac=1.00","IR=False, WV=True, VIS=True",High-confidence false alarm (prob=0.94 vs th=0.05); intense core convection without subsequent 24h RI,75.0,95.0,20.0
2014279N11096,HUDHUD,2014-10-10T18:00:00Z,0,1,0.8,0.05,FALSE_POSITIVE,Finalist_TS,"dW6=5.0kts, dP6=-4.0hPa, CoreMin=189.4K, ColdFrac=1.00","IR=False, WV=True, VIS=False",Borderline false alarm (prob=0.80 near th=0.05); moderate kinematic intensification,75.0,100.0,25.0
2014279N11096,HUDHUD,2014-10-10T21:00:00Z,0,1,0.7367,0.05,FALSE_POSITIVE,Finalist_TS,"dW6=0.0kts, dP6=-6.0hPa, CoreMin=190.7K, ColdFrac=1.00","IR=False, WV=True, VIS=True",Borderline false alarm (prob=0.74 near th=0.05); moderate kinematic intensification,75.0,100.0,25.0
2014279N11096,HUDHUD,2014-10-11T00:00:00Z,0,1,0.1118,0.05,FALSE_POSITIVE,Finalist_TS,"dW6=0.0kts, dP6=-8.0hPa, CoreMin=191.6K, ColdFrac=1.00","IR=False, WV=True, VIS=True",Borderline false alarm (prob=0.11 near th=0.05); moderate kinematic intensification,75.0,100.0,25.0
2014279N11096,HUDHUD,2014-10-11T03:00:00Z,0,1,0.1682,0.05,FALSE_POSITIVE,Finalist_TS,"dW6=5.0kts, dP6=-6.0hPa, CoreMin=193.3K, ColdFrac=1.00","IR=False, WV=True, VIS=True",Borderline false alarm (prob=0.17 near th=0.05); moderate kinematic intensification,80.0,100.0,20.0
2014279N11096,HUDHUD,2014-10-11T06:00:00Z,0,1,0.3858,0.05,FALSE_POSITIVE,Finalist_TS,"dW6=15.0kts, dP6=-4.0hPa, CoreMin=191.1K, ColdFrac=0.94","IR=False, WV=True, VIS=True",Borderline false alarm (prob=0.39 near th=0.05); moderate kinematic intensification,90.0,100.0,10.0
2014279N11096,HUDHUD,2014-10-11T09:00:00Z,0,1,0.7766,0.05,FALSE_POSITIVE,Finalist_TS,"dW6=10.0kts, dP6=-4.0hPa, CoreMin=191.8K, ColdFrac=0.98","IR=False, WV=True, VIS=True",Borderline false alarm (prob=0.78 near th=0.05); moderate kinematic intensification,90.0,90.0,0.0
2014279N11096,HUDHUD,2014-10-11T12:00:00Z,0,1,0.5482,0.05,FALSE_POSITIVE,Finalist_TS,"dW6=5.0kts, dP6=-4.0hPa, CoreMin=190.8K, ColdFrac=0.92","IR=False, WV=True, VIS=True",Borderline false alarm (prob=0.55 near th=0.05); moderate kinematic intensification,95.0,60.0,-35.0
2014279N11096,HUDHUD,2014-10-11T15:00:00Z,0,1,0.7824,0.05,FALSE_POSITIVE,Finalist_TS,"dW6=5.0kts, dP6=-4.0hPa, CoreMin=194.4K, ColdFrac=1.00","IR=False, WV=True, VIS=True",Borderline false alarm (prob=0.78 near th=0.05); moderate kinematic intensification,95.0,45.0,-50.0
2014279N11096,HUDHUD,2014-10-11T18:00:00Z,0,1,0.0786,0.05,FALSE_POSITIVE,Finalist_TS,"dW6=5.0kts, dP6=-8.0hPa, CoreMin=191.5K, ColdFrac=1.00","IR=False, WV=True, VIS=False",Borderline false alarm (prob=0.08 near th=0.05); moderate kinematic intensification,100.0,40.0,-60.0
2014279N11096,HUDHUD,2014-10-11T21:00:00Z,0,1,0.0948,0.05,FALSE_POSITIVE,Finalist_TS,"dW6=5.0kts, dP6=-8.0hPa, CoreMin=197.6K, ColdFrac=1.00","IR=False, WV=True, VIS=True",Borderline false alarm (prob=0.09 near th=0.05); moderate kinematic intensification,100.0,40.0,-60.0
2014279N11096,HUDHUD,2014-10-12T00:00:00Z,0,0,0.0267,0.05,TRUE_NEGATIVE,Finalist_TS,"dW6=0.0kts, dP6=-4.0hPa, CoreMin=194.7K, ColdFrac=1.00","IR=False, WV=True, VIS=True",Correct non-RI identification (prob=0.03 < th=0.05),100.0,30.0,-70.0
2014279N11096,HUDHUD,2014-10-12T03:00:00Z,0,0,0.0498,0.05,TRUE_NEGATIVE,Finalist_TS,"dW6=0.0kts, dP6=-2.0hPa, CoreMin=195.2K, ColdFrac=1.00","IR=False, WV=True, VIS=True",Correct non-RI identification (prob=0.05 < th=0.05),100.0,30.0,-70.0
2014279N11096,HUDHUD,2014-10-12T06:00:00Z,0,0,0.0324,0.05,TRUE_NEGATIVE,Finalist_TS,"dW6=0.0kts, dP6=0.0hPa, CoreMin=196.7K, ColdFrac=0.94","IR=False, WV=True, VIS=True",Correct non-RI identification (prob=0.03 < th=0.05),100.0,30.0,-70.0
2014279N11096,HUDHUD,2014-10-12T09:00:00Z,0,1,0.2146,0.05,FALSE_POSITIVE,Finalist_TS,"dW6=-10.0kts, dP6=10.0hPa, CoreMin=197.3K, ColdFrac=1.00","IR=False, WV=True, VIS=True",Borderline false alarm (prob=0.21 near th=0.05); moderate kinematic intensification,90.0,35.0,-55.0
2014279N11096,HUDHUD,2014-10-12T12:00:00Z,0,1,0.2534,0.05,FALSE_POSITIVE,Finalist_TS,"dW6=-40.0kts, dP6=32.0hPa, CoreMin=196.8K, ColdFrac=1.00","IR=False, WV=True, VIS=True",Borderline false alarm (prob=0.25 near th=0.05); moderate kinematic intensification,60.0,25.0,-35.0
2014279N11096,HUDHUD,2014-10-12T18:00:00Z,0,0,0.0009,0.05,TRUE_NEGATIVE,Finalist_TS,"dW6=-20.0kts, dP6=5.0hPa, CoreMin=206.9K, ColdFrac=1.00","IR=False, WV=True, VIS=False",Correct non-RI identification (prob=0.00 < th=0.05),40.0,25.0,-15.0
2014279N11096,HUDHUD,2014-10-13T00:00:00Z,0,0,0.0,0.05,TRUE_NEGATIVE,Finalist_TS,"dW6=-10.0kts, dP6=7.0hPa, CoreMin=225.1K, ColdFrac=0.25","IR=False, WV=True, VIS=True",Correct non-RI identification (prob=0.00 < th=0.05),30.0,25.0,-5.0
2014279N11096,HUDHUD,2014-10-13T03:00:00Z,0,0,0.0,0.05,TRUE_NEGATIVE,Finalist_TS,"dW6=-10.0kts, dP6=8.0hPa, CoreMin=226.4K, ColdFrac=0.12","IR=False, WV=True, VIS=True",Correct non-RI identification (prob=0.00 < th=0.05),30.0,20.0,-10.0
2014279N11096,HUDHUD,2014-10-13T06:00:00Z,0,0,0.0,0.05,TRUE_NEGATIVE,Finalist_TS,"dW6=0.0kts, dP6=4.0hPa, CoreMin=213.6K, ColdFrac=0.59","IR=False, WV=True, VIS=True",Correct non-RI identification (prob=0.00 < th=0.05),30.0,20.0,-10.0
2014279N11096,HUDHUD,2014-10-13T09:00:00Z,0,0,0.0,0.05,TRUE_NEGATIVE,Finalist_TS,"dW6=5.0kts, dP6=1.0hPa, CoreMin=216.2K, ColdFrac=0.62","IR=False, WV=True, VIS=True",Correct non-RI identification (prob=0.00 < th=0.05),35.0,20.0,-15.0
2014279N11096,HUDHUD,2014-10-13T12:00:00Z,0,0,0.0002,0.05,TRUE_NEGATIVE,Finalist_TS,"dW6=-5.0kts, dP6=0.0hPa, CoreMin=211.8K, ColdFrac=0.68","IR=False, WV=True, VIS=True",Correct non-RI identification (prob=0.00 < th=0.05),25.0,20.0,-5.0
2014297N11062,NILOFAR,2014-10-23T12:00:00Z,0,0,0.0,0.075,TRUE_NEGATIVE,Finalist_TS,"dW6=0.0kts, dP6=0.0hPa, CoreMin=214.9K, ColdFrac=0.36","IR=False, WV=True, VIS=True",Correct non-RI identification (prob=0.00 < th=0.07),15.0,20.0,5.0
2014297N11062,NILOFAR,2014-10-23T15:00:00Z,0,0,0.0,0.075,TRUE_NEGATIVE,Finalist_TS,"dW6=0.0kts, dP6=0.0hPa, CoreMin=222.2K, ColdFrac=0.48","IR=False, WV=True, VIS=True",Correct non-RI identification (prob=0.00 < th=0.07),15.0,23.0,8.0
2014297N11062,NILOFAR,2014-10-23T18:00:00Z,0,0,0.0,0.075,TRUE_NEGATIVE,Finalist_TS,"dW6=0.0kts, dP6=0.0hPa, CoreMin=223.8K, ColdFrac=0.15","IR=False, WV=True, VIS=True",Correct non-RI identification (prob=0.00 < th=0.07),15.0,25.0,10.0
2014297N11062,NILOFAR,2014-10-23T21:00:00Z,0,0,0.0002,0.075,TRUE_NEGATIVE,Finalist_TS,"dW6=3.0kts, dP6=-1.0hPa, CoreMin=216.0K, ColdFrac=0.04","IR=False, WV=True, VIS=True",Correct non-RI identification (prob=0.00 < th=0.07),18.0,28.0,10.0
2014297N11062,NILOFAR,2014-10-24T00:00:00Z,0,1,0.8336,0.075,FALSE_POSITIVE,Finalist_TS,"dW6=5.0kts, dP6=-3.0hPa, CoreMin=202.7K, ColdFrac=0.50","IR=False, WV=True, VIS=True",High-confidence false alarm (prob=0.83 vs th=0.07); intense core convection without subsequent 24h RI,20.0,25.0,5.0
2014297N11062,NILOFAR,2014-10-24T03:00:00Z,0,1,0.9184,0.075,FALSE_POSITIVE,Finalist_TS,"dW6=2.0kts, dP6=-2.0hPa, CoreMin=202.0K, ColdFrac=0.85","IR=False, WV=True, VIS=True",High-confidence false alarm (prob=0.92 vs th=0.07); intense core convection without subsequent 24h RI,20.0,25.0,5.0
2014297N11062,NILOFAR,2014-10-24T06:00:00Z,0,0,0.0289,0.075,TRUE_NEGATIVE,Finalist_TS,"dW6=0.0kts, dP6=0.0hPa, CoreMin=207.6K, ColdFrac=0.68","IR=False, WV=True, VIS=True",Correct non-RI identification (prob=0.03 < th=0.07),20.0,25.0,5.0
2014297N11062,NILOFAR,2014-10-24T09:00:00Z,0,0,0.015,0.075,TRUE_NEGATIVE,Finalist_TS,"dW6=0.0kts, dP6=0.0hPa, CoreMin=217.5K, ColdFrac=0.66","IR=False, WV=True, VIS=True",Correct non-RI identification (prob=0.01 < th=0.07),20.0,33.0,13.0
2014297N11062,NILOFAR,2014-10-24T12:00:00Z,0,0,0.001,0.075,TRUE_NEGATIVE,Finalist_TS,"dW6=0.0kts, dP6=0.0hPa, CoreMin=220.1K, ColdFrac=0.60","IR=False, WV=True, VIS=True",Correct non-RI identification (prob=0.00 < th=0.07),20.0,25.0,5.0
2014297N11062,NILOFAR,2014-10-24T15:00:00Z,0,0,0.0024,0.075,TRUE_NEGATIVE,Finalist_TS,"dW6=3.0kts, dP6=-1.0hPa, CoreMin=204.0K, ColdFrac=0.23","IR=False, WV=True, VIS=True",Correct non-RI identification (prob=0.00 < th=0.07),23.0,35.0,12.0
2014297N11062,NILOFAR,2014-10-24T18:00:00Z,0,0,0.0001,0.075,TRUE_NEGATIVE,Finalist_TS,"dW6=5.0kts, dP6=-3.0hPa, CoreMin=210.2K, ColdFrac=0.43","IR=False, WV=True, VIS=True",Correct non-RI identification (prob=0.00 < th=0.07),25.0,25.0,0.0
2014297N11062,NILOFAR,2014-10-24T21:00:00Z,0,0,0.0008,0.075,TRUE_NEGATIVE,Finalist_TS,"dW6=5.0kts, dP6=-4.0hPa, CoreMin=198.2K, ColdFrac=0.41","IR=False, WV=True, VIS=True",Correct non-RI identification (prob=0.00 < th=0.07),28.0,38.0,10.0
2014297N11062,NILOFAR,2014-10-25T00:00:00Z,0,1,0.4201,0.075,FALSE_POSITIVE,Finalist_TS,"dW6=0.0kts, dP6=0.0hPa, CoreMin=197.6K, ColdFrac=0.91","IR=False, WV=True, VIS=True",Borderline false alarm (prob=0.42 near th=0.07); moderate kinematic intensification,25.0,25.0,0.0
2014297N11062,NILOFAR,2014-10-25T03:00:00Z,0,0,0.0025,0.075,TRUE_NEGATIVE,Finalist_TS,"dW6=-3.0kts, dP6=2.0hPa, CoreMin=202.8K, ColdFrac=1.00","IR=False, WV=True, VIS=True",Correct non-RI identification (prob=0.00 < th=0.07),25.0,30.0,5.0
2014297N11062,NILOFAR,2014-10-25T06:00:00Z,0,1,0.9799,0.075,FALSE_POSITIVE,Finalist_TS,"dW6=0.0kts, dP6=0.0hPa, CoreMin=201.5K, ColdFrac=0.98","IR=False, WV=True, VIS=True",High-confidence false alarm (prob=0.98 vs th=0.07); intense core convection without subsequent 24h RI,25.0,35.0,10.0
2014297N11062,NILOFAR,2014-10-25T09:00:00Z,0,1,0.9912,0.075,FALSE_POSITIVE,Finalist_TS,"dW6=8.0kts, dP6=-6.0hPa, CoreMin=197.3K, ColdFrac=1.00","IR=False, WV=True, VIS=True",High-confidence false alarm (prob=0.99 vs th=0.07); intense core convection without subsequent 24h RI,33.0,35.0,2.0
2014297N11062,NILOFAR,2014-10-25T12:00:00Z,0,0,0.003,0.075,TRUE_NEGATIVE,Finalist_TS,"dW6=0.0kts, dP6=-1.0hPa, CoreMin=209.1K, ColdFrac=1.00","IR=False, WV=True, VIS=True",Correct non-RI identification (prob=0.00 < th=0.07),25.0,40.0,15.0
2014297N11062,NILOFAR,2014-10-25T15:00:00Z,0,0,0.0002,0.075,TRUE_NEGATIVE,Finalist_TS,"dW6=2.0kts, dP6=-2.0hPa, CoreMin=210.9K, ColdFrac=0.97","IR=False, WV=True, VIS=True",Correct non-RI identification (prob=0.00 < th=0.07),35.0,40.0,5.0
2014297N11062,NILOFAR,2014-10-25T18:00:00Z,0,0,0.0623,0.075,TRUE_NEGATIVE,Finalist_TS,"dW6=0.0kts, dP6=0.0hPa, CoreMin=199.1K, ColdFrac=1.00","IR=False, WV=True, VIS=True",Correct non-RI identification (prob=0.06 < th=0.07),25.0,45.0,20.0
2014297N11062,NILOFAR,2014-10-25T21:00:00Z,0,0,0.0088,0.075,TRUE_NEGATIVE,Finalist_TS,"dW6=3.0kts, dP6=-1.0hPa, CoreMin=193.0K, ColdFrac=0.90","IR=False, WV=True, VIS=True",Correct non-RI identification (prob=0.01 < th=0.07),38.0,50.0,12.0
2014297N11062,NILOFAR,2014-10-26T00:00:00Z,1,0,0.0176,0.075,FALSE_NEGATIVE,Finalist_TS,"dW6=0.0kts, dP6=-1.0hPa, CoreMin=191.8K, ColdFrac=1.00","IR=False, WV=True, VIS=True",High-confidence miss (prob=0.02 vs th=0.07); early RI onset before satellite signature consolidated,25.0,55.0,30.0
2014297N11062,NILOFAR,2014-10-26T03:00:00Z,1,0,0.0042,0.075,FALSE_NEGATIVE,Finalist_TS,"dW6=-8.0kts, dP6=4.0hPa, CoreMin=193.9K, ColdFrac=1.00","IR=False, WV=True, VIS=True",High-confidence miss (prob=0.00 vs th=0.07); early RI onset before satellite signature consolidated,30.0,60.0,30.0
2014297N11062,NILOFAR,2014-10-26T06:00:00Z,1,0,0.0291,0.075,FALSE_NEGATIVE,Finalist_TS,"dW6=10.0kts, dP6=-4.0hPa, CoreMin=196.3K, ColdFrac=1.00","IR=False, WV=True, VIS=True",High-confidence miss (prob=0.03 vs th=0.07); early RI onset before satellite signature consolidated,35.0,65.0,30.0
2014297N11062,NILOFAR,2014-10-26T09:00:00Z,1,0,0.0354,0.075,FALSE_NEGATIVE,Finalist_TS,"dW6=5.0kts, dP6=-3.0hPa, CoreMin=196.4K, ColdFrac=1.00","IR=False, WV=True, VIS=True",High-confidence miss (prob=0.04 vs th=0.07); early RI onset before satellite signature consolidated,35.0,65.0,30.0
2014297N11062,NILOFAR,2014-10-26T12:00:00Z,1,0,0.0027,0.075,FALSE_NEGATIVE,Finalist_TS,"dW6=5.0kts, dP6=-4.0hPa, CoreMin=204.2K, ColdFrac=1.00","IR=False, WV=True, VIS=True",High-confidence miss (prob=0.00 vs th=0.07); early RI onset before satellite signature consolidated,40.0,70.0,30.0
2014297N11062,NILOFAR,2014-10-26T15:00:00Z,1,0,0.0021,0.075,FALSE_NEGATIVE,Finalist_TS,"dW6=5.0kts, dP6=-2.0hPa, CoreMin=195.9K, ColdFrac=0.89","IR=False, WV=True, VIS=True",High-confidence miss (prob=0.00 vs th=0.07); early RI onset before satellite signature consolidated,40.0,70.0,30.0
2014297N11062,NILOFAR,2014-10-26T18:00:00Z,0,0,0.0028,0.075,TRUE_NEGATIVE,Finalist_TS,"dW6=5.0kts, dP6=0.0hPa, CoreMin=201.6K, ColdFrac=0.70","IR=False, WV=True, VIS=True",Correct non-RI identification (prob=0.00 < th=0.07),45.0,70.0,25.0
2014297N11062,NILOFAR,2014-10-26T21:00:00Z,0,1,0.155,0.075,FALSE_POSITIVE,Finalist_TS,"dW6=10.0kts, dP6=0.0hPa, CoreMin=204.7K, ColdFrac=0.66","IR=False, WV=True, VIS=True",Borderline false alarm (prob=0.15 near th=0.07); moderate kinematic intensification,50.0,75.0,25.0
2014297N11062,NILOFAR,2014-10-27T00:00:00Z,0,0,0.0034,0.075,TRUE_NEGATIVE,Finalist_TS,"dW6=10.0kts, dP6=-4.0hPa, CoreMin=197.9K, ColdFrac=0.82","IR=False, WV=True, VIS=True",Correct non-RI identification (prob=0.00 < th=0.07),55.0,75.0,20.0
2014297N11062,NILOFAR,2014-10-27T03:00:00Z,0,1,0.7806,0.075,FALSE_POSITIVE,Finalist_TS,"dW6=10.0kts, dP6=-4.0hPa, CoreMin=194.0K, ColdFrac=1.00","IR=False, WV=True, VIS=True",Borderline false alarm (prob=0.78 near th=0.07); moderate kinematic intensification,60.0,75.0,15.0
2014297N11062,NILOFAR,2014-10-27T06:00:00Z,0,0,0.0225,0.075,TRUE_NEGATIVE,Finalist_TS,"dW6=10.0kts, dP6=-4.0hPa, CoreMin=198.1K, ColdFrac=1.00","IR=False, WV=True, VIS=True",Correct non-RI identification (prob=0.02 < th=0.07),65.0,80.0,15.0
2014297N11062,NILOFAR,2014-10-27T09:00:00Z,0,1,0.5267,0.075,FALSE_POSITIVE,Finalist_TS,"dW6=5.0kts, dP6=-6.0hPa, CoreMin=196.4K, ColdFrac=1.00","IR=False, WV=True, VIS=True",Borderline false alarm (prob=0.53 near th=0.07); moderate kinematic intensification,65.0,90.0,25.0
2014297N11062,NILOFAR,2014-10-27T12:00:00Z,1,0,0.0026,0.075,FALSE_NEGATIVE,Finalist_TS,"dW6=5.0kts, dP6=-4.0hPa, CoreMin=195.4K, ColdFrac=1.00","IR=False, WV=True, VIS=True",High-confidence miss (prob=0.00 vs th=0.07); early RI onset before satellite signature consolidated,70.0,100.0,30.0
2014297N11062,NILOFAR,2014-10-27T15:00:00Z,1,1,0.4663,0.075,TRUE_POSITIVE,Finalist_TS,"dW6=5.0kts, dP6=-3.0hPa, CoreMin=198.6K, ColdFrac=1.00","IR=False, WV=True, VIS=True",Correct RI detection (prob=0.47 >= th=0.07),70.0,105.0,35.0
2014297N11062,NILOFAR,2014-10-27T18:00:00Z,1,0,0.0014,0.075,FALSE_NEGATIVE,Finalist_TS,"dW6=0.0kts, dP6=-2.0hPa, CoreMin=199.1K, ColdFrac=1.00","IR=False, WV=True, VIS=True",High-confidence miss (prob=0.00 vs th=0.07); early RI onset before satellite signature consolidated,70.0,110.0,40.0
2014297N11062,NILOFAR,2014-10-27T21:00:00Z,1,1,0.1939,0.075,TRUE_POSITIVE,Finalist_TS,"dW6=5.0kts, dP6=-2.0hPa, CoreMin=194.4K, ColdFrac=1.00","IR=False, WV=True, VIS=True",Correct RI detection (prob=0.19 >= th=0.07),75.0,110.0,35.0
2014297N11062,NILOFAR,2014-10-28T00:00:00Z,1,0,0.0003,0.075,FALSE_NEGATIVE,Finalist_TS,"dW6=5.0kts, dP6=-2.0hPa, CoreMin=195.7K, ColdFrac=1.00","IR=False, WV=True, VIS=True",High-confidence miss (prob=0.00 vs th=0.07); early RI onset before satellite signature consolidated,75.0,105.0,30.0
2014297N11062,NILOFAR,2014-10-28T03:00:00Z,0,1,0.4342,0.075,FALSE_POSITIVE,Finalist_TS,"dW6=0.0kts, dP6=-2.0hPa, CoreMin=194.5K, ColdFrac=1.00","IR=False, WV=True, VIS=True",Borderline false alarm (prob=0.43 near th=0.07); moderate kinematic intensification,75.0,100.0,25.0
2014297N11062,NILOFAR,2014-10-28T06:00:00Z,0,0,0.0472,0.075,TRUE_NEGATIVE,Finalist_TS,"dW6=5.0kts, dP6=-4.0hPa, CoreMin=199.0K, ColdFrac=1.00","IR=False, WV=True, VIS=True",Correct non-RI identification (prob=0.05 < th=0.07),80.0,95.0,15.0
2014297N11062,NILOFAR,2014-10-28T09:00:00Z,0,0,0.014,0.075,TRUE_NEGATIVE,Finalist_TS,"dW6=15.0kts, dP6=-11.0hPa, CoreMin=200.4K, ColdFrac=0.94","IR=False, WV=True, VIS=True",Correct non-RI identification (prob=0.01 < th=0.07),90.0,90.0,0.0
2014297N11062,NILOFAR,2014-10-28T12:00:00Z,0,0,0.0009,0.075,TRUE_NEGATIVE,Finalist_TS,"dW6=20.0kts, dP6=-20.0hPa, CoreMin=198.1K, ColdFrac=0.93","IR=False, WV=True, VIS=True",Correct non-RI identification (prob=0.00 < th=0.07),100.0,80.0,-20.0
2014297N11062,NILOFAR,2014-10-28T15:00:00Z,0,0,0.0004,0.075,TRUE_NEGATIVE,Finalist_TS,"dW6=15.0kts, dP6=-14.0hPa, CoreMin=199.1K, ColdFrac=0.96","IR=False, WV=True, VIS=True",Correct non-RI identification (prob=0.00 < th=0.07),105.0,70.0,-35.0
2014297N11062,NILOFAR,2014-10-28T18:00:00Z,0,1,0.4061,0.075,FALSE_POSITIVE,Finalist_TS,"dW6=10.0kts, dP6=-4.0hPa, CoreMin=199.5K, ColdFrac=1.00","IR=False, WV=True, VIS=True",Borderline false alarm (prob=0.41 near th=0.07); moderate kinematic intensification,110.0,70.0,-40.0
2014297N11062,NILOFAR,2014-10-28T21:00:00Z,0,0,0.0011,0.075,TRUE_NEGATIVE,Finalist_TS,"dW6=5.0kts, dP6=-2.0hPa, CoreMin=199.5K, ColdFrac=1.00","IR=False, WV=True, VIS=True",Correct non-RI identification (prob=0.00 < th=0.07),110.0,60.0,-50.0
2014297N11062,NILOFAR,2014-10-29T00:00:00Z,0,0,0.0007,0.075,TRUE_NEGATIVE,Finalist_TS,"dW6=-5.0kts, dP6=4.0hPa, CoreMin=191.5K, ColdFrac=0.97","IR=False, WV=True, VIS=True",Correct non-RI identification (prob=0.00 < th=0.07),105.0,60.0,-45.0
2014297N11062,NILOFAR,2014-10-29T03:00:00Z,0,0,0.0,0.075,TRUE_NEGATIVE,Finalist_TS,"dW6=-10.0kts, dP6=8.0hPa, CoreMin=191.5K, ColdFrac=0.62","IR=False, WV=True, VIS=True",Correct non-RI identification (prob=0.00 < th=0.07),100.0,50.0,-50.0
2014297N11062,NILOFAR,2014-10-29T06:00:00Z,0,0,0.0004,0.075,TRUE_NEGATIVE,Finalist_TS,"dW6=-10.0kts, dP6=8.0hPa, CoreMin=191.5K, ColdFrac=1.00","IR=False, WV=True, VIS=True",Correct non-RI identification (prob=0.00 < th=0.07),95.0,45.0,-50.0
2014297N11062,NILOFAR,2014-10-29T09:00:00Z,0,0,0.0002,0.075,TRUE_NEGATIVE,Finalist_TS,"dW6=-10.0kts, dP6=10.0hPa, CoreMin=188.9K, ColdFrac=0.99","IR=False, WV=True, VIS=True",Correct non-RI identification (prob=0.00 < th=0.07),90.0,40.0,-50.0
2014297N11062,NILOFAR,2014-10-29T12:00:00Z,0,0,0.0,0.075,TRUE_NEGATIVE,Finalist_TS,"dW6=-15.0kts, dP6=12.0hPa, CoreMin=196.2K, ColdFrac=1.00","IR=False, WV=True, VIS=True",Correct non-RI identification (prob=0.00 < th=0.07),80.0,40.0,-40.0
2014297N11062,NILOFAR,2014-10-29T15:00:00Z,0,0,0.0,0.075,TRUE_NEGATIVE,Finalist_TS,"dW6=-20.0kts, dP6=12.0hPa, CoreMin=204.3K, ColdFrac=0.96","IR=False, WV=True, VIS=False",Correct non-RI identification (prob=0.00 < th=0.07),70.0,40.0,-30.0
2014297N11062,NILOFAR,2014-10-29T18:00:00Z,0,0,0.0,0.075,TRUE_NEGATIVE,Finalist_TS,"dW6=-10.0kts, dP6=12.0hPa, CoreMin=212.8K, ColdFrac=0.11","IR=False, WV=True, VIS=False",Correct non-RI identification (prob=0.00 < th=0.07),70.0,35.0,-35.0
2014297N11062,NILOFAR,2014-10-29T21:00:00Z,0,0,0.0,0.075,TRUE_NEGATIVE,Finalist_TS,"dW6=-10.0kts, dP6=8.0hPa, CoreMin=193.9K, ColdFrac=0.81","IR=False, WV=True, VIS=False",Correct non-RI identification (prob=0.00 < th=0.07),60.0,30.0,-30.0
2014297N11062,NILOFAR,2014-10-30T00:00:00Z,0,0,0.0,0.075,TRUE_NEGATIVE,Finalist_TS,"dW6=-10.0kts, dP6=4.0hPa, CoreMin=203.8K, ColdFrac=1.00","IR=False, WV=True, VIS=True",Correct non-RI identification (prob=0.00 < th=0.07),60.0,25.0,-35.0
2014297N11062,NILOFAR,2014-10-30T03:00:00Z,0,0,0.0001,0.075,TRUE_NEGATIVE,Finalist_TS,"dW6=-10.0kts, dP6=6.0hPa, CoreMin=203.5K, ColdFrac=0.98","IR=False, WV=True, VIS=True",Correct non-RI identification (prob=0.00 < th=0.07),50.0,28.0,-22.0
2014297N11062,NILOFAR,2014-10-30T06:00:00Z,0,0,0.0002,0.075,TRUE_NEGATIVE,Finalist_TS,"dW6=-15.0kts, dP6=8.0hPa, CoreMin=200.9K, ColdFrac=1.00","IR=False, WV=True, VIS=True",Correct non-RI identification (prob=0.00 < th=0.07),45.0,25.0,-20.0
2014297N11062,NILOFAR,2014-10-30T09:00:00Z,0,0,0.0006,0.075,TRUE_NEGATIVE,Finalist_TS,"dW6=-10.0kts, dP6=6.0hPa, CoreMin=201.1K, ColdFrac=1.00","IR=False, WV=True, VIS=True",Correct non-RI identification (prob=0.00 < th=0.07),40.0,25.0,-15.0
2014297N11062,NILOFAR,2014-10-30T12:00:00Z,0,0,0.0,0.075,TRUE_NEGATIVE,Finalist_TS,"dW6=-5.0kts, dP6=3.0hPa, CoreMin=209.6K, ColdFrac=0.90","IR=False, WV=True, VIS=True",Correct non-RI identification (prob=0.00 < th=0.07),40.0,25.0,-15.0
2014297N11062,NILOFAR,2014-10-30T15:00:00Z,0,0,0.0,0.075,TRUE_NEGATIVE,Finalist_TS,"dW6=0.0kts, dP6=-7.0hPa, CoreMin=242.8K, ColdFrac=0.00","IR=False, WV=True, VIS=True",Correct non-RI identification (prob=0.00 < th=0.07),40.0,23.0,-17.0
2014297N11062,NILOFAR,2014-10-30T18:00:00Z,0,0,0.0,0.075,TRUE_NEGATIVE,Finalist_TS,"dW6=-5.0kts, dP6=1.0hPa, CoreMin=267.9K, ColdFrac=0.00","IR=False, WV=True, VIS=True",Correct non-RI identification (prob=0.00 < th=0.07),35.0,20.0,-15.0
2014297N11062,NILOFAR,2014-10-30T21:00:00Z,0,0,0.0,0.075,TRUE_NEGATIVE,Finalist_TS,"dW6=-10.0kts, dP6=10.0hPa, CoreMin=280.3K, ColdFrac=0.00","IR=False, WV=True, VIS=True",Correct non-RI identification (prob=0.00 < th=0.07),30.0,20.0,-10.0
2014297N11062,NILOFAR,2014-10-31T00:00:00Z,0,0,0.0,0.075,TRUE_NEGATIVE,Finalist_TS,"dW6=-10.0kts, dP6=2.0hPa, CoreMin=281.3K, ColdFrac=0.00","IR=False, WV=True, VIS=True",Correct non-RI identification (prob=0.00 < th=0.07),25.0,20.0,-5.0
2014297N11062,NILOFAR,2014-10-31T03:00:00Z,0,0,0.0,0.075,TRUE_NEGATIVE,Finalist_TS,"dW6=-2.0kts, dP6=-1.0hPa, CoreMin=288.8K, ColdFrac=0.00","IR=False, WV=True, VIS=True",Correct non-RI identification (prob=0.00 < th=0.07),28.0,20.0,-8.0
2014297N11062,NILOFAR,2014-10-31T06:00:00Z,0,0,0.0,0.075,TRUE_NEGATIVE,Finalist_TS,"dW6=0.0kts, dP6=0.0hPa, CoreMin=288.5K, ColdFrac=0.00","IR=False, WV=True, VIS=True",Correct non-RI identification (prob=0.00 < th=0.07),25.0,20.0,-5.0
2014297N11062,NILOFAR,2014-10-31T09:00:00Z,0,0,0.0,0.075,TRUE_NEGATIVE,Finalist_TS,"dW6=-3.0kts, dP6=2.0hPa, CoreMin=289.4K, ColdFrac=0.00","IR=False, WV=True, VIS=True",Correct non-RI identification (prob=0.00 < th=0.07),25.0,18.0,-7.0
2014297N11062,NILOFAR,2014-10-31T12:00:00Z,0,0,0.0,0.075,TRUE_NEGATIVE,Finalist_TS,"dW6=0.0kts, dP6=0.0hPa, CoreMin=287.2K, ColdFrac=0.00","IR=False, WV=True, VIS=True",Correct non-RI identification (prob=0.00 < th=0.07),25.0,15.0,-10.0
2014297N11062,NILOFAR,2014-10-31T15:00:00Z,0,0,0.0,0.075,TRUE_NEGATIVE,Finalist_TS,"dW6=-2.0kts, dP6=2.0hPa, CoreMin=292.5K, ColdFrac=0.00","IR=False, WV=True, VIS=True",Correct non-RI identification (prob=0.00 < th=0.07),23.0,15.0,-8.0
2015309N14067,MEGH,2015-11-04T12:00:00Z,0,0,0.0416,0.1,TRUE_NEGATIVE,Finalist_TS,"dW6=0.0kts, dP6=0.0hPa, CoreMin=200.2K, ColdFrac=1.00","IR=False, WV=True, VIS=True",Correct non-RI identification (prob=0.04 < th=0.10),20.0,35.0,15.0
2015309N14067,MEGH,2015-11-04T15:00:00Z,0,0,0.0013,0.1,TRUE_NEGATIVE,Finalist_TS,"dW6=0.0kts, dP6=0.0hPa, CoreMin=210.9K, ColdFrac=0.76","IR=False, WV=True, VIS=False",Correct non-RI identification (prob=0.00 < th=0.10),23.0,40.0,17.0
2015309N14067,MEGH,2015-11-04T18:00:00Z,0,0,0.0001,0.1,TRUE_NEGATIVE,Finalist_TS,"dW6=5.0kts, dP6=-3.0hPa, CoreMin=214.0K, ColdFrac=0.78","IR=False, WV=True, VIS=False",Correct non-RI identification (prob=0.00 < th=0.10),25.0,45.0,20.0
2015309N14067,MEGH,2015-11-04T21:00:00Z,0,0,0.0,0.1,TRUE_NEGATIVE,Finalist_TS,"dW6=5.0kts, dP6=-4.0hPa, CoreMin=209.3K, ColdFrac=0.79","IR=False, WV=True, VIS=False",Correct non-RI identification (prob=0.00 < th=0.10),28.0,45.0,17.0
2015309N14067,MEGH,2015-11-05T00:00:00Z,0,1,0.8072,0.1,FALSE_POSITIVE,Finalist_TS,"dW6=0.0kts, dP6=2.0hPa, CoreMin=193.6K, ColdFrac=1.00","IR=False, WV=True, VIS=True",High-confidence false alarm (prob=0.81 vs th=0.10); intense core convection without subsequent 24h RI,25.0,45.0,20.0
2015309N14067,MEGH,2015-11-05T03:00:00Z,0,1,0.9149,0.1,FALSE_POSITIVE,Finalist_TS,"dW6=-3.0kts, dP6=2.0hPa, CoreMin=191.2K, ColdFrac=1.00","IR=False, WV=True, VIS=True",High-confidence false alarm (prob=0.91 vs th=0.10); intense core convection without subsequent 24h RI,25.0,45.0,20.0
2015309N14067,MEGH,2015-11-05T06:00:00Z,0,1,0.9151,0.1,FALSE_POSITIVE,Finalist_TS,"dW6=5.0kts, dP6=-4.0hPa, CoreMin=193.6K, ColdFrac=1.00","IR=False, WV=True, VIS=True",High-confidence false alarm (prob=0.92 vs th=0.10); intense core convection without subsequent 24h RI,30.0,45.0,15.0
2015309N14067,MEGH,2015-11-05T09:00:00Z,0,1,0.9517,0.1,FALSE_POSITIVE,Finalist_TS,"dW6=10.0kts, dP6=-8.0hPa, CoreMin=191.2K, ColdFrac=1.00","IR=False, WV=True, VIS=True",High-confidence false alarm (prob=0.95 vs th=0.10); intense core convection without subsequent 24h RI,35.0,45.0,10.0
2015309N14067,MEGH,2015-11-05T12:00:00Z,0,1,0.9673,0.1,FALSE_POSITIVE,Finalist_TS,"dW6=5.0kts, dP6=-4.0hPa, CoreMin=191.2K, ColdFrac=1.00","IR=False, WV=True, VIS=True",High-confidence false alarm (prob=0.97 vs th=0.10); intense core convection without subsequent 24h RI,35.0,45.0,10.0
2015309N14067,MEGH,2015-11-05T15:00:00Z,0,1,0.9444,0.1,FALSE_POSITIVE,Finalist_TS,"dW6=5.0kts, dP6=0.0hPa, CoreMin=195.9K, ColdFrac=1.00","IR=False, WV=True, VIS=False",High-confidence false alarm (prob=0.94 vs th=0.10); intense core convection without subsequent 24h RI,40.0,45.0,5.0
2015309N14067,MEGH,2015-11-05T18:00:00Z,0,1,0.9139,0.1,FALSE_POSITIVE,Finalist_TS,"dW6=10.0kts, dP6=-4.0hPa, CoreMin=198.1K, ColdFrac=1.00","IR=False, WV=True, VIS=False",High-confidence false alarm (prob=0.91 vs th=0.10); intense core convection without subsequent 24h RI,45.0,45.0,0.0
2015309N14067,MEGH,2015-11-05T21:00:00Z,0,1,0.5915,0.1,FALSE_POSITIVE,Finalist_TS,"dW6=5.0kts, dP6=-2.0hPa, CoreMin=198.1K, ColdFrac=1.00","IR=False, WV=True, VIS=False",Borderline false alarm (prob=0.59 near th=0.10); moderate kinematic intensification,45.0,45.0,0.0
2015309N14067,MEGH,2015-11-06T00:00:00Z,0,0,0.086,0.1,TRUE_NEGATIVE,Finalist_TS,"dW6=0.0kts, dP6=0.0hPa, CoreMin=191.2K, ColdFrac=1.00","IR=False, WV=True, VIS=True",Correct non-RI identification (prob=0.09 < th=0.10),45.0,45.0,0.0
2015309N14067,MEGH,2015-11-06T03:00:00Z,0,0,0.0944,0.1,TRUE_NEGATIVE,Finalist_TS,"dW6=0.0kts, dP6=0.0hPa, CoreMin=193.6K, ColdFrac=1.00","IR=False, WV=True, VIS=True",Correct non-RI identification (prob=0.09 < th=0.10),45.0,45.0,0.0
2015309N14067,MEGH,2015-11-06T06:00:00Z,0,1,0.4097,0.1,FALSE_POSITIVE,Finalist_TS,"dW6=0.0kts, dP6=0.0hPa, CoreMin=193.6K, ColdFrac=1.00","IR=False, WV=True, VIS=True",Borderline false alarm (prob=0.41 near th=0.10); moderate kinematic intensification,45.0,50.0,5.0
2015309N14067,MEGH,2015-11-06T09:00:00Z,0,1,0.1614,0.1,FALSE_POSITIVE,Finalist_TS,"dW6=0.0kts, dP6=0.0hPa, CoreMin=198.1K, ColdFrac=0.95","IR=False, WV=True, VIS=True",Borderline false alarm (prob=0.16 near th=0.10); moderate kinematic intensification,45.0,55.0,10.0
2015309N14067,MEGH,2015-11-06T12:00:00Z,0,1,0.4345,0.1,FALSE_POSITIVE,Finalist_TS,"dW6=0.0kts, dP6=0.0hPa, CoreMin=202.1K, ColdFrac=1.00","IR=False, WV=True, VIS=True",Borderline false alarm (prob=0.43 near th=0.10); moderate kinematic intensification,45.0,60.0,15.0
2015309N14067,MEGH,2015-11-06T15:00:00Z,0,0,0.0099,0.1,TRUE_NEGATIVE,Finalist_TS,"dW6=0.0kts, dP6=0.0hPa, CoreMin=202.1K, ColdFrac=0.66","IR=False, WV=True, VIS=False",Correct non-RI identification (prob=0.01 < th=0.10),45.0,65.0,20.0
2015309N14067,MEGH,2015-11-06T18:00:00Z,0,0,0.0408,0.1,TRUE_NEGATIVE,Finalist_TS,"dW6=0.0kts, dP6=0.0hPa, CoreMin=191.2K, ColdFrac=1.00","IR=False, WV=True, VIS=False",Correct non-RI identification (prob=0.04 < th=0.10),45.0,70.0,25.0
2015309N14067,MEGH,2015-11-06T21:00:00Z,1,0,0.0119,0.1,FALSE_NEGATIVE,Finalist_TS,"dW6=0.0kts, dP6=0.0hPa, CoreMin=188.6K, ColdFrac=1.00","IR=False, WV=True, VIS=False",High-confidence miss (prob=0.01 vs th=0.10); early RI onset before satellite signature consolidated,45.0,80.0,35.0
2015309N14067,MEGH,2015-11-07T00:00:00Z,1,0,0.0177,0.1,FALSE_NEGATIVE,Finalist_TS,"dW6=0.0kts, dP6=0.0hPa, CoreMin=183.2K, ColdFrac=1.00","IR=False, WV=True, VIS=True",High-confidence miss (prob=0.02 vs th=0.10); early RI onset before satellite signature consolidated,45.0,85.0,40.0
2015309N14067,MEGH,2015-11-07T03:00:00Z,1,1,0.7188,0.1,TRUE_POSITIVE,Finalist_TS,"dW6=0.0kts, dP6=0.0hPa, CoreMin=189.0K, ColdFrac=1.00","IR=False, WV=True, VIS=True",Correct RI detection (prob=0.72 >= th=0.10),45.0,90.0,45.0
2015309N14067,MEGH,2015-11-07T06:00:00Z,1,1,0.8196,0.1,TRUE_POSITIVE,Finalist_TS,"dW6=5.0kts, dP6=-2.0hPa, CoreMin=191.6K, ColdFrac=1.00","IR=False, WV=True, VIS=True",Correct RI detection (prob=0.82 >= th=0.10),50.0,95.0,45.0
2015309N14067,MEGH,2015-11-07T09:00:00Z,1,1,0.8811,0.1,TRUE_POSITIVE,Finalist_TS,"dW6=10.0kts, dP6=-4.0hPa, CoreMin=191.6K, ColdFrac=1.00","IR=False, WV=True, VIS=True",Correct RI detection (prob=0.88 >= th=0.10),55.0,95.0,40.0
2015309N14067,MEGH,2015-11-07T12:00:00Z,1,1,0.6492,0.1,TRUE_POSITIVE,Finalist_TS,"dW6=10.0kts, dP6=-4.0hPa, CoreMin=189.0K, ColdFrac=1.00","IR=False, WV=True, VIS=True",Correct RI detection (prob=0.65 >= th=0.10),60.0,90.0,30.0
2015309N14067,MEGH,2015-11-07T15:00:00Z,0,1,0.4326,0.1,FALSE_POSITIVE,Finalist_TS,"dW6=10.0kts, dP6=-6.0hPa, CoreMin=191.6K, ColdFrac=1.00","IR=False, WV=True, VIS=False",Borderline false alarm (prob=0.43 near th=0.10); moderate kinematic intensification,65.0,90.0,25.0
2015309N14067,MEGH,2015-11-07T18:00:00Z,0,0,0.0827,0.1,TRUE_NEGATIVE,Finalist_TS,"dW6=10.0kts, dP6=-8.0hPa, CoreMin=189.0K, ColdFrac=1.00","IR=False, WV=True, VIS=True",Correct non-RI identification (prob=0.08 < th=0.10),70.0,90.0,20.0
2015309N14067,MEGH,2015-11-07T21:00:00Z,0,0,0.0502,0.1,TRUE_NEGATIVE,Finalist_TS,"dW6=15.0kts, dP6=-8.0hPa, CoreMin=189.0K, ColdFrac=1.00","IR=False, WV=True, VIS=False",Correct non-RI identification (prob=0.05 < th=0.10),80.0,90.0,10.0
2015309N14067,MEGH,2015-11-08T00:00:00Z,0,0,0.0127,0.1,TRUE_NEGATIVE,Finalist_TS,"dW6=15.0kts, dP6=-6.0hPa, CoreMin=189.0K, ColdFrac=1.00","IR=False, WV=True, VIS=True",Correct non-RI identification (prob=0.01 < th=0.10),85.0,85.0,0.0
2015309N14067,MEGH,2015-11-08T03:00:00Z,0,0,0.0667,0.1,TRUE_NEGATIVE,Finalist_TS,"dW6=10.0kts, dP6=-8.0hPa, CoreMin=189.0K, ColdFrac=1.00","IR=False, WV=True, VIS=True",Correct non-RI identification (prob=0.07 < th=0.10),90.0,80.0,-10.0
2015309N14067,MEGH,2015-11-08T06:00:00Z,0,0,0.0727,0.1,TRUE_NEGATIVE,Finalist_TS,"dW6=10.0kts, dP6=-10.0hPa, CoreMin=194.0K, ColdFrac=1.00","IR=False, WV=True, VIS=True",Correct non-RI identification (prob=0.07 < th=0.10),95.0,80.0,-15.0
2015309N14067,MEGH,2015-11-08T09:00:00Z,0,1,0.1036,0.1,FALSE_POSITIVE,Finalist_TS,"dW6=5.0kts, dP6=-4.0hPa, CoreMin=194.0K, ColdFrac=1.00","IR=False, WV=True, VIS=True",Borderline false alarm (prob=0.10 near th=0.10); moderate kinematic intensification,95.0,75.0,-20.0
2015309N14067,MEGH,2015-11-08T12:00:00Z,0,1,0.1905,0.1,FALSE_POSITIVE,Finalist_TS,"dW6=-5.0kts, dP6=6.0hPa, CoreMin=194.0K, ColdFrac=1.00","IR=False, WV=True, VIS=True",Borderline false alarm (prob=0.19 near th=0.10); moderate kinematic intensification,90.0,70.0,-20.0
2015309N14067,MEGH,2015-11-08T15:00:00Z,0,0,0.0137,0.1,TRUE_NEGATIVE,Finalist_TS,"dW6=-5.0kts, dP6=6.0hPa, CoreMin=183.2K, ColdFrac=1.00","IR=False, WV=True, VIS=False",Correct non-RI identification (prob=0.01 < th=0.10),90.0,65.0,-25.0
2015309N14067,MEGH,2015-11-08T18:00:00Z,0,0,0.0041,0.1,TRUE_NEGATIVE,Finalist_TS,"dW6=0.0kts, dP6=0.0hPa, CoreMin=186.2K, ColdFrac=1.00","IR=False, WV=True, VIS=False",Correct non-RI identification (prob=0.00 < th=0.10),90.0,65.0,-25.0
2015309N14067,MEGH,2015-11-08T21:00:00Z,0,0,0.0275,0.1,TRUE_NEGATIVE,Finalist_TS,"dW6=0.0kts, dP6=0.0hPa, CoreMin=189.0K, ColdFrac=1.00","IR=False, WV=True, VIS=False",Correct non-RI identification (prob=0.03 < th=0.10),90.0,60.0,-30.0
2015309N14067,MEGH,2015-11-09T00:00:00Z,0,1,0.1396,0.1,FALSE_POSITIVE,Finalist_TS,"dW6=-5.0kts, dP6=4.0hPa, CoreMin=194.0K, ColdFrac=1.00","IR=False, WV=True, VIS=True",Borderline false alarm (prob=0.14 near th=0.10); moderate kinematic intensification,85.0,50.0,-35.0
2015309N14067,MEGH,2015-11-09T03:00:00Z,0,1,0.2128,0.1,FALSE_POSITIVE,Finalist_TS,"dW6=-10.0kts, dP6=6.0hPa, CoreMin=196.3K, ColdFrac=1.00","IR=False, WV=True, VIS=True",Borderline false alarm (prob=0.21 near th=0.10); moderate kinematic intensification,80.0,40.0,-40.0
2015309N14067,MEGH,2015-11-09T06:00:00Z,0,1,0.2743,0.1,FALSE_POSITIVE,Finalist_TS,"dW6=-5.0kts, dP6=4.0hPa, CoreMin=196.3K, ColdFrac=1.00","IR=False, WV=True, VIS=True",Borderline false alarm (prob=0.27 near th=0.10); moderate kinematic intensification,80.0,30.0,-50.0
2015309N14067,MEGH,2015-11-09T09:00:00Z,0,1,0.1726,0.1,FALSE_POSITIVE,Finalist_TS,"dW6=-5.0kts, dP6=4.0hPa, CoreMin=194.0K, ColdFrac=1.00","IR=False, WV=True, VIS=True",Borderline false alarm (prob=0.17 near th=0.10); moderate kinematic intensification,75.0,23.0,-52.0
2015309N14067,MEGH,2015-11-09T12:00:00Z,0,1,0.1426,0.1,FALSE_POSITIVE,Finalist_TS,"dW6=-10.0kts, dP6=4.0hPa, CoreMin=196.3K, ColdFrac=0.99","IR=False, WV=True, VIS=True",Borderline false alarm (prob=0.14 near th=0.10); moderate kinematic intensification,70.0,25.0,-45.0
2015309N14067,MEGH,2015-11-09T15:00:00Z,0,0,0.0218,0.1,TRUE_NEGATIVE,Finalist_TS,"dW6=-10.0kts, dP6=6.0hPa, CoreMin=207.9K, ColdFrac=0.84","IR=False, WV=True, VIS=False",Correct non-RI identification (prob=0.02 < th=0.10),65.0,25.0,-40.0
2015301N11065,CHAPALA,2015-10-27T12:00:00Z,0,0,0.0011,0.05,TRUE_NEGATIVE,Finalist_TS,"dW6=0.0kts, dP6=0.0hPa, CoreMin=199.8K, ColdFrac=1.00","IR=False, WV=True, VIS=True",Correct non-RI identification (prob=0.00 < th=0.05),25.0,30.0,5.0
2015301N11065,CHAPALA,2015-10-27T15:00:00Z,0,0,0.0003,0.05,TRUE_NEGATIVE,Finalist_TS,"dW6=0.0kts, dP6=0.0hPa, CoreMin=199.8K, ColdFrac=1.00","IR=False, WV=True, VIS=False",Correct non-RI identification (prob=0.00 < th=0.05),25.0,45.0,20.0
2015301N11065,CHAPALA,2015-10-27T18:00:00Z,0,1,0.1063,0.05,FALSE_POSITIVE,Finalist_TS,"dW6=0.0kts, dP6=0.0hPa, CoreMin=193.2K, ColdFrac=1.00","IR=False, WV=True, VIS=False",Borderline false alarm (prob=0.11 near th=0.05); moderate kinematic intensification,25.0,30.0,5.0
2015301N11065,CHAPALA,2015-10-27T21:00:00Z,0,0,0.0006,0.05,TRUE_NEGATIVE,Finalist_TS,"dW6=3.0kts, dP6=-2.0hPa, CoreMin=199.8K, ColdFrac=0.90","IR=False, WV=True, VIS=False",Correct non-RI identification (prob=0.00 < th=0.05),28.0,45.0,17.0
2015301N11065,CHAPALA,2015-10-28T00:00:00Z,0,1,0.0829,0.05,FALSE_POSITIVE,Finalist_TS,"dW6=5.0kts, dP6=-4.0hPa, CoreMin=197.7K, ColdFrac=1.00","IR=False, WV=True, VIS=True",Borderline false alarm (prob=0.08 near th=0.05); moderate kinematic intensification,30.0,35.0,5.0
2015301N11065,CHAPALA,2015-10-28T03:00:00Z,0,0,0.0359,0.05,TRUE_NEGATIVE,Finalist_TS,"dW6=-3.0kts, dP6=3.0hPa, CoreMin=195.6K, ColdFrac=0.88","IR=False, WV=True, VIS=True",Correct non-RI identification (prob=0.04 < th=0.05),25.0,40.0,15.0
2015301N11065,CHAPALA,2015-10-28T06:00:00Z,0,0,0.0002,0.05,TRUE_NEGATIVE,Finalist_TS,"dW6=-5.0kts, dP6=4.0hPa, CoreMin=203.7K, ColdFrac=0.82","IR=False, WV=True, VIS=True",Correct non-RI identification (prob=0.00 < th=0.05),25.0,45.0,20.0
2015301N11065,CHAPALA,2015-10-28T09:00:00Z,0,0,0.0003,0.05,TRUE_NEGATIVE,Finalist_TS,"dW6=10.0kts, dP6=-9.0hPa, CoreMin=197.7K, ColdFrac=0.56","IR=False, WV=True, VIS=True",Correct non-RI identification (prob=0.00 < th=0.05),35.0,50.0,15.0
2015301N11065,CHAPALA,2015-10-28T12:00:00Z,0,1,0.1805,0.05,FALSE_POSITIVE,Finalist_TS,"dW6=5.0kts, dP6=-3.0hPa, CoreMin=197.7K, ColdFrac=0.94","IR=False, WV=True, VIS=True",Borderline false alarm (prob=0.18 near th=0.05); moderate kinematic intensification,30.0,55.0,25.0
2015301N11065,CHAPALA,2015-10-28T15:00:00Z,0,1,0.1594,0.05,FALSE_POSITIVE,Finalist_TS,"dW6=10.0kts, dP6=-7.0hPa, CoreMin=190.8K, ColdFrac=1.00","IR=False, WV=True, VIS=False",Borderline false alarm (prob=0.16 near th=0.05); moderate kinematic intensification,45.0,60.0,15.0
2015301N11065,CHAPALA,2015-10-28T18:00:00Z,1,1,0.8687,0.05,TRUE_POSITIVE,Finalist_TS,"dW6=0.0kts, dP6=0.0hPa, CoreMin=188.2K, ColdFrac=1.00","IR=False, WV=True, VIS=False",Correct RI detection (prob=0.87 >= th=0.05),30.0,65.0,35.0
2015301N11065,CHAPALA,2015-10-28T21:00:00Z,1,1,0.5796,0.05,TRUE_POSITIVE,Finalist_TS,"dW6=0.0kts, dP6=0.0hPa, CoreMin=193.2K, ColdFrac=1.00","IR=False, WV=True, VIS=False",Correct RI detection (prob=0.58 >= th=0.05),45.0,75.0,30.0
2015301N11065,CHAPALA,2015-10-29T00:00:00Z,1,0,0.0127,0.05,FALSE_NEGATIVE,Finalist_TS,"dW6=5.0kts, dP6=-2.0hPa, CoreMin=188.2K, ColdFrac=0.98","IR=False, WV=True, VIS=True",High-confidence miss (prob=0.01 vs th=0.05); early RI onset before satellite signature consolidated,35.0,90.0,55.0
2015301N11065,CHAPALA,2015-10-29T03:00:00Z,1,0,0.0001,0.05,FALSE_NEGATIVE,Finalist_TS,"dW6=-5.0kts, dP6=8.0hPa, CoreMin=193.2K, ColdFrac=0.86","IR=False, WV=True, VIS=True",High-confidence miss (prob=0.00 vs th=0.05); early RI onset before satellite signature consolidated,40.0,105.0,65.0
2015301N11065,CHAPALA,2015-10-29T06:00:00Z,1,0,0.003,0.05,FALSE_NEGATIVE,Finalist_TS,"dW6=10.0kts, dP6=-3.0hPa, CoreMin=193.2K, ColdFrac=0.85","IR=False, WV=True, VIS=True",High-confidence miss (prob=0.00 vs th=0.05); early RI onset before satellite signature consolidated,45.0,110.0,65.0
2015301N11065,CHAPALA,2015-10-29T09:00:00Z,1,1,0.2411,0.05,TRUE_POSITIVE,Finalist_TS,"dW6=10.0kts, dP6=-3.0hPa, CoreMin=193.2K, ColdFrac=1.00","IR=False, WV=True, VIS=True",Correct RI detection (prob=0.24 >= th=0.05),50.0,115.0,65.0
2015301N11065,CHAPALA,2015-10-29T12:00:00Z,1,1,0.197,0.05,TRUE_POSITIVE,Finalist_TS,"dW6=10.0kts, dP6=-6.0hPa, CoreMin=188.2K, ColdFrac=1.00","IR=False, WV=True, VIS=True",Correct RI detection (prob=0.20 >= th=0.05),55.0,115.0,60.0
2015301N11065,CHAPALA,2015-10-29T15:00:00Z,1,1,0.2866,0.05,TRUE_POSITIVE,Finalist_TS,"dW6=10.0kts, dP6=-6.0hPa, CoreMin=193.2K, ColdFrac=1.00","IR=False, WV=True, VIS=False",Correct RI detection (prob=0.29 >= th=0.05),60.0,115.0,55.0
2015301N11065,CHAPALA,2015-10-29T18:00:00Z,1,1,0.6018,0.05,TRUE_POSITIVE,Finalist_TS,"dW6=10.0kts, dP6=-6.0hPa, CoreMin=188.2K, ColdFrac=1.00","IR=False, WV=True, VIS=False",Correct RI detection (prob=0.60 >= th=0.05),65.0,115.0,50.0
2015301N11065,CHAPALA,2015-10-29T21:00:00Z,1,1,0.2465,0.05,TRUE_POSITIVE,Finalist_TS,"dW6=15.0kts, dP6=-12.0hPa, CoreMin=182.4K, ColdFrac=1.00","IR=False, WV=True, VIS=False",Correct RI detection (prob=0.25 >= th=0.05),75.0,115.0,40.0
2015301N11065,CHAPALA,2015-10-30T00:00:00Z,0,1,0.5237,0.05,FALSE_POSITIVE,Finalist_TS,"dW6=25.0kts, dP6=-18.0hPa, CoreMin=185.4K, ColdFrac=1.00","IR=False, WV=True, VIS=True",Borderline false alarm (prob=0.52 near th=0.05); moderate kinematic intensification,90.0,110.0,20.0
2015301N11065,CHAPALA,2015-10-30T03:00:00Z,0,1,0.4099,0.05,FALSE_POSITIVE,Finalist_TS,"dW6=30.0kts, dP6=-22.0hPa, CoreMin=188.2K, ColdFrac=0.97","IR=False, WV=True, VIS=True",Borderline false alarm (prob=0.41 near th=0.05); moderate kinematic intensification,105.0,110.0,5.0
2015301N11065,CHAPALA,2015-10-30T06:00:00Z,0,1,0.1825,0.05,FALSE_POSITIVE,Finalist_TS,"dW6=20.0kts, dP6=-18.0hPa, CoreMin=188.2K, ColdFrac=1.00","IR=False, WV=True, VIS=True",Borderline false alarm (prob=0.18 near th=0.05); moderate kinematic intensification,110.0,105.0,-5.0
2015301N11065,CHAPALA,2015-10-30T09:00:00Z,0,1,0.08,0.05,FALSE_POSITIVE,Finalist_TS,"dW6=10.0kts, dP6=-14.0hPa, CoreMin=188.2K, ColdFrac=1.00","IR=False, WV=True, VIS=True",Borderline false alarm (prob=0.08 near th=0.05); moderate kinematic intensification,115.0,105.0,-10.0
2015301N11065,CHAPALA,2015-10-30T12:00:00Z,0,0,0.0139,0.05,TRUE_NEGATIVE,Finalist_TS,"dW6=5.0kts, dP6=-8.0hPa, CoreMin=190.8K, ColdFrac=1.00","IR=False, WV=True, VIS=True",Correct non-RI identification (prob=0.01 < th=0.05),115.0,105.0,-10.0
2015301N11065,CHAPALA,2015-10-30T15:00:00Z,0,0,0.0117,0.05,TRUE_NEGATIVE,Finalist_TS,"dW6=0.0kts, dP6=0.0hPa, CoreMin=193.2K, ColdFrac=1.00","IR=False, WV=True, VIS=False",Correct non-RI identification (prob=0.01 < th=0.05),115.0,105.0,-10.0
2015301N11065,CHAPALA,2015-10-30T18:00:00Z,0,0,0.009,0.05,TRUE_NEGATIVE,Finalist_TS,"dW6=0.0kts, dP6=0.0hPa, CoreMin=190.8K, ColdFrac=1.00","IR=False, WV=True, VIS=False",Correct non-RI identification (prob=0.01 < th=0.05),115.0,105.0,-10.0
2015301N11065,CHAPALA,2015-10-30T21:00:00Z,0,0,0.0086,0.05,TRUE_NEGATIVE,Finalist_TS,"dW6=0.0kts, dP6=2.0hPa, CoreMin=190.8K, ColdFrac=1.00","IR=False, WV=True, VIS=False",Correct non-RI identification (prob=0.01 < th=0.05),115.0,105.0,-10.0
2015301N11065,CHAPALA,2015-10-31T00:00:00Z,0,0,0.0463,0.05,TRUE_NEGATIVE,Finalist_TS,"dW6=-5.0kts, dP6=4.0hPa, CoreMin=188.2K, ColdFrac=1.00","IR=False, WV=True, VIS=True",Correct non-RI identification (prob=0.05 < th=0.05),110.0,105.0,-5.0
2015301N11065,CHAPALA,2015-10-31T03:00:00Z,0,0,0.0176,0.05,TRUE_NEGATIVE,Finalist_TS,"dW6=-5.0kts, dP6=4.0hPa, CoreMin=185.4K, ColdFrac=1.00","IR=False, WV=True, VIS=True",Correct non-RI identification (prob=0.02 < th=0.05),110.0,105.0,-5.0
2015301N11065,CHAPALA,2015-10-31T06:00:00Z,0,0,0.0148,0.05,TRUE_NEGATIVE,Finalist_TS,"dW6=-5.0kts, dP6=6.0hPa, CoreMin=190.8K, ColdFrac=1.00","IR=False, WV=True, VIS=True",Correct non-RI identification (prob=0.01 < th=0.05),105.0,100.0,-5.0
2015301N11065,CHAPALA,2015-10-31T09:00:00Z,0,0,0.0292,0.05,TRUE_NEGATIVE,Finalist_TS,"dW6=-5.0kts, dP6=4.0hPa, CoreMin=190.8K, ColdFrac=1.00","IR=False, WV=True, VIS=True",Correct non-RI identification (prob=0.03 < th=0.05),105.0,100.0,-5.0
2015301N11065,CHAPALA,2015-10-31T12:00:00Z,0,0,0.0338,0.05,TRUE_NEGATIVE,Finalist_TS,"dW6=0.0kts, dP6=0.0hPa, CoreMin=190.8K, ColdFrac=1.00","IR=False, WV=True, VIS=True",Correct non-RI identification (prob=0.03 < th=0.05),105.0,100.0,-5.0
2015301N11065,CHAPALA,2015-10-31T15:00:00Z,0,0,0.0205,0.05,TRUE_NEGATIVE,Finalist_TS,"dW6=0.0kts, dP6=0.0hPa, CoreMin=193.2K, ColdFrac=1.00","IR=False, WV=True, VIS=False",Correct non-RI identification (prob=0.02 < th=0.05),105.0,100.0,-5.0
2015301N11065,CHAPALA,2015-10-31T18:00:00Z,0,0,0.0307,0.05,TRUE_NEGATIVE,Finalist_TS,"dW6=0.0kts, dP6=0.0hPa, CoreMin=190.8K, ColdFrac=1.00","IR=False, WV=True, VIS=False",Correct non-RI identification (prob=0.03 < th=0.05),105.0,100.0,-5.0
2015301N11065,CHAPALA,2015-10-31T21:00:00Z,0,1,0.0812,0.05,FALSE_POSITIVE,Finalist_TS,"dW6=0.0kts, dP6=0.0hPa, CoreMin=185.4K, ColdFrac=1.00","IR=False, WV=True, VIS=False",Borderline false alarm (prob=0.08 near th=0.05); moderate kinematic intensification,105.0,100.0,-5.0
2015301N11065,CHAPALA,2015-11-01T00:00:00Z,0,0,0.0345,0.05,TRUE_NEGATIVE,Finalist_TS,"dW6=0.0kts, dP6=0.0hPa, CoreMin=185.4K, ColdFrac=1.00","IR=False, WV=True, VIS=True",Correct non-RI identification (prob=0.03 < th=0.05),105.0,100.0,-5.0
2015301N11065,CHAPALA,2015-11-01T03:00:00Z,0,1,0.0828,0.05,FALSE_POSITIVE,Finalist_TS,"dW6=0.0kts, dP6=2.0hPa, CoreMin=188.2K, ColdFrac=1.00","IR=False, WV=True, VIS=True",Borderline false alarm (prob=0.08 near th=0.05); moderate kinematic intensification,105.0,95.0,-10.0
2015301N11065,CHAPALA,2015-11-01T06:00:00Z,0,0,0.0133,0.05,TRUE_NEGATIVE,Finalist_TS,"dW6=-5.0kts, dP6=4.0hPa, CoreMin=190.8K, ColdFrac=0.97","IR=False, WV=True, VIS=True",Correct non-RI identification (prob=0.01 < th=0.05),100.0,90.0,-10.0
2015301N11065,CHAPALA,2015-11-01T09:00:00Z,0,0,0.0101,0.05,TRUE_NEGATIVE,Finalist_TS,"dW6=-5.0kts, dP6=4.0hPa, CoreMin=190.8K, ColdFrac=1.00","IR=False, WV=True, VIS=True",Correct non-RI identification (prob=0.01 < th=0.05),100.0,90.0,-10.0
2015301N11065,CHAPALA,2015-11-01T12:00:00Z,0,0,0.0007,0.05,TRUE_NEGATIVE,Finalist_TS,"dW6=0.0kts, dP6=2.0hPa, CoreMin=197.7K, ColdFrac=1.00","IR=False, WV=True, VIS=True",Correct non-RI identification (prob=0.00 < th=0.05),100.0,85.0,-15.0
2015301N11065,CHAPALA,2015-11-01T15:00:00Z,0,0,0.0051,0.05,TRUE_NEGATIVE,Finalist_TS,"dW6=0.0kts, dP6=0.0hPa, CoreMin=193.2K, ColdFrac=0.85","IR=False, WV=True, VIS=False",Correct non-RI identification (prob=0.01 < th=0.05),100.0,85.0,-15.0
2015301N11065,CHAPALA,2015-11-01T18:00:00Z,0,0,0.0004,0.05,TRUE_NEGATIVE,Finalist_TS,"dW6=0.0kts, dP6=0.0hPa, CoreMin=193.2K, ColdFrac=0.88","IR=False, WV=True, VIS=False",Correct non-RI identification (prob=0.00 < th=0.05),100.0,80.0,-20.0
2015301N11065,CHAPALA,2015-11-01T21:00:00Z,0,0,0.0001,0.05,TRUE_NEGATIVE,Finalist_TS,"dW6=0.0kts, dP6=0.0hPa, CoreMin=195.6K, ColdFrac=0.75","IR=False, WV=True, VIS=True",Correct non-RI identification (prob=0.00 < th=0.05),100.0,75.0,-25.0
2015301N11065,CHAPALA,2015-11-02T00:00:00Z,0,0,0.0002,0.05,TRUE_NEGATIVE,Finalist_TS,"dW6=0.0kts, dP6=2.0hPa, CoreMin=199.8K, ColdFrac=0.71","IR=False, WV=True, VIS=True",Correct non-RI identification (prob=0.00 < th=0.05),100.0,65.0,-35.0
2015301N11065,CHAPALA,2015-11-02T03:00:00Z,0,0,0.0,0.05,TRUE_NEGATIVE,Finalist_TS,"dW6=-5.0kts, dP6=4.0hPa, CoreMin=199.8K, ColdFrac=0.79","IR=False, WV=True, VIS=True",Correct non-RI identification (prob=0.00 < th=0.05),95.0,55.0,-40.0
2015301N11065,CHAPALA,2015-11-02T06:00:00Z,0,0,0.0,0.05,TRUE_NEGATIVE,Finalist_TS,"dW6=-10.0kts, dP6=6.0hPa, CoreMin=203.7K, ColdFrac=0.53","IR=False, WV=True, VIS=True",Correct non-RI identification (prob=0.00 < th=0.05),90.0,45.0,-45.0
2015301N11065,CHAPALA,2015-11-02T09:00:00Z,0,0,0.0,0.05,TRUE_NEGATIVE,Finalist_TS,"dW6=-5.0kts, dP6=6.0hPa, CoreMin=199.8K, ColdFrac=0.83","IR=False, WV=True, VIS=True",Correct non-RI identification (prob=0.00 < th=0.05),90.0,40.0,-50.0
2015301N11065,CHAPALA,2015-11-02T12:00:00Z,0,0,0.0006,0.05,TRUE_NEGATIVE,Finalist_TS,"dW6=-5.0kts, dP6=4.0hPa, CoreMin=197.7K, ColdFrac=0.90","IR=False, WV=True, VIS=True",Correct non-RI identification (prob=0.00 < th=0.05),85.0,40.0,-45.0
2015301N11065,CHAPALA,2015-11-02T15:00:00Z,0,0,0.0009,0.05,TRUE_NEGATIVE,Finalist_TS,"dW6=-5.0kts, dP6=4.0hPa, CoreMin=199.8K, ColdFrac=1.00","IR=False, WV=True, VIS=False",Correct non-RI identification (prob=0.00 < th=0.05),85.0,40.0,-45.0
2015301N11065,CHAPALA,2015-11-02T18:00:00Z,0,0,0.015,0.05,TRUE_NEGATIVE,Finalist_TS,"dW6=-5.0kts, dP6=6.0hPa, CoreMin=195.6K, ColdFrac=1.00","IR=False, WV=True, VIS=False",Correct non-RI identification (prob=0.01 < th=0.05),80.0,30.0,-50.0
2015301N11065,CHAPALA,2015-11-03T00:00:00Z,0,0,0.0003,0.05,TRUE_NEGATIVE,Finalist_TS,"dW6=-15.0kts, dP6=10.0hPa, CoreMin=185.9K, ColdFrac=0.78","IR=False, WV=True, VIS=True",Correct non-RI identification (prob=0.00 < th=0.05),65.0,25.0,-40.0
2015301N11065,CHAPALA,2015-11-03T03:00:00Z,0,0,0.0,0.05,TRUE_NEGATIVE,Finalist_TS,"dW6=-20.0kts, dP6=12.0hPa, CoreMin=202.1K, ColdFrac=0.75","IR=False, WV=True, VIS=True",Correct non-RI identification (prob=0.00 < th=0.05),55.0,25.0,-30.0
