storm_id,storm_name,cyclone_time_utc,latitude,longitude,wind_speed_kts,central_pressure_mb,nature,partition,ir_available,ir_asset_id,ir_file_path,ir_time_utc,ir_delta_minutes,ir_quality,microwave_available,microwave_asset_id,microwave_file_path,microwave_time_utc,microwave_delta_minutes,microwave_quality,scatterometer_available,scatterometer_asset_id,scatterometer_file_path,scatterometer_time_utc,scatterometer_delta_minutes,scatterometer_quality,total_coincident_sources,coincidence_quality,coincidence_flags
2013281N12098,PHAILIN,2013-10-07T12:00:00Z,11.8,97.6,20.0,1007.0,DS,TRAIN,True,hursat_b1_2013281N12098_20131007T120000Z,data/raw/hursat/2013281N12098/2013281N12098.PHAILIN.2013.10.07.1200.16.FY2-E.018.hursat-b1.v06.nc,2013-10-07T12:00:00Z,0.0,NOMINAL,False,,,,,NOT_AVAILABLE,False,,,,,NOT_AVAILABLE,1,UNIMODAL_IR,
2013281N12098,PHAILIN,2013-10-07T15:00:00Z,12.0,97.0,23.0,1006.0,DS,TRAIN,True,hursat_b1_2013281N12098_20131007T150000Z,data/raw/hursat/2013281N12098/2013281N12098.PHAILIN.2013.10.07.1500.17.FY2-E.020.hursat-b1.v06.nc,2013-10-07T15:00:00Z,0.0,NOMINAL,False,,,,,NOT_AVAILABLE,False,,,,,NOT_AVAILABLE,1,UNIMODAL_IR,
2013281N12098,PHAILIN,2013-10-07T18:00:00Z,12.1,96.4,25.0,1004.0,TS,TRAIN,True,hursat_b1_2013281N12098_20131007T173100Z,data/raw/hursat/2013281N12098/2013281N12098.PHAILIN.2013.10.07.1800.57.MTS-2.022.hursat-b1.v06.nc,2013-10-07T17:31:00Z,-29.0,NOMINAL,False,,,,,NOT_AVAILABLE,False,,,,,NOT_AVAILABLE,1,UNIMODAL_IR,
2013281N12098,PHAILIN,2013-10-07T21:00:00Z,12.2,95.9,25.0,1004.0,TS,TRAIN,True,hursat_b1_2013281N12098_20131007T210000Z,data/raw/hursat/2013281N12098/2013281N12098.PHAILIN.2013.10.07.2100.17.FY2-E.022.hursat-b1.v06.nc,2013-10-07T21:00:00Z,0.0,NOMINAL,False,,,,,NOT_AVAILABLE,False,,,,,NOT_AVAILABLE,1,UNIMODAL_IR,
2013281N12098,PHAILIN,2013-10-08T00:00:00Z,12.3,95.6,25.0,1004.0,TS,TRAIN,True,hursat_b1_2013281N12098_20131008T000000Z,data/raw/hursat/2013281N12098/2013281N12098.PHAILIN.2013.10.08.0000.18.FY2-E.022.hursat-b1.v06.nc,2013-10-08T00:00:00Z,0.0,NOMINAL,False,,,,,NOT_AVAILABLE,False,,,,,NOT_AVAILABLE,1,UNIMODAL_IR,
2013281N12098,PHAILIN,2013-10-08T03:00:00Z,12.4,95.5,25.0,1004.0,TS,TRAIN,True,hursat_b1_2013281N12098_20131008T030000Z,data/raw/hursat/2013281N12098/2013281N12098.PHAILIN.2013.10.08.0300.18.FY2-E.023.hursat-b1.v06.nc,2013-10-08T03:00:00Z,0.0,NOMINAL,False,,,,,NOT_AVAILABLE,False,,,,,NOT_AVAILABLE,1,UNIMODAL_IR,
2013281N12098,PHAILIN,2013-10-08T06:00:00Z,12.4,95.2,25.0,1004.0,TS,TRAIN,True,hursat_b1_2013281N12098_20131008T060000Z,data/raw/hursat/2013281N12098/2013281N12098.PHAILIN.2013.10.08.0600.18.FY2-E.024.hursat-b1.v06.nc,2013-10-08T06:00:00Z,0.0,NOMINAL,False,,,,,NOT_AVAILABLE,False,,,,,NOT_AVAILABLE,1,UNIMODAL_IR,
2013281N12098,PHAILIN,2013-10-08T09:00:00Z,12.4,94.9,28.0,1002.0,TS,TRAIN,True,hursat_b1_2013281N12098_20131008T090000Z,data/raw/hursat/2013281N12098/2013281N12098.PHAILIN.2013.10.08.0900.18.FY2-E.025.hursat-b1.v06.nc,2013-10-08T09:00:00Z,0.0,NOMINAL,False,,,,,NOT_AVAILABLE,False,,,,,NOT_AVAILABLE,1,UNIMODAL_IR,
2013281N12098,PHAILIN,2013-10-08T12:00:00Z,12.4,94.5,25.0,1003.0,TS,TRAIN,True,hursat_b1_2013281N12098_20131008T120000Z,data/raw/hursat/2013281N12098/2013281N12098.PHAILIN.2013.10.08.1200.19.FY2-E.026.hursat-b1.v06.nc,2013-10-08T12:00:00Z,0.0,NOMINAL,False,,,,,NOT_AVAILABLE,False,,,,,NOT_AVAILABLE,1,UNIMODAL_IR,
2013281N12098,PHAILIN,2013-10-08T15:00:00Z,12.5,94.2,30.0,1000.0,TS,TRAIN,True,hursat_b1_2013281N12098_20131008T150000Z,data/raw/hursat/2013281N12098/2013281N12098.PHAILIN.2013.10.08.1500.19.FY2-E.026.hursat-b1.v06.nc,2013-10-08T15:00:00Z,0.0,NOMINAL,False,,,,,NOT_AVAILABLE,False,,,,,NOT_AVAILABLE,1,UNIMODAL_IR,
2013281N12098,PHAILIN,2013-10-08T18:00:00Z,12.7,94.0,25.0,1003.0,TS,TRAIN,True,hursat_b1_2013281N12098_20131008T173100Z,data/raw/hursat/2013281N12098/2013281N12098.PHAILIN.2013.10.08.1800.60.MTS-2.026.hursat-b1.v06.nc,2013-10-08T17:31:00Z,-29.0,NOMINAL,False,,,,,NOT_AVAILABLE,False,,,,,NOT_AVAILABLE,1,UNIMODAL_IR,
2013281N12098,PHAILIN,2013-10-08T21:00:00Z,12.9,93.7,33.0,998.0,TS,TRAIN,True,hursat_b1_2013281N12098_20131008T210000Z,data/raw/hursat/2013281N12098/2013281N12098.PHAILIN.2013.10.08.2100.20.FY2-E.028.hursat-b1.v06.nc,2013-10-08T21:00:00Z,0.0,NOMINAL,False,,,,,NOT_AVAILABLE,False,,,,,NOT_AVAILABLE,1,UNIMODAL_IR,
2013281N12098,PHAILIN,2013-10-09T00:00:00Z,13.1,93.5,30.0,1002.0,TS,TRAIN,True,hursat_b1_2013281N12098_20131009T000000Z,data/raw/hursat/2013281N12098/2013281N12098.PHAILIN.2013.10.09.0000.20.FY2-E.030.hursat-b1.v06.nc,2013-10-09T00:00:00Z,0.0,NOMINAL,False,,,,,NOT_AVAILABLE,False,,,,,NOT_AVAILABLE,1,UNIMODAL_IR,
2013281N12098,PHAILIN,2013-10-09T03:00:00Z,13.2,93.3,30.0,1001.0,TS,TRAIN,True,hursat_b1_2013281N12098_20131009T030000Z,data/raw/hursat/2013281N12098/2013281N12098.PHAILIN.2013.10.09.0300.20.FY2-E.032.hursat-b1.v06.nc,2013-10-09T03:00:00Z,0.0,NOMINAL,False,,,,,NOT_AVAILABLE,False,,,,,NOT_AVAILABLE,1,UNIMODAL_IR,
2013281N12098,PHAILIN,2013-10-09T06:00:00Z,13.2,92.9,30.0,1000.0,TS,TRAIN,True,hursat_b1_2013281N12098_20131009T060000Z,data/raw/hursat/2013281N12098/2013281N12098.PHAILIN.2013.10.09.0600.21.FY2-E.033.hursat-b1.v06.nc,2013-10-09T06:00:00Z,0.0,NOMINAL,False,,,,,NOT_AVAILABLE,False,,,,,NOT_AVAILABLE,1,UNIMODAL_IR,
2013281N12098,PHAILIN,2013-10-09T09:00:00Z,13.5,92.5,30.0,1000.0,TS,TRAIN,True,hursat_b1_2013281N12098_20131009T090000Z,data/raw/hursat/2013281N12098/2013281N12098.PHAILIN.2013.10.09.0900.21.FY2-E.035.hursat-b1.v06.nc,2013-10-09T09:00:00Z,0.0,NOMINAL,False,,,,,NOT_AVAILABLE,False,,,,,NOT_AVAILABLE,1,UNIMODAL_IR,
2013281N12098,PHAILIN,2013-10-09T12:00:00Z,13.6,92.4,35.0,999.0,TS,TRAIN,True,hursat_b1_2013281N12098_20131009T120000Z,data/raw/hursat/2013281N12098/2013281N12098.PHAILIN.2013.10.09.1200.21.FY2-E.037.hursat-b1.v06.nc,2013-10-09T12:00:00Z,0.0,NOMINAL,False,,,,,NOT_AVAILABLE,False,,,,,NOT_AVAILABLE,1,UNIMODAL_IR,
2013281N12098,PHAILIN,2013-10-09T15:00:00Z,13.7,92.3,35.0,999.0,TS,TRAIN,True,hursat_b1_2013281N12098_20131009T150000Z,data/raw/hursat/2013281N12098/2013281N12098.PHAILIN.2013.10.09.1500.22.FY2-E.041.hursat-b1.v06.nc,2013-10-09T15:00:00Z,0.0,NOMINAL,False,,,,,NOT_AVAILABLE,False,,,,,NOT_AVAILABLE,1,UNIMODAL_IR,
2013281N12098,PHAILIN,2013-10-09T18:00:00Z,14.0,91.9,40.0,998.0,TS,TRAIN,True,hursat_b1_2013281N12098_20131009T173100Z,data/raw/hursat/2013281N12098/2013281N12098.PHAILIN.2013.10.09.1800.62.MTS-2.044.hursat-b1.v06.nc,2013-10-09T17:31:00Z,-29.0,NOMINAL,False,,,,,NOT_AVAILABLE,False,,,,,NOT_AVAILABLE,1,UNIMODAL_IR,
2013281N12098,PHAILIN,2013-10-09T21:00:00Z,14.1,91.8,45.0,996.0,TS,TRAIN,True,hursat_b1_2013281N12098_20131009T210000Z,data/raw/hursat/2013281N12098/2013281N12098.PHAILIN.2013.10.09.2100.22.FY2-E.048.hursat-b1.v06.nc,2013-10-09T21:00:00Z,0.0,NOMINAL,False,,,,,NOT_AVAILABLE,False,,,,,NOT_AVAILABLE,1,UNIMODAL_IR,
2013281N12098,PHAILIN,2013-10-10T00:00:00Z,14.5,91.4,45.0,996.0,TS,TRAIN,True,hursat_b1_2013281N12098_20131010T000000Z,data/raw/hursat/2013281N12098/2013281N12098.PHAILIN.2013.10.10.0000.23.FY2-E.051.hursat-b1.v06.nc,2013-10-10T00:00:00Z,0.0,NOMINAL,False,,,,,NOT_AVAILABLE,False,,,,,NOT_AVAILABLE,1,UNIMODAL_IR,
2013281N12098,PHAILIN,2013-10-10T03:00:00Z,14.6,91.0,55.0,990.0,TS,TRAIN,True,hursat_b1_2013281N12098_20131010T030000Z,data/raw/hursat/2013281N12098/2013281N12098.PHAILIN.2013.10.10.0300.23.FY2-E.062.hursat-b1.v06.nc,2013-10-10T03:00:00Z,0.0,NOMINAL,False,,,,,NOT_AVAILABLE,False,,,,,NOT_AVAILABLE,1,UNIMODAL_IR,
2013281N12098,PHAILIN,2013-10-10T06:00:00Z,15.0,90.7,65.0,984.0,TS,TRAIN,True,hursat_b1_2013281N12098_20131010T060000Z,data/raw/hursat/2013281N12098/2013281N12098.PHAILIN.2013.10.10.0600.24.FY2-E.072.hursat-b1.v06.nc,2013-10-10T06:00:00Z,0.0,NOMINAL,False,,,,,NOT_AVAILABLE,False,,,,,NOT_AVAILABLE,1,UNIMODAL_IR,
2013281N12098,PHAILIN,2013-10-10T09:00:00Z,15.1,90.5,70.0,982.0,TS,TRAIN,True,hursat_b1_2013281N12098_20131010T090000Z,data/raw/hursat/2013281N12098/2013281N12098.PHAILIN.2013.10.10.0900.24.FY2-E.079.hursat-b1.v06.nc,2013-10-10T09:00:00Z,0.0,NOMINAL,False,,,,,NOT_AVAILABLE,False,,,,,NOT_AVAILABLE,1,UNIMODAL_IR,
2013281N12098,PHAILIN,2013-10-10T12:00:00Z,15.4,90.1,75.0,976.0,TS,TRAIN,True,hursat_b1_2013281N12098_20131010T120000Z,data/raw/hursat/2013281N12098/2013281N12098.PHAILIN.2013.10.10.1200.25.FY2-E.086.hursat-b1.v06.nc,2013-10-10T12:00:00Z,0.0,NOMINAL,False,,,,,NOT_AVAILABLE,False,,,,,NOT_AVAILABLE,1,UNIMODAL_IR,
2013281N12098,PHAILIN,2013-10-10T15:00:00Z,15.5,89.9,90.0,966.0,TS,TRAIN,True,hursat_b1_2013281N12098_20131010T150000Z,data/raw/hursat/2013281N12098/2013281N12098.PHAILIN.2013.10.10.1500.25.FY2-E.095.hursat-b1.v06.nc,2013-10-10T15:00:00Z,0.0,NOMINAL,False,,,,,NOT_AVAILABLE,False,,,,,NOT_AVAILABLE,1,UNIMODAL_IR,
2013281N12098,PHAILIN,2013-10-10T18:00:00Z,15.6,89.5,95.0,960.0,TS,TRAIN,True,hursat_b1_2013281N12098_20131010T173100Z,data/raw/hursat/2013281N12098/2013281N12098.PHAILIN.2013.10.10.1800.65.MTS-2.105.hursat-b1.v06.nc,2013-10-10T17:31:00Z,-29.0,NOMINAL,False,,,,,NOT_AVAILABLE,False,,,,,NOT_AVAILABLE,1,UNIMODAL_IR,
2013281N12098,PHAILIN,2013-10-10T21:00:00Z,15.6,89.0,100.0,954.0,TS,TRAIN,True,hursat_b1_2013281N12098_20131010T210000Z,data/raw/hursat/2013281N12098/2013281N12098.PHAILIN.2013.10.10.2100.26.FY2-E.110.hursat-b1.v06.nc,2013-10-10T21:00:00Z,0.0,NOMINAL,False,,,,,NOT_AVAILABLE,False,,,,,NOT_AVAILABLE,1,UNIMODAL_IR,
2013281N12098,PHAILIN,2013-10-11T00:00:00Z,15.9,88.6,110.0,946.0,TS,TRAIN,True,hursat_b1_2013281N12098_20131011T000000Z,data/raw/hursat/2013281N12098/2013281N12098.PHAILIN.2013.10.11.0000.26.FY2-E.114.hursat-b1.v06.nc,2013-10-11T00:00:00Z,0.0,NOMINAL,False,,,,,NOT_AVAILABLE,False,,,,,NOT_AVAILABLE,1,UNIMODAL_IR,
2013281N12098,PHAILIN,2013-10-11T03:00:00Z,15.9,88.5,115.0,940.0,TS,TRAIN,True,hursat_b1_2013281N12098_20131011T030000Z,data/raw/hursat/2013281N12098/2013281N12098.PHAILIN.2013.10.11.0300.26.FY2-E.116.hursat-b1.v06.nc,2013-10-11T03:00:00Z,0.0,NOMINAL,False,,,,,NOT_AVAILABLE,False,,,,,NOT_AVAILABLE,1,UNIMODAL_IR,
2013281N12098,PHAILIN,2013-10-11T06:00:00Z,16.2,88.3,115.0,940.0,TS,TRAIN,True,hursat_b1_2013281N12098_20131011T060000Z,data/raw/hursat/2013281N12098/2013281N12098.PHAILIN.2013.10.11.0600.27.FY2-E.117.hursat-b1.v06.nc,2013-10-11T06:00:00Z,0.0,NOMINAL,False,,,,,NOT_AVAILABLE,False,,,,,NOT_AVAILABLE,1,UNIMODAL_IR,
2013281N12098,PHAILIN,2013-10-11T09:00:00Z,16.5,88.0,115.0,940.0,TS,TRAIN,True,hursat_b1_2013281N12098_20131011T090000Z,data/raw/hursat/2013281N12098/2013281N12098.PHAILIN.2013.10.11.0900.27.FY2-E.118.hursat-b1.v06.nc,2013-10-11T09:00:00Z,0.0,NOMINAL,False,,,,,NOT_AVAILABLE,False,,,,,NOT_AVAILABLE,1,UNIMODAL_IR,
2013281N12098,PHAILIN,2013-10-11T12:00:00Z,16.8,87.7,115.0,940.0,TS,TRAIN,True,hursat_b1_2013281N12098_20131011T120000Z,data/raw/hursat/2013281N12098/2013281N12098.PHAILIN.2013.10.11.1200.28.FY2-E.119.hursat-b1.v06.nc,2013-10-11T12:00:00Z,0.0,NOMINAL,False,,,,,NOT_AVAILABLE,False,,,,,NOT_AVAILABLE,1,UNIMODAL_IR,
2013281N12098,PHAILIN,2013-10-11T15:00:00Z,16.8,87.3,115.0,940.0,TS,TRAIN,True,hursat_b1_2013281N12098_20131011T150000Z,data/raw/hursat/2013281N12098/2013281N12098.PHAILIN.2013.10.11.1500.28.FY2-E.119.hursat-b1.v06.nc,2013-10-11T15:00:00Z,0.0,NOMINAL,False,,,,,NOT_AVAILABLE,False,,,,,NOT_AVAILABLE,1,UNIMODAL_IR,
2013281N12098,PHAILIN,2013-10-11T18:00:00Z,16.9,87.0,115.0,940.0,TS,TRAIN,True,hursat_b1_2013281N12098_20131011T173100Z,data/raw/hursat/2013281N12098/2013281N12098.PHAILIN.2013.10.11.1800.68.MTS-2.119.hursat-b1.v06.nc,2013-10-11T17:31:00Z,-29.0,NOMINAL,False,,,,,NOT_AVAILABLE,False,,,,,NOT_AVAILABLE,1,UNIMODAL_IR,
2013281N12098,PHAILIN,2013-10-11T21:00:00Z,17.1,86.7,115.0,940.0,TS,TRAIN,True,hursat_b1_2013281N12098_20131011T210000Z,data/raw/hursat/2013281N12098/2013281N12098.PHAILIN.2013.10.11.2100.29.FY2-E.119.hursat-b1.v06.nc,2013-10-11T21:00:00Z,0.0,NOMINAL,False,,,,,NOT_AVAILABLE,False,,,,,NOT_AVAILABLE,1,UNIMODAL_IR,
2013281N12098,PHAILIN,2013-10-12T00:00:00Z,17.5,86.5,115.0,940.0,TS,TRAIN,True,hursat_b1_2013281N12098_20131012T000000Z,data/raw/hursat/2013281N12098/2013281N12098.PHAILIN.2013.10.12.0000.29.FY2-E.119.hursat-b1.v06.nc,2013-10-12T00:00:00Z,0.0,NOMINAL,False,,,,,NOT_AVAILABLE,False,,,,,NOT_AVAILABLE,1,UNIMODAL_IR,
2013281N12098,PHAILIN,2013-10-12T03:00:00Z,17.7,86.0,115.0,940.0,TS,TRAIN,True,hursat_b1_2013281N12098_20131012T030000Z,data/raw/hursat/2013281N12098/2013281N12098.PHAILIN.2013.10.12.0300.30.FY2-E.118.hursat-b1.v06.nc,2013-10-12T03:00:00Z,0.0,NOMINAL,False,,,,,NOT_AVAILABLE,False,,,,,NOT_AVAILABLE,1,UNIMODAL_IR,
2013281N12098,PHAILIN,2013-10-12T06:00:00Z,18.1,85.8,115.0,940.0,TS,TRAIN,True,hursat_b1_2013281N12098_20131012T060000Z,data/raw/hursat/2013281N12098/2013281N12098.PHAILIN.2013.10.12.0600.30.FY2-E.117.hursat-b1.v06.nc,2013-10-12T06:00:00Z,0.0,NOMINAL,False,,,,,NOT_AVAILABLE,False,,,,,NOT_AVAILABLE,1,UNIMODAL_IR,
2013281N12098,PHAILIN,2013-10-12T09:00:00Z,18.5,85.4,115.0,940.0,TS,TRAIN,True,hursat_b1_2013281N12098_20131012T090000Z,data/raw/hursat/2013281N12098/2013281N12098.PHAILIN.2013.10.12.0900.31.FY2-E.115.hursat-b1.v06.nc,2013-10-12T09:00:00Z,0.0,NOMINAL,False,,,,,NOT_AVAILABLE,False,,,,,NOT_AVAILABLE,1,UNIMODAL_IR,
2013281N12098,PHAILIN,2013-10-12T12:00:00Z,18.7,85.2,115.0,940.0,TS,TRAIN,True,hursat_b1_2013281N12098_20131012T120000Z,data/raw/hursat/2013281N12098/2013281N12098.PHAILIN.2013.10.12.1200.31.FY2-E.113.hursat-b1.v06.nc,2013-10-12T12:00:00Z,0.0,NOMINAL,False,,,,,NOT_AVAILABLE,False,,,,,NOT_AVAILABLE,1,UNIMODAL_IR,
2013281N12098,PHAILIN,2013-10-12T15:00:00Z,19.1,85.1,115.0,940.0,TS,TRAIN,True,hursat_b1_2013281N12098_20131012T150000Z,data/raw/hursat/2013281N12098/2013281N12098.PHAILIN.2013.10.12.1500.32.FY2-E.103.hursat-b1.v06.nc,2013-10-12T15:00:00Z,0.0,NOMINAL,False,,,,,NOT_AVAILABLE,False,,,,,NOT_AVAILABLE,1,UNIMODAL_IR,
2013281N12098,PHAILIN,2013-10-12T18:00:00Z,19.5,84.9,100.0,956.0,TS,TRAIN,True,hursat_b1_2013281N12098_20131012T173100Z,data/raw/hursat/2013281N12098/2013281N12098.PHAILIN.2013.10.12.1800.71.MTS-2.094.hursat-b1.v06.nc,2013-10-12T17:31:00Z,-29.0,NOMINAL,False,,,,,NOT_AVAILABLE,False,,,,,NOT_AVAILABLE,1,UNIMODAL_IR,
2013281N12098,PHAILIN,2013-10-12T21:00:00Z,19.9,84.6,90.0,966.0,TS,TRAIN,True,hursat_b1_2013281N12098_20131012T210000Z,data/raw/hursat/2013281N12098/2013281N12098.PHAILIN.2013.10.12.2100.33.FY2-E.082.hursat-b1.v06.nc,2013-10-12T21:00:00Z,0.0,NOMINAL,False,,,,,NOT_AVAILABLE,False,,,,,NOT_AVAILABLE,1,UNIMODAL_IR,
2013281N12098,PHAILIN,2013-10-13T00:00:00Z,20.4,84.5,75.0,976.0,TS,TRAIN,True,hursat_b1_2013281N12098_20131013T000000Z,data/raw/hursat/2013281N12098/2013281N12098.PHAILIN.2013.10.13.0000.33.FY2-E.071.hursat-b1.v06.nc,2013-10-13T00:00:00Z,0.0,NOMINAL,False,,,,,NOT_AVAILABLE,False,,,,,NOT_AVAILABLE,1,UNIMODAL_IR,
2013281N12098,PHAILIN,2013-10-13T03:00:00Z,20.9,84.1,55.0,990.0,TS,TRAIN,True,hursat_b1_2013281N12098_20131013T030000Z,data/raw/hursat/2013281N12098/2013281N12098.PHAILIN.2013.10.13.0300.34.FY2-E.056.hursat-b1.v06.nc,2013-10-13T03:00:00Z,0.0,NOMINAL,False,,,,,NOT_AVAILABLE,False,,,,,NOT_AVAILABLE,1,UNIMODAL_IR,
2013281N12098,PHAILIN,2013-10-13T06:00:00Z,21.5,84.0,40.0,992.0,TS,TRAIN,True,hursat_b1_2013281N12098_20131013T060000Z,data/raw/hursat/2013281N12098/2013281N12098.PHAILIN.2013.10.13.0600.34.FY2-E.042.hursat-b1.v06.nc,2013-10-13T06:00:00Z,0.0,NOMINAL,False,,,,,NOT_AVAILABLE,False,,,,,NOT_AVAILABLE,1,UNIMODAL_IR,
2013281N12098,PHAILIN,2013-10-13T09:00:00Z,22.0,83.9,35.0,993.0,TS,TRAIN,True,hursat_b1_2013281N12098_20131013T090000Z,data/raw/hursat/2013281N12098/2013281N12098.PHAILIN.2013.10.13.0900.35.FY2-E.039.hursat-b1.v06.nc,2013-10-13T09:00:00Z,0.0,NOMINAL,False,,,,,NOT_AVAILABLE,False,,,,,NOT_AVAILABLE,1,UNIMODAL_IR,
2013281N12098,PHAILIN,2013-10-13T12:00:00Z,22.6,83.9,35.0,994.0,TS,TRAIN,True,hursat_b1_2013281N12098_20131013T120000Z,data/raw/hursat/2013281N12098/2013281N12098.PHAILIN.2013.10.13.1200.35.FY2-E.035.hursat-b1.v06.nc,2013-10-13T12:00:00Z,0.0,NOMINAL,False,,,,,NOT_AVAILABLE,False,,,,,NOT_AVAILABLE,1,UNIMODAL_IR,
2013281N12098,PHAILIN,2013-10-13T15:00:00Z,22.8,83.6,,,TS,TRAIN,True,hursat_b1_2013281N12098_20131013T150000Z,data/raw/hursat/2013281N12098/2013281N12098.PHAILIN.2013.10.13.1500.36.FY2-E.033.hursat-b1.v06.nc,2013-10-13T15:00:00Z,0.0,NOMINAL,False,,,,,NOT_AVAILABLE,False,,,,,NOT_AVAILABLE,1,UNIMODAL_IR,
2013281N12098,PHAILIN,2013-10-13T18:00:00Z,23.0,83.5,30.0,996.0,TS,TRAIN,True,hursat_b1_2013281N12098_20131013T173100Z,data/raw/hursat/2013281N12098/2013281N12098.PHAILIN.2013.10.13.1800.73.MTS-2.030.hursat-b1.v06.nc,2013-10-13T17:31:00Z,-29.0,NOMINAL,False,,,,,NOT_AVAILABLE,False,,,,,NOT_AVAILABLE,1,UNIMODAL_IR,
2013281N12098,PHAILIN,2013-10-13T21:00:00Z,23.2,83.7,,,TS,TRAIN,True,hursat_b1_2013281N12098_20131013T210000Z,data/raw/hursat/2013281N12098/2013281N12098.PHAILIN.2013.10.13.2100.36.FY2-E.030.hursat-b1.v06.nc,2013-10-13T21:00:00Z,0.0,NOMINAL,False,,,,,NOT_AVAILABLE,False,,,,,NOT_AVAILABLE,1,UNIMODAL_IR,
2013281N12098,PHAILIN,2013-10-14T00:00:00Z,23.5,84.0,30.0,1000.0,TS,TRAIN,True,hursat_b1_2013281N12098_20131014T000000Z,data/raw/hursat/2013281N12098/2013281N12098.PHAILIN.2013.10.14.0000.36.FY2-E.030.hursat-b1.v06.nc,2013-10-14T00:00:00Z,0.0,NOMINAL,False,,,,,NOT_AVAILABLE,False,,,,,NOT_AVAILABLE,1,UNIMODAL_IR,
2013281N12098,PHAILIN,2013-10-14T03:00:00Z,23.9,84.2,,,TS,TRAIN,True,hursat_b1_2013281N12098_20131014T030000Z,data/raw/hursat/2013281N12098/2013281N12098.PHAILIN.2013.10.14.0300.36.FY2-E.028.hursat-b1.v06.nc,2013-10-14T03:00:00Z,0.0,NOMINAL,False,,,,,NOT_AVAILABLE,False,,,,,NOT_AVAILABLE,1,UNIMODAL_IR,
2013281N12098,PHAILIN,2013-10-14T06:00:00Z,24.5,84.2,25.0,1004.0,TS,TRAIN,True,hursat_b1_2013281N12098_20131014T060000Z,data/raw/hursat/2013281N12098/2013281N12098.PHAILIN.2013.10.14.0600.37.FY2-E.025.hursat-b1.v06.nc,2013-10-14T06:00:00Z,0.0,NOMINAL,False,,,,,NOT_AVAILABLE,False,,,,,NOT_AVAILABLE,1,UNIMODAL_IR,
2013322N13090,HELEN,2013-11-18T00:00:00Z,13.3,90.0,20.0,1007.0,DS,TRAIN,True,hursat_b1_2013322N13090_20131117T233200Z,data/raw/hursat/2013322N13090/2013322N13090.HELEN.2013.11.18.0000.59.MTS-1.018.hursat-b1.v06.nc,2013-11-17T23:32:00Z,-28.0,NOMINAL,False,,,,,NOT_AVAILABLE,False,,,,,NOT_AVAILABLE,1,UNIMODAL_IR,
2013322N13090,HELEN,2013-11-18T03:00:00Z,13.6,89.5,23.0,1006.0,DS,TRAIN,True,hursat_b1_2013322N13090_20131118T030000Z,data/raw/hursat/2013322N13090/2013322N13090.HELEN.2013.11.18.0300.24.FY2-E.020.hursat-b1.v06.nc,2013-11-18T03:00:00Z,0.0,NOMINAL,False,,,,,NOT_AVAILABLE,False,,,,,NOT_AVAILABLE,1,UNIMODAL_IR,
2013322N13090,HELEN,2013-11-18T06:00:00Z,14.0,88.9,25.0,1004.0,TS,TRAIN,True,hursat_b1_2013322N13090_20131118T060000Z,data/raw/hursat/2013322N13090/2013322N13090.HELEN.2013.11.18.0600.25.FY2-E.022.hursat-b1.v06.nc,2013-11-18T06:00:00Z,0.0,NOMINAL,False,,,,,NOT_AVAILABLE,False,,,,,NOT_AVAILABLE,1,UNIMODAL_IR,
2013322N13090,HELEN,2013-11-18T09:00:00Z,14.4,88.3,25.0,1004.0,TS,TRAIN,True,hursat_b1_2013322N13090_20131118T090000Z,data/raw/hursat/2013322N13090/2013322N13090.HELEN.2013.11.18.0900.25.FY2-E.022.hursat-b1.v06.nc,2013-11-18T09:00:00Z,0.0,NOMINAL,False,,,,,NOT_AVAILABLE,False,,,,,NOT_AVAILABLE,1,UNIMODAL_IR,
2013322N13090,HELEN,2013-11-18T12:00:00Z,14.7,87.8,25.0,1004.0,TS,TRAIN,True,hursat_b1_2013322N13090_20131118T120000Z,data/raw/hursat/2013322N13090/2013322N13090.HELEN.2013.11.18.1200.26.FY2-E.022.hursat-b1.v06.nc,2013-11-18T12:00:00Z,0.0,NOMINAL,False,,,,,NOT_AVAILABLE,False,,,,,NOT_AVAILABLE,1,UNIMODAL_IR,
2013322N13090,HELEN,2013-11-18T15:00:00Z,14.8,87.3,25.0,1004.0,TS,TRAIN,True,hursat_b1_2013322N13090_20131118T150000Z,data/raw/hursat/2013322N13090/2013322N13090.HELEN.2013.11.18.1500.27.FY2-E.022.hursat-b1.v06.nc,2013-11-18T15:00:00Z,0.0,NOMINAL,False,,,,,NOT_AVAILABLE,False,,,,,NOT_AVAILABLE,1,UNIMODAL_IR,
2013322N13090,HELEN,2013-11-18T18:00:00Z,14.8,86.9,25.0,1004.0,TS,TRAIN,True,hursat_b1_2013322N13090_20131118T180000Z,data/raw/hursat/2013322N13090/2013322N13090.HELEN.2013.11.18.1800.27.FY2-E.022.hursat-b1.v06.nc,2013-11-18T18:00:00Z,0.0,NOMINAL,False,,,,,NOT_AVAILABLE,False,,,,,NOT_AVAILABLE,1,UNIMODAL_IR,
2013322N13090,HELEN,2013-11-18T21:00:00Z,14.8,86.5,30.0,1000.0,TS,TRAIN,True,hursat_b1_2013322N13090_20131118T203200Z,data/raw/hursat/2013322N13090/2013322N13090.HELEN.2013.11.18.2100.63.MTS-1.025.hursat-b1.v06.nc,2013-11-18T20:32:00Z,-28.0,NOMINAL,False,,,,,NOT_AVAILABLE,False,,,,,NOT_AVAILABLE,1,UNIMODAL_IR,
2013322N13090,HELEN,2013-11-19T00:00:00Z,14.7,86.2,25.0,1004.0,TS,TRAIN,True,hursat_b1_2013322N13090_20131118T233200Z,data/raw/hursat/2013322N13090/2013322N13090.HELEN.2013.11.19.0000.63.MTS-1.028.hursat-b1.v06.nc,2013-11-18T23:32:00Z,-28.0,NOMINAL,False,,,,,NOT_AVAILABLE,False,,,,,NOT_AVAILABLE,1,UNIMODAL_IR,
2013322N13090,HELEN,2013-11-19T03:00:00Z,14.8,85.9,25.0,1004.0,TS,TRAIN,True,hursat_b1_2013322N13090_20131119T030000Z,data/raw/hursat/2013322N13090/2013322N13090.HELEN.2013.11.19.0300.28.FY2-E.028.hursat-b1.v06.nc,2013-11-19T03:00:00Z,0.0,NOMINAL,False,,,,,NOT_AVAILABLE,False,,,,,NOT_AVAILABLE,1,UNIMODAL_IR,
2013322N13090,HELEN,2013-11-19T06:00:00Z,14.8,85.6,25.0,1004.0,TS,TRAIN,True,hursat_b1_2013322N13090_20131119T060000Z,data/raw/hursat/2013322N13090/2013322N13090.HELEN.2013.11.19.0600.28.FY2-E.028.hursat-b1.v06.nc,2013-11-19T06:00:00Z,0.0,NOMINAL,False,,,,,NOT_AVAILABLE,False,,,,,NOT_AVAILABLE,1,UNIMODAL_IR,
2013322N13090,HELEN,2013-11-19T09:00:00Z,14.9,85.3,38.0,995.0,TS,TRAIN,True,hursat_b1_2013322N13090_20131119T090000Z,data/raw/hursat/2013322N13090/2013322N13090.HELEN.2013.11.19.0900.28.FY2-E.029.hursat-b1.v06.nc,2013-11-19T09:00:00Z,0.0,NOMINAL,False,,,,,NOT_AVAILABLE,False,,,,,NOT_AVAILABLE,1,UNIMODAL_IR,
2013322N13090,HELEN,2013-11-19T12:00:00Z,15.0,85.1,25.0,1004.0,TS,TRAIN,True,hursat_b1_2013322N13090_20131119T120000Z,data/raw/hursat/2013322N13090/2013322N13090.HELEN.2013.11.19.1200.29.FY2-E.030.hursat-b1.v06.nc,2013-11-19T12:00:00Z,0.0,NOMINAL,False,,,,,NOT_AVAILABLE,False,,,,,NOT_AVAILABLE,1,UNIMODAL_IR,
2013322N13090,HELEN,2013-11-19T15:00:00Z,15.0,84.9,30.0,1002.0,TS,TRAIN,True,hursat_b1_2013322N13090_20131119T150000Z,data/raw/hursat/2013322N13090/2013322N13090.HELEN.2013.11.19.1500.29.FY2-E.031.hursat-b1.v06.nc,2013-11-19T15:00:00Z,0.0,NOMINAL,False,,,,,NOT_AVAILABLE,False,,,,,NOT_AVAILABLE,1,UNIMODAL_IR,
2013322N13090,HELEN,2013-11-19T18:00:00Z,15.0,84.5,30.0,1002.0,TS,TRAIN,True,hursat_b1_2013322N13090_20131119T180000Z,data/raw/hursat/2013322N13090/2013322N13090.HELEN.2013.11.19.1800.29.FY2-E.033.hursat-b1.v06.nc,2013-11-19T18:00:00Z,0.0,NOMINAL,False,,,,,NOT_AVAILABLE,False,,,,,NOT_AVAILABLE,1,UNIMODAL_IR,
2013322N13090,HELEN,2013-11-19T21:00:00Z,15.0,84.2,45.0,989.0,TS,TRAIN,True,hursat_b1_2013322N13090_20131119T203200Z,data/raw/hursat/2013322N13090/2013322N13090.HELEN.2013.11.19.2100.65.MTS-1.035.hursat-b1.v06.nc,2013-11-19T20:32:00Z,-28.0,NOMINAL,False,,,,,NOT_AVAILABLE,False,,,,,NOT_AVAILABLE,1,UNIMODAL_IR,
2013322N13090,HELEN,2013-11-20T00:00:00Z,15.1,84.1,30.0,1002.0,TS,TRAIN,True,hursat_b1_2013322N13090_20131119T233200Z,data/raw/hursat/2013322N13090/2013322N13090.HELEN.2013.11.20.0000.66.MTS-1.037.hursat-b1.v06.nc,2013-11-19T23:32:00Z,-28.0,NOMINAL,False,,,,,NOT_AVAILABLE,False,,,,,NOT_AVAILABLE,1,UNIMODAL_IR,
2013322N13090,HELEN,2013-11-20T03:00:00Z,15.1,84.1,35.0,1000.0,TS,TRAIN,True,hursat_b1_2013322N13090_20131120T030000Z,data/raw/hursat/2013322N13090/2013322N13090.HELEN.2013.11.20.0300.30.FY2-E.040.hursat-b1.v06.nc,2013-11-20T03:00:00Z,0.0,NOMINAL,False,,,,,NOT_AVAILABLE,False,,,,,NOT_AVAILABLE,1,UNIMODAL_IR,
2013322N13090,HELEN,2013-11-20T06:00:00Z,15.3,84.1,40.0,1000.0,TS,TRAIN,True,hursat_b1_2013322N13090_20131120T060000Z,data/raw/hursat/2013322N13090/2013322N13090.HELEN.2013.11.20.0600.30.FY2-E.042.hursat-b1.v06.nc,2013-11-20T06:00:00Z,0.0,NOMINAL,False,,,,,NOT_AVAILABLE,False,,,,,NOT_AVAILABLE,1,UNIMODAL_IR,
2013322N13090,HELEN,2013-11-20T09:00:00Z,15.3,84.0,40.0,1000.0,TS,TRAIN,True,hursat_b1_2013322N13090_20131120T090000Z,data/raw/hursat/2013322N13090/2013322N13090.HELEN.2013.11.20.0900.30.FY2-E.044.hursat-b1.v06.nc,2013-11-20T09:00:00Z,0.0,NOMINAL,False,,,,,NOT_AVAILABLE,False,,,,,NOT_AVAILABLE,1,UNIMODAL_IR,
2013322N13090,HELEN,2013-11-20T12:00:00Z,15.4,84.0,45.0,998.0,TS,TRAIN,True,hursat_b1_2013322N13090_20131120T120000Z,data/raw/hursat/2013322N13090/2013322N13090.HELEN.2013.11.20.1200.30.FY2-E.047.hursat-b1.v06.nc,2013-11-20T12:00:00Z,0.0,NOMINAL,False,,,,,NOT_AVAILABLE,False,,,,,NOT_AVAILABLE,1,UNIMODAL_IR,
2013322N13090,HELEN,2013-11-20T15:00:00Z,15.4,83.9,45.0,998.0,TS,TRAIN,True,hursat_b1_2013322N13090_20131120T150000Z,data/raw/hursat/2013322N13090/2013322N13090.HELEN.2013.11.20.1500.30.FY2-E.048.hursat-b1.v06.nc,2013-11-20T15:00:00Z,0.0,NOMINAL,False,,,,,NOT_AVAILABLE,False,,,,,NOT_AVAILABLE,1,UNIMODAL_IR,
2013322N13090,HELEN,2013-11-20T18:00:00Z,15.5,83.8,45.0,996.0,TS,TRAIN,True,hursat_b1_2013322N13090_20131120T180000Z,data/raw/hursat/2013322N13090/2013322N13090.HELEN.2013.11.20.1800.30.FY2-E.049.hursat-b1.v06.nc,2013-11-20T18:00:00Z,0.0,NOMINAL,False,,,,,NOT_AVAILABLE,False,,,,,NOT_AVAILABLE,1,UNIMODAL_IR,
2013322N13090,HELEN,2013-11-20T21:00:00Z,15.6,83.7,45.0,996.0,TS,TRAIN,True,hursat_b1_2013322N13090_20131120T203200Z,data/raw/hursat/2013322N13090/2013322N13090.HELEN.2013.11.20.2100.66.MTS-1.051.hursat-b1.v06.nc,2013-11-20T20:32:00Z,-28.0,NOMINAL,False,,,,,NOT_AVAILABLE,False,,,,,NOT_AVAILABLE,1,UNIMODAL_IR,
2013322N13090,HELEN,2013-11-21T00:00:00Z,15.7,83.6,50.0,994.0,TS,TRAIN,True,hursat_b1_2013322N13090_20131120T233200Z,data/raw/hursat/2013322N13090/2013322N13090.HELEN.2013.11.21.0000.66.MTS-1.054.hursat-b1.v06.nc,2013-11-20T23:32:00Z,-28.0,NOMINAL,False,,,,,NOT_AVAILABLE,False,,,,,NOT_AVAILABLE,1,UNIMODAL_IR,
2013322N13090,HELEN,2013-11-21T03:00:00Z,15.8,83.4,50.0,992.0,TS,TRAIN,True,hursat_b1_2013322N13090_20131121T023200Z,data/raw/hursat/2013322N13090/2013322N13090.HELEN.2013.11.21.0300.66.MTS-1.056.hursat-b1.v06.nc,2013-11-21T02:32:00Z,-28.0,NOMINAL,False,,,,,NOT_AVAILABLE,False,,,,,NOT_AVAILABLE,1,UNIMODAL_IR,
2013322N13090,HELEN,2013-11-21T06:00:00Z,15.9,83.3,55.0,990.0,TS,TRAIN,True,hursat_b1_2013322N13090_20131121T053200Z,data/raw/hursat/2013322N13090/2013322N13090.HELEN.2013.11.21.0600.66.MTS-1.058.hursat-b1.v06.nc,2013-11-21T05:32:00Z,-28.0,NOMINAL,False,,,,,NOT_AVAILABLE,False,,,,,NOT_AVAILABLE,1,UNIMODAL_IR,
2013322N13090,HELEN,2013-11-21T09:00:00Z,16.0,83.1,55.0,990.0,TS,TRAIN,True,hursat_b1_2013322N13090_20131121T083200Z,data/raw/hursat/2013322N13090/2013322N13090.HELEN.2013.11.21.0900.67.MTS-1.057.hursat-b1.v06.nc,2013-11-21T08:32:00Z,-28.0,NOMINAL,False,,,,,NOT_AVAILABLE,False,,,,,NOT_AVAILABLE,1,UNIMODAL_IR,
2013322N13090,HELEN,2013-11-21T12:00:00Z,16.1,83.0,55.0,990.0,TS,TRAIN,True,hursat_b1_2013322N13090_20131121T113200Z,data/raw/hursat/2013322N13090/2013322N13090.HELEN.2013.11.21.1200.67.MTS-1.056.hursat-b1.v06.nc,2013-11-21T11:32:00Z,-28.0,NOMINAL,False,,,,,NOT_AVAILABLE,False,,,,,NOT_AVAILABLE,1,UNIMODAL_IR,
2013322N13090,HELEN,2013-11-21T15:00:00Z,16.1,82.7,55.0,990.0,TS,TRAIN,True,hursat_b1_2013322N13090_20131121T143200Z,data/raw/hursat/2013322N13090/2013322N13090.HELEN.2013.11.21.1500.67.MTS-1.056.hursat-b1.v06.nc,2013-11-21T14:32:00Z,-28.0,NOMINAL,False,,,,,NOT_AVAILABLE,False,,,,,NOT_AVAILABLE,1,UNIMODAL_IR,
2013322N13090,HELEN,2013-11-21T18:00:00Z,16.2,82.6,55.0,990.0,TS,TRAIN,True,hursat_b1_2013322N13090_20131121T173200Z,data/raw/hursat/2013322N13090/2013322N13090.HELEN.2013.11.21.1800.67.MTS-1.056.hursat-b1.v06.nc,2013-11-21T17:32:00Z,-28.0,NOMINAL,False,,,,,NOT_AVAILABLE,False,,,,,NOT_AVAILABLE,1,UNIMODAL_IR,
2013322N13090,HELEN,2013-11-21T21:00:00Z,16.1,82.3,55.0,990.0,TS,TRAIN,True,hursat_b1_2013322N13090_20131121T203200Z,data/raw/hursat/2013322N13090/2013322N13090.HELEN.2013.11.21.2100.68.MTS-1.055.hursat-b1.v06.nc,2013-11-21T20:32:00Z,-28.0,NOMINAL,False,,,,,NOT_AVAILABLE,False,,,,,NOT_AVAILABLE,1,UNIMODAL_IR,
2013322N13090,HELEN,2013-11-22T00:00:00Z,16.2,82.0,55.0,990.0,TS,TRAIN,True,hursat_b1_2013322N13090_20131121T233200Z,data/raw/hursat/2013322N13090/2013322N13090.HELEN.2013.11.22.0000.68.MTS-1.054.hursat-b1.v06.nc,2013-11-21T23:32:00Z,-28.0,NOMINAL,False,,,,,NOT_AVAILABLE,False,,,,,NOT_AVAILABLE,1,UNIMODAL_IR,
2013322N13090,HELEN,2013-11-22T03:00:00Z,16.2,81.7,55.0,990.0,TS,TRAIN,True,hursat_b1_2013322N13090_20131122T023200Z,data/raw/hursat/2013322N13090/2013322N13090.HELEN.2013.11.22.0300.68.MTS-1.053.hursat-b1.v06.nc,2013-11-22T02:32:00Z,-28.0,NOMINAL,False,,,,,NOT_AVAILABLE,False,,,,,NOT_AVAILABLE,1,UNIMODAL_IR,
2013322N13090,HELEN,2013-11-22T06:00:00Z,16.2,81.4,55.0,990.0,TS,TRAIN,True,hursat_b1_2013322N13090_20131122T053200Z,data/raw/hursat/2013322N13090/2013322N13090.HELEN.2013.11.22.0600.68.MTS-1.052.hursat-b1.v06.nc,2013-11-22T05:32:00Z,-28.0,NOMINAL,False,,,,,NOT_AVAILABLE,False,,,,,NOT_AVAILABLE,1,UNIMODAL_IR,
2013322N13090,HELEN,2013-11-22T09:00:00Z,16.0,81.2,40.0,1000.0,TS,TRAIN,True,hursat_b1_2013322N13090_20131122T083200Z,data/raw/hursat/2013322N13090/2013322N13090.HELEN.2013.11.22.0900.69.MTS-1.040.hursat-b1.v06.nc,2013-11-22T08:32:00Z,-28.0,NOMINAL,False,,,,,NOT_AVAILABLE,False,,,,,NOT_AVAILABLE,1,UNIMODAL_IR,
2013322N13090,HELEN,2013-11-22T12:00:00Z,15.8,80.8,30.0,1002.0,TS,TRAIN,True,hursat_b1_2013322N13090_20131122T113200Z,data/raw/hursat/2013322N13090/2013322N13090.HELEN.2013.11.22.1200.69.MTS-1.028.hursat-b1.v06.nc,2013-11-22T11:32:00Z,-28.0,NOMINAL,False,,,,,NOT_AVAILABLE,False,,,,,NOT_AVAILABLE,1,UNIMODAL_IR,
2013322N13090,HELEN,2013-11-22T15:00:00Z,15.9,80.5,28.0,1002.0,TS,TRAIN,True,hursat_b1_2013322N13090_20131122T143200Z,data/raw/hursat/2013322N13090/2013322N13090.HELEN.2013.11.22.1500.69.MTS-1.026.hursat-b1.v06.nc,2013-11-22T14:32:00Z,-28.0,NOMINAL,False,,,,,NOT_AVAILABLE,False,,,,,NOT_AVAILABLE,1,UNIMODAL_IR,
2013322N13090,HELEN,2013-11-22T18:00:00Z,16.1,80.2,25.0,1004.0,TS,TRAIN,True,hursat_b1_2013322N13090_20131122T173200Z,data/raw/hursat/2013322N13090/2013322N13090.HELEN.2013.11.22.1800.70.MTS-1.024.hursat-b1.v06.nc,2013-11-22T17:32:00Z,-28.0,NOMINAL,False,,,,,NOT_AVAILABLE,False,,,,,NOT_AVAILABLE,1,UNIMODAL_IR,
2013322N13090,HELEN,2013-11-22T21:00:00Z,16.3,79.7,23.0,1006.0,TS,TRAIN,True,hursat_b1_2013322N13090_20131122T203200Z,data/raw/hursat/2013322N13090/2013322N13090.HELEN.2013.11.22.2100.70.MTS-1.021.hursat-b1.v06.nc,2013-11-22T20:32:00Z,-28.0,NOMINAL,False,,,,,NOT_AVAILABLE,False,,,,,NOT_AVAILABLE,1,UNIMODAL_IR,
2013322N13090,HELEN,2013-11-23T00:00:00Z,16.5,79.4,20.0,1007.0,DS,TRAIN,True,hursat_b1_2013322N13090_20131122T233200Z,data/raw/hursat/2013322N13090/2013322N13090.HELEN.2013.11.23.0000.71.MTS-1.018.hursat-b1.v06.nc,2013-11-22T23:32:00Z,-28.0,NOMINAL,False,,,,,NOT_AVAILABLE,False,,,,,NOT_AVAILABLE,1,UNIMODAL_IR,
2013322N13090,HELEN,2013-11-23T03:00:00Z,16.8,79.1,20.0,1007.0,DS,TRAIN,True,hursat_b1_2013322N13090_20131123T030000Z,data/raw/hursat/2013322N13090/2013322N13090.HELEN.2013.11.23.0300.35.FY2-E.018.hursat-b1.v06.nc,2013-11-23T03:00:00Z,0.0,NOMINAL,False,,,,,NOT_AVAILABLE,False,,,,,NOT_AVAILABLE,1,UNIMODAL_IR,
2013322N13090,HELEN,2013-11-23T06:00:00Z,17.2,78.8,20.0,1007.0,DS,TRAIN,True,hursat_b1_2013322N13090_20131123T060000Z,data/raw/hursat/2013322N13090/2013322N13090.HELEN.2013.11.23.0600.36.FY2-E.018.hursat-b1.v06.nc,2013-11-23T06:00:00Z,0.0,NOMINAL,False,,,,,NOT_AVAILABLE,False,,,,,NOT_AVAILABLE,1,UNIMODAL_IR,
2014279N11096,HUDHUD,2014-10-06T06:00:00Z,10.7,96.1,15.0,1010.0,DS,TRAIN,True,hursat_b1_2014279N11096_20141006T060000Z,data/raw/hursat/2014279N11096/2014279N11096.HUD_HUD.2014.10.06.0600.16.FY2-E.013.hursat-b1.v06.nc,2014-10-06T06:00:00Z,0.0,NOMINAL,False,,,,,NOT_AVAILABLE,False,,,,,NOT_AVAILABLE,1,UNIMODAL_IR,
2014279N11096,HUDHUD,2014-10-06T09:00:00Z,10.7,96.0,18.0,1009.0,DS,TRAIN,True,hursat_b1_2014279N11096_20141006T090000Z,data/raw/hursat/2014279N11096/2014279N11096.HUD_HUD.2014.10.06.0900.16.FY2-E.015.hursat-b1.v06.nc,2014-10-06T09:00:00Z,0.0,NOMINAL,False,,,,,NOT_AVAILABLE,False,,,,,NOT_AVAILABLE,1,UNIMODAL_IR,
2014279N11096,HUDHUD,2014-10-06T12:00:00Z,10.7,95.9,20.0,1007.0,DS,TRAIN,True,hursat_b1_2014279N11096_20141006T120000Z,data/raw/hursat/2014279N11096/2014279N11096.HUD_HUD.2014.10.06.1200.16.FY2-E.018.hursat-b1.v06.nc,2014-10-06T12:00:00Z,0.0,NOMINAL,False,,,,,NOT_AVAILABLE,False,,,,,NOT_AVAILABLE,1,UNIMODAL_IR,
2014279N11096,HUDHUD,2014-10-06T15:00:00Z,10.7,95.8,23.0,1006.0,DS,TRAIN,True,hursat_b1_2014279N11096_20141006T150000Z,data/raw/hursat/2014279N11096/2014279N11096.HUD_HUD.2014.10.06.1500.16.FY2-E.020.hursat-b1.v06.nc,2014-10-06T15:00:00Z,0.0,NOMINAL,False,,,,,NOT_AVAILABLE,False,,,,,NOT_AVAILABLE,1,UNIMODAL_IR,
2014279N11096,HUDHUD,2014-10-06T18:00:00Z,10.8,95.6,25.0,1004.0,TS,TRAIN,True,hursat_b1_2014279N11096_20141006T173100Z,data/raw/hursat/2014279N11096/2014279N11096.HUD_HUD.2014.10.06.1800.58.MTS-2.022.hursat-b1.v06.nc,2014-10-06T17:31:00Z,-29.0,NOMINAL,False,,,,,NOT_AVAILABLE,False,,,,,NOT_AVAILABLE,1,UNIMODAL_IR,
2014279N11096,HUDHUD,2014-10-06T21:00:00Z,10.9,95.4,25.0,1004.0,TS,TRAIN,True,hursat_b1_2014279N11096_20141006T210000Z,data/raw/hursat/2014279N11096/2014279N11096.HUD_HUD.2014.10.06.2100.17.FY2-E.022.hursat-b1.v06.nc,2014-10-06T21:00:00Z,0.0,NOMINAL,False,,,,,NOT_AVAILABLE,False,,,,,NOT_AVAILABLE,1,UNIMODAL_IR,
2014279N11096,HUDHUD,2014-10-07T00:00:00Z,11.0,95.2,25.0,1004.0,TS,TRAIN,True,hursat_b1_2014279N11096_20141007T000000Z,data/raw/hursat/2014279N11096/2014279N11096.HUD_HUD.2014.10.07.0000.17.FY2-E.022.hursat-b1.v06.nc,2014-10-07T00:00:00Z,0.0,NOMINAL,False,,,,,NOT_AVAILABLE,False,,,,,NOT_AVAILABLE,1,UNIMODAL_IR,
2014279N11096,HUDHUD,2014-10-07T03:00:00Z,11.2,95.0,25.0,1004.0,TS,TRAIN,True,hursat_b1_2014279N11096_20141007T030000Z,data/raw/hursat/2014279N11096/2014279N11096.HUD_HUD.2014.10.07.0300.17.FY2-E.023.hursat-b1.v06.nc,2014-10-07T03:00:00Z,0.0,NOMINAL,False,,,,,NOT_AVAILABLE,False,,,,,NOT_AVAILABLE,1,UNIMODAL_IR,
2014279N11096,HUDHUD,2014-10-07T06:00:00Z,11.4,94.7,25.0,1004.0,TS,TRAIN,True,hursat_b1_2014279N11096_20141007T060000Z,data/raw/hursat/2014279N11096/2014279N11096.HUD_HUD.2014.10.07.0600.18.FY2-E.024.hursat-b1.v06.nc,2014-10-07T06:00:00Z,0.0,NOMINAL,False,,,,,NOT_AVAILABLE,False,,,,,NOT_AVAILABLE,1,UNIMODAL_IR,
2014279N11096,HUDHUD,2014-10-07T09:00:00Z,11.5,94.4,28.0,1002.0,TS,TRAIN,True,hursat_b1_2014279N11096_20141007T090000Z,data/raw/hursat/2014279N11096/2014279N11096.HUD_HUD.2014.10.07.0900.18.FY2-E.026.hursat-b1.v06.nc,2014-10-07T09:00:00Z,0.0,NOMINAL,False,,,,,NOT_AVAILABLE,False,,,,,NOT_AVAILABLE,1,UNIMODAL_IR,
2014279N11096,HUDHUD,2014-10-07T12:00:00Z,11.7,94.1,30.0,1000.0,TS,TRAIN,True,hursat_b1_2014279N11096_20141007T120000Z,data/raw/hursat/2014279N11096/2014279N11096.HUD_HUD.2014.10.07.1200.18.FY2-E.028.hursat-b1.v06.nc,2014-10-07T12:00:00Z,0.0,NOMINAL,False,,,,,NOT_AVAILABLE,False,,,,,NOT_AVAILABLE,1,UNIMODAL_IR,
2014279N11096,HUDHUD,2014-10-07T15:00:00Z,11.8,93.8,30.0,1000.0,TS,TRAIN,True,hursat_b1_2014279N11096_20141007T150000Z,data/raw/hursat/2014279N11096/2014279N11096.HUD_HUD.2014.10.07.1500.19.FY2-E.028.hursat-b1.v06.nc,2014-10-07T15:00:00Z,0.0,NOMINAL,False,,,,,NOT_AVAILABLE,False,,,,,NOT_AVAILABLE,1,UNIMODAL_IR,
2014279N11096,HUDHUD,2014-10-07T18:00:00Z,11.9,93.5,30.0,1000.0,TS,TRAIN,True,hursat_b1_2014279N11096_20141007T173100Z,data/raw/hursat/2014279N11096/2014279N11096.HUD_HUD.2014.10.07.1800.60.MTS-2.028.hursat-b1.v06.nc,2014-10-07T17:31:00Z,-29.0,NOMINAL,False,,,,,NOT_AVAILABLE,False,,,,,NOT_AVAILABLE,1,UNIMODAL_IR,
2014279N11096,HUDHUD,2014-10-07T21:00:00Z,12.0,93.2,33.0,998.0,TS,TRAIN,True,hursat_b1_2014279N11096_20141007T210000Z,data/raw/hursat/2014279N11096/2014279N11096.HUD_HUD.2014.10.07.2100.19.FY2-E.029.hursat-b1.v06.nc,2014-10-07T21:00:00Z,0.0,NOMINAL,False,,,,,NOT_AVAILABLE,False,,,,,NOT_AVAILABLE,1,UNIMODAL_IR,
2014279N11096,HUDHUD,2014-10-08T00:00:00Z,12.2,92.9,30.0,1000.0,TS,TRAIN,True,hursat_b1_2014279N11096_20141008T000000Z,data/raw/hursat/2014279N11096/2014279N11096.HUD_HUD.2014.10.08.0000.20.FY2-E.030.hursat-b1.v06.nc,2014-10-08T00:00:00Z,0.0,NOMINAL,False,,,,,NOT_AVAILABLE,False,,,,,NOT_AVAILABLE,1,UNIMODAL_IR,
2014279N11096,HUDHUD,2014-10-08T03:00:00Z,12.3,92.6,35.0,998.0,TS,TRAIN,True,hursat_b1_2014279N11096_20141008T030000Z,data/raw/hursat/2014279N11096/2014279N11096.HUD_HUD.2014.10.08.0300.20.FY2-E.034.hursat-b1.v06.nc,2014-10-08T03:00:00Z,0.0,NOMINAL,False,,,,,NOT_AVAILABLE,False,,,,,NOT_AVAILABLE,1,UNIMODAL_IR,
2014279N11096,HUDHUD,2014-10-08T06:00:00Z,12.6,92.1,40.0,996.0,TS,TRAIN,True,hursat_b1_2014279N11096_20141008T060000Z,data/raw/hursat/2014279N11096/2014279N11096.HUD_HUD.2014.10.08.0600.21.FY2-E.038.hursat-b1.v06.nc,2014-10-08T06:00:00Z,0.0,NOMINAL,False,,,,,NOT_AVAILABLE,False,,,,,NOT_AVAILABLE,1,UNIMODAL_IR,
2014279N11096,HUDHUD,2014-10-08T09:00:00Z,12.8,91.4,40.0,996.0,TS,TRAIN,True,hursat_b1_2014279N11096_20141008T090000Z,data/raw/hursat/2014279N11096/2014279N11096.HUD_HUD.2014.10.08.0900.21.FY2-E.039.hursat-b1.v06.nc,2014-10-08T09:00:00Z,0.0,NOMINAL,False,,,,,NOT_AVAILABLE,False,,,,,NOT_AVAILABLE,1,UNIMODAL_IR,
2014279N11096,HUDHUD,2014-10-08T12:00:00Z,12.9,90.9,40.0,996.0,TS,TRAIN,True,hursat_b1_2014279N11096_20141008T120000Z,data/raw/hursat/2014279N11096/2014279N11096.HUD_HUD.2014.10.08.1200.22.FY2-E.040.hursat-b1.v06.nc,2014-10-08T12:00:00Z,0.0,NOMINAL,False,,,,,NOT_AVAILABLE,False,,,,,NOT_AVAILABLE,1,UNIMODAL_IR,
2014279N11096,HUDHUD,2014-10-08T15:00:00Z,13.1,90.4,40.0,996.0,TS,TRAIN,True,hursat_b1_2014279N11096_20141008T150000Z,data/raw/hursat/2014279N11096/2014279N11096.HUD_HUD.2014.10.08.1500.22.FY2-E.042.hursat-b1.v06.nc,2014-10-08T15:00:00Z,0.0,NOMINAL,False,,,,,NOT_AVAILABLE,False,,,,,NOT_AVAILABLE,1,UNIMODAL_IR,
2014279N11096,HUDHUD,2014-10-08T18:00:00Z,13.3,90.1,45.0,994.0,TS,TRAIN,True,hursat_b1_2014279N11096_20141008T173100Z,data/raw/hursat/2014279N11096/2014279N11096.HUD_HUD.2014.10.08.1800.64.MTS-2.045.hursat-b1.v06.nc,2014-10-08T17:31:00Z,-29.0,NOMINAL,False,,,,,NOT_AVAILABLE,False,,,,,NOT_AVAILABLE,1,UNIMODAL_IR,
2014279N11096,HUDHUD,2014-10-08T21:00:00Z,13.5,89.6,45.0,992.0,TS,TRAIN,True,hursat_b1_2014279N11096_20141008T210000Z,data/raw/hursat/2014279N11096/2014279N11096.HUD_HUD.2014.10.08.2100.23.FY2-E.046.hursat-b1.v06.nc,2014-10-08T21:00:00Z,0.0,NOMINAL,False,,,,,NOT_AVAILABLE,False,,,,,NOT_AVAILABLE,1,UNIMODAL_IR,
2014279N11096,HUDHUD,2014-10-09T00:00:00Z,13.6,89.3,45.0,990.0,TS,TRAIN,True,hursat_b1_2014279N11096_20141009T000000Z,data/raw/hursat/2014279N11096/2014279N11096.HUD_HUD.2014.10.09.0000.24.FY2-E.047.hursat-b1.v06.nc,2014-10-09T00:00:00Z,0.0,NOMINAL,False,,,,,NOT_AVAILABLE,False,,,,,NOT_AVAILABLE,1,UNIMODAL_IR,
2014279N11096,HUDHUD,2014-10-09T03:00:00Z,13.7,89.1,55.0,988.0,TS,TRAIN,True,hursat_b1_2014279N11096_20141009T030000Z,data/raw/hursat/2014279N11096/2014279N11096.HUD_HUD.2014.10.09.0300.24.FY2-E.050.hursat-b1.v06.nc,2014-10-09T03:00:00Z,0.0,NOMINAL,False,,,,,NOT_AVAILABLE,False,,,,,NOT_AVAILABLE,1,UNIMODAL_IR,
2014279N11096,HUDHUD,2014-10-09T06:00:00Z,13.8,88.9,55.0,988.0,TS,TRAIN,True,hursat_b1_2014279N11096_20141009T060000Z,data/raw/hursat/2014279N11096/2014279N11096.HUD_HUD.2014.10.09.0600.24.FY2-E.054.hursat-b1.v06.nc,2014-10-09T06:00:00Z,0.0,NOMINAL,False,,,,,NOT_AVAILABLE,False,,,,,NOT_AVAILABLE,1,UNIMODAL_IR,
2014279N11096,HUDHUD,2014-10-09T09:00:00Z,13.9,88.6,55.0,988.0,TS,TRAIN,True,hursat_b1_2014279N11096_20141009T090000Z,data/raw/hursat/2014279N11096/2014279N11096.HUD_HUD.2014.10.09.0900.25.FY2-E.054.hursat-b1.v06.nc,2014-10-09T09:00:00Z,0.0,NOMINAL,False,,,,,NOT_AVAILABLE,False,,,,,NOT_AVAILABLE,1,UNIMODAL_IR,
2014279N11096,HUDHUD,2014-10-09T12:00:00Z,14.1,88.5,55.0,988.0,TS,TRAIN,True,hursat_b1_2014279N11096_20141009T120000Z,data/raw/hursat/2014279N11096/2014279N11096.HUD_HUD.2014.10.09.1200.25.FY2-E.054.hursat-b1.v06.nc,2014-10-09T12:00:00Z,0.0,NOMINAL,False,,,,,NOT_AVAILABLE,False,,,,,NOT_AVAILABLE,1,UNIMODAL_IR,
2014279N11096,HUDHUD,2014-10-09T15:00:00Z,14.1,88.2,55.0,988.0,TS,TRAIN,True,hursat_b1_2014279N11096_20141009T150000Z,data/raw/hursat/2014279N11096/2014279N11096.HUD_HUD.2014.10.09.1500.25.FY2-E.054.hursat-b1.v06.nc,2014-10-09T15:00:00Z,0.0,NOMINAL,False,,,,,NOT_AVAILABLE,False,,,,,NOT_AVAILABLE,1,UNIMODAL_IR,
2014279N11096,HUDHUD,2014-10-09T18:00:00Z,14.2,88.0,55.0,988.0,TS,TRAIN,True,hursat_b1_2014279N11096_20141009T173100Z,data/raw/hursat/2014279N11096/2014279N11096.HUD_HUD.2014.10.09.1800.66.MTS-2.054.hursat-b1.v06.nc,2014-10-09T17:31:00Z,-29.0,NOMINAL,False,,,,,NOT_AVAILABLE,False,,,,,NOT_AVAILABLE,1,UNIMODAL_IR,
2014279N11096,HUDHUD,2014-10-09T21:00:00Z,14.4,87.8,60.0,988.0,TS,TRAIN,True,hursat_b1_2014279N11096_20141009T210000Z,data/raw/hursat/2014279N11096/2014279N11096.HUD_HUD.2014.10.09.2100.26.FY2-E.056.hursat-b1.v06.nc,2014-10-09T21:00:00Z,0.0,NOMINAL,False,,,,,NOT_AVAILABLE,False,,,,,NOT_AVAILABLE,1,UNIMODAL_IR,
2014279N11096,HUDHUD,2014-10-10T00:00:00Z,14.6,87.6,60.0,988.0,TS,TRAIN,True,hursat_b1_2014279N11096_20141010T000000Z,data/raw/hursat/2014279N11096/2014279N11096.HUD_HUD.2014.10.10.0000.26.FY2-E.059.hursat-b1.v06.nc,2014-10-10T00:00:00Z,0.0,NOMINAL,False,,,,,NOT_AVAILABLE,False,,,,,NOT_AVAILABLE,1,UNIMODAL_IR,
2014279N11096,HUDHUD,2014-10-10T03:00:00Z,14.8,87.3,60.0,988.0,TS,TRAIN,True,hursat_b1_2014279N11096_20141010T030000Z,data/raw/hursat/2014279N11096/2014279N11096.HUD_HUD.2014.10.10.0300.26.FY2-E.059.hursat-b1.v06.nc,2014-10-10T03:00:00Z,0.0,NOMINAL,False,,,,,NOT_AVAILABLE,False,,,,,NOT_AVAILABLE,1,UNIMODAL_IR,
2014279N11096,HUDHUD,2014-10-10T06:00:00Z,14.9,87.2,60.0,986.0,TS,TRAIN,True,hursat_b1_2014279N11096_20141010T060000Z,data/raw/hursat/2014279N11096/2014279N11096.HUD_HUD.2014.10.10.0600.27.FY2-E.059.hursat-b1.v06.nc,2014-10-10T06:00:00Z,0.0,NOMINAL,False,,,,,NOT_AVAILABLE,False,,,,,NOT_AVAILABLE,1,UNIMODAL_IR,
2014279N11096,HUDHUD,2014-10-10T09:00:00Z,15.1,87.0,65.0,984.0,TS,TRAIN,True,hursat_b1_2014279N11096_20141010T090000Z,data/raw/hursat/2014279N11096/2014279N11096.HUD_HUD.2014.10.10.0900.27.FY2-E.063.hursat-b1.v06.nc,2014-10-10T09:00:00Z,0.0,NOMINAL,False,,,,,NOT_AVAILABLE,False,,,,,NOT_AVAILABLE,1,UNIMODAL_IR,
2014279N11096,HUDHUD,2014-10-10T12:00:00Z,15.3,86.8,70.0,982.0,TS,TRAIN,True,hursat_b1_2014279N11096_20141010T120000Z,data/raw/hursat/2014279N11096/2014279N11096.HUD_HUD.2014.10.10.1200.27.FY2-E.068.hursat-b1.v06.nc,2014-10-10T12:00:00Z,0.0,NOMINAL,False,,,,,NOT_AVAILABLE,False,,,,,NOT_AVAILABLE,1,UNIMODAL_IR,
2014279N11096,HUDHUD,2014-10-10T15:00:00Z,15.5,86.5,75.0,980.0,TS,TRAIN,True,hursat_b1_2014279N11096_20141010T150000Z,data/raw/hursat/2014279N11096/2014279N11096.HUD_HUD.2014.10.10.1500.28.FY2-E.071.hursat-b1.v06.nc,2014-10-10T15:00:00Z,0.0,NOMINAL,False,,,,,NOT_AVAILABLE,False,,,,,NOT_AVAILABLE,1,UNIMODAL_IR,
2014279N11096,HUDHUD,2014-10-10T18:00:00Z,15.6,86.3,75.0,978.0,TS,TRAIN,True,hursat_b1_2014279N11096_20141010T173100Z,data/raw/hursat/2014279N11096/2014279N11096.HUD_HUD.2014.10.10.1800.68.MTS-2.075.hursat-b1.v06.nc,2014-10-10T17:31:00Z,-29.0,NOMINAL,False,,,,,NOT_AVAILABLE,False,,,,,NOT_AVAILABLE,1,UNIMODAL_IR,
2014279N11096,HUDHUD,2014-10-10T21:00:00Z,15.7,86.0,75.0,974.0,TS,TRAIN,True,hursat_b1_2014279N11096_20141010T210000Z,data/raw/hursat/2014279N11096/2014279N11096.HUD_HUD.2014.10.10.2100.28.FY2-E.077.hursat-b1.v06.nc,2014-10-10T21:00:00Z,0.0,NOMINAL,False,,,,,NOT_AVAILABLE,False,,,,,NOT_AVAILABLE,1,UNIMODAL_IR,
2014279N11096,HUDHUD,2014-10-11T00:00:00Z,15.9,85.7,75.0,970.0,TS,TRAIN,True,hursat_b1_2014279N11096_20141011T000000Z,data/raw/hursat/2014279N11096/2014279N11096.HUD_HUD.2014.10.11.0000.29.FY2-E.079.hursat-b1.v06.nc,2014-10-11T00:00:00Z,0.0,NOMINAL,False,,,,,NOT_AVAILABLE,False,,,,,NOT_AVAILABLE,1,UNIMODAL_IR,
2014279N11096,HUDHUD,2014-10-11T03:00:00Z,16.0,85.4,80.0,968.0,TS,TRAIN,True,hursat_b1_2014279N11096_20141011T030000Z,data/raw/hursat/2014279N11096/2014279N11096.HUD_HUD.2014.10.11.0300.29.FY2-E.085.hursat-b1.v06.nc,2014-10-11T03:00:00Z,0.0,NOMINAL,False,,,,,NOT_AVAILABLE,False,,,,,NOT_AVAILABLE,1,UNIMODAL_IR,
2014279N11096,HUDHUD,2014-10-11T06:00:00Z,16.1,85.1,90.0,966.0,TS,TRAIN,True,hursat_b1_2014279N11096_20141011T060000Z,data/raw/hursat/2014279N11096/2014279N11096.HUD_HUD.2014.10.11.0600.29.FY2-E.091.hursat-b1.v06.nc,2014-10-11T06:00:00Z,0.0,NOMINAL,False,,,,,NOT_AVAILABLE,False,,,,,NOT_AVAILABLE,1,UNIMODAL_IR,
2014279N11096,HUDHUD,2014-10-11T09:00:00Z,16.1,85.0,90.0,964.0,TS,TRAIN,True,hursat_b1_2014279N11096_20141011T090000Z,data/raw/hursat/2014279N11096/2014279N11096.HUD_HUD.2014.10.11.0900.29.FY2-E.095.hursat-b1.v06.nc,2014-10-11T09:00:00Z,0.0,NOMINAL,False,,,,,NOT_AVAILABLE,False,,,,,NOT_AVAILABLE,1,UNIMODAL_IR,
2014279N11096,HUDHUD,2014-10-11T12:00:00Z,16.2,84.9,95.0,962.0,TS,TRAIN,True,hursat_b1_2014279N11096_20141011T120000Z,data/raw/hursat/2014279N11096/2014279N11096.HUD_HUD.2014.10.11.1200.29.FY2-E.098.hursat-b1.v06.nc,2014-10-11T12:00:00Z,0.0,NOMINAL,False,,,,,NOT_AVAILABLE,False,,,,,NOT_AVAILABLE,1,UNIMODAL_IR,
2014279N11096,HUDHUD,2014-10-11T15:00:00Z,16.3,84.8,95.0,960.0,TS,TRAIN,True,hursat_b1_2014279N11096_20141011T150000Z,data/raw/hursat/2014279N11096/2014279N11096.HUD_HUD.2014.10.11.1500.30.FY2-E.099.hursat-b1.v06.nc,2014-10-11T15:00:00Z,0.0,NOMINAL,False,,,,,NOT_AVAILABLE,False,,,,,NOT_AVAILABLE,1,UNIMODAL_IR,
2014279N11096,HUDHUD,2014-10-11T18:00:00Z,16.6,84.6,100.0,954.0,TS,TRAIN,True,hursat_b1_2014279N11096_20141011T173100Z,data/raw/hursat/2014279N11096/2014279N11096.HUD_HUD.2014.10.11.1800.70.MTS-2.101.hursat-b1.v06.nc,2014-10-11T17:31:00Z,-29.0,NOMINAL,False,,,,,NOT_AVAILABLE,False,,,,,NOT_AVAILABLE,1,UNIMODAL_IR,
2014279N11096,HUDHUD,2014-10-11T21:00:00Z,16.8,84.4,100.0,952.0,TS,TRAIN,True,hursat_b1_2014279N11096_20141011T210000Z,data/raw/hursat/2014279N11096/2014279N11096.HUD_HUD.2014.10.11.2100.30.FY2-E.101.hursat-b1.v06.nc,2014-10-11T21:00:00Z,0.0,NOMINAL,False,,,,,NOT_AVAILABLE,False,,,,,NOT_AVAILABLE,1,UNIMODAL_IR,
2014279N11096,HUDHUD,2014-10-12T00:00:00Z,17.2,84.1,100.0,950.0,TS,TRAIN,True,hursat_b1_2014279N11096_20141012T000000Z,data/raw/hursat/2014279N11096/2014279N11096.HUD_HUD.2014.10.12.0000.31.FY2-E.101.hursat-b1.v06.nc,2014-10-12T00:00:00Z,0.0,NOMINAL,False,,,,,NOT_AVAILABLE,False,,,,,NOT_AVAILABLE,1,UNIMODAL_IR,
2014279N11096,HUDHUD,2014-10-12T03:00:00Z,17.4,83.8,100.0,950.0,TS,TRAIN,True,hursat_b1_2014279N11096_20141012T030000Z,data/raw/hursat/2014279N11096/2014279N11096.HUD_HUD.2014.10.12.0300.31.FY2-E.101.hursat-b1.v06.nc,2014-10-12T03:00:00Z,0.0,NOMINAL,False,,,,,NOT_AVAILABLE,False,,,,,NOT_AVAILABLE,1,UNIMODAL_IR,
2014279N11096,HUDHUD,2014-10-12T06:00:00Z,17.6,83.4,100.0,950.0,TS,TRAIN,True,hursat_b1_2014279N11096_20141012T060000Z,data/raw/hursat/2014279N11096/2014279N11096.HUD_HUD.2014.10.12.0600.32.FY2-E.101.hursat-b1.v06.nc,2014-10-12T06:00:00Z,0.0,NOMINAL,False,,,,,NOT_AVAILABLE,False,,,,,NOT_AVAILABLE,1,UNIMODAL_IR,
2014279N11096,HUDHUD,2014-10-12T09:00:00Z,17.8,83.1,90.0,960.0,TS,TRAIN,True,hursat_b1_2014279N11096_20141012T090000Z,data/raw/hursat/2014279N11096/2014279N11096.HUD_HUD.2014.10.12.0900.32.FY2-E.088.hursat-b1.v06.nc,2014-10-12T09:00:00Z,0.0,NOMINAL,False,,,,,NOT_AVAILABLE,False,,,,,NOT_AVAILABLE,1,UNIMODAL_IR,
2014279N11096,HUDHUD,2014-10-12T12:00:00Z,18.0,82.8,60.0,982.0,TS,TRAIN,True,hursat_b1_2014279N11096_20141012T120000Z,data/raw/hursat/2014279N11096/2014279N11096.HUD_HUD.2014.10.12.1200.33.FY2-E.076.hursat-b1.v06.nc,2014-10-12T12:00:00Z,0.0,NOMINAL,False,,,,,NOT_AVAILABLE,False,,,,,NOT_AVAILABLE,1,UNIMODAL_IR,
2014279N11096,HUDHUD,2014-10-12T15:00:00Z,18.3,82.5,45.0,986.0,TS,TRAIN,True,hursat_b1_2014279N11096_20141012T150000Z,data/raw/hursat/2014279N11096/2014279N11096.HUD_HUD.2014.10.12.1500.33.FY2-E.066.hursat-b1.v06.nc,2014-10-12T15:00:00Z,0.0,NOMINAL,False,,,,,NOT_AVAILABLE,False,,,,,NOT_AVAILABLE,1,UNIMODAL_IR,
2014279N11096,HUDHUD,2014-10-12T18:00:00Z,18.8,82.3,40.0,987.0,TS,TRAIN,True,hursat_b1_2014279N11096_20141012T173100Z,data/raw/hursat/2014279N11096/2014279N11096.HUD_HUD.2014.10.12.1800.73.MTS-2.055.hursat-b1.v06.nc,2014-10-12T17:31:00Z,-29.0,NOMINAL,False,,,,,NOT_AVAILABLE,False,,,,,NOT_AVAILABLE,1,UNIMODAL_IR,
2014279N11096,HUDHUD,2014-10-12T21:00:00Z,19.0,82.1,40.0,988.0,TS,TRAIN,True,hursat_b1_2014279N11096_20141012T210000Z,data/raw/hursat/2014279N11096/2014279N11096.HUD_HUD.2014.10.12.2100.34.FY2-E.047.hursat-b1.v06.nc,2014-10-12T21:00:00Z,0.0,NOMINAL,False,,,,,NOT_AVAILABLE,False,,,,,NOT_AVAILABLE,1,UNIMODAL_IR,
2014279N11096,HUDHUD,2014-10-13T00:00:00Z,19.7,81.6,30.0,994.0,TS,TRAIN,True,hursat_b1_2014279N11096_20141013T000000Z,data/raw/hursat/2014279N11096/2014279N11096.HUD_HUD.2014.10.13.0000.35.FY2-E.039.hursat-b1.v06.nc,2014-10-13T00:00:00Z,0.0,NOMINAL,False,,,,,NOT_AVAILABLE,False,,,,,NOT_AVAILABLE,1,UNIMODAL_IR,
2014279N11096,HUDHUD,2014-10-13T03:00:00Z,20.5,81.5,30.0,996.0,TS,TRAIN,True,hursat_b1_2014279N11096_20141013T030000Z,data/raw/hursat/2014279N11096/2014279N11096.HUD_HUD.2014.10.13.0300.35.FY2-E.036.hursat-b1.v06.nc,2014-10-13T03:00:00Z,0.0,NOMINAL,False,,,,,NOT_AVAILABLE,False,,,,,NOT_AVAILABLE,1,UNIMODAL_IR,
2014279N11096,HUDHUD,2014-10-13T06:00:00Z,20.8,81.4,30.0,998.0,TS,TRAIN,True,hursat_b1_2014279N11096_20141013T060000Z,data/raw/hursat/2014279N11096/2014279N11096.HUD_HUD.2014.10.13.0600.36.FY2-E.033.hursat-b1.v06.nc,2014-10-13T06:00:00Z,0.0,NOMINAL,False,,,,,NOT_AVAILABLE,False,,,,,NOT_AVAILABLE,1,UNIMODAL_IR,
2014279N11096,HUDHUD,2014-10-13T09:00:00Z,21.1,81.4,35.0,997.0,TS,TRAIN,True,hursat_b1_2014279N11096_20141013T090000Z,data/raw/hursat/2014279N11096/2014279N11096.HUD_HUD.2014.10.13.0900.36.FY2-E.029.hursat-b1.v06.nc,2014-10-13T09:00:00Z,0.0,NOMINAL,False,,,,,NOT_AVAILABLE,False,,,,,NOT_AVAILABLE,1,UNIMODAL_IR,
2014279N11096,HUDHUD,2014-10-13T12:00:00Z,21.4,81.4,25.0,998.0,TS,TRAIN,True,hursat_b1_2014279N11096_20141013T120000Z,data/raw/hursat/2014279N11096/2014279N11096.HUD_HUD.2014.10.13.1200.36.FY2-E.026.hursat-b1.v06.nc,2014-10-13T12:00:00Z,0.0,NOMINAL,False,,,,,NOT_AVAILABLE,False,,,,,NOT_AVAILABLE,1,UNIMODAL_IR,
2014279N11096,HUDHUD,2014-10-13T15:00:00Z,21.7,81.5,,,TS,TRAIN,True,hursat_b1_2014279N11096_20141013T150000Z,data/raw/hursat/2014279N11096/2014279N11096.HUD_HUD.2014.10.13.1500.36.FY2-E.025.hursat-b1.v06.nc,2014-10-13T15:00:00Z,0.0,NOMINAL,False,,,,,NOT_AVAILABLE,False,,,,,NOT_AVAILABLE,1,UNIMODAL_IR,
2014279N11096,HUDHUD,2014-10-13T18:00:00Z,22.3,81.5,25.0,1000.0,TS,TRAIN,True,hursat_b1_2014279N11096_20141013T173100Z,data/raw/hursat/2014279N11096/2014279N11096.HUD_HUD.2014.10.13.1800.75.MTS-2.025.hursat-b1.v06.nc,2014-10-13T17:31:00Z,-29.0,NOMINAL,False,,,,,NOT_AVAILABLE,False,,,,,NOT_AVAILABLE,1,UNIMODAL_IR,
2014279N11096,HUDHUD,2014-10-13T21:00:00Z,23.6,81.5,,,TS,TRAIN,True,hursat_b1_2014279N11096_20141013T210000Z,data/raw/hursat/2014279N11096/2014279N11096.HUD_HUD.2014.10.13.2100.38.FY2-E.025.hursat-b1.v06.nc,2014-10-13T21:00:00Z,0.0,NOMINAL,False,,,,,NOT_AVAILABLE,False,,,,,NOT_AVAILABLE,1,UNIMODAL_IR,
2014279N11096,HUDHUD,2014-10-14T00:00:00Z,24.8,81.5,25.0,1000.0,TS,TRAIN,True,hursat_b1_2014279N11096_20141014T000000Z,data/raw/hursat/2014279N11096/2014279N11096.HUD_HUD.2014.10.14.0000.39.FY2-E.025.hursat-b1.v06.nc,2014-10-14T00:00:00Z,0.0,NOMINAL,False,,,,,NOT_AVAILABLE,False,,,,,NOT_AVAILABLE,1,UNIMODAL_IR,
2014279N11096,HUDHUD,2014-10-14T03:00:00Z,25.1,81.6,20.0,1000.0,TS,TRAIN,True,hursat_b1_2014279N11096_20141014T030000Z,data/raw/hursat/2014279N11096/2014279N11096.HUD_HUD.2014.10.14.0300.39.FY2-E.023.hursat-b1.v06.nc,2014-10-14T03:00:00Z,0.0,NOMINAL,False,,,,,NOT_AVAILABLE,False,,,,,NOT_AVAILABLE,1,UNIMODAL_IR,
2014279N11096,HUDHUD,2014-10-14T06:00:00Z,25.6,81.7,20.0,1000.0,TS,TRAIN,True,hursat_b1_2014279N11096_20141014T060000Z,data/raw/hursat/2014279N11096/2014279N11096.HUD_HUD.2014.10.14.0600.39.FY2-E.020.hursat-b1.v06.nc,2014-10-14T06:00:00Z,0.0,NOMINAL,False,,,,,NOT_AVAILABLE,False,,,,,NOT_AVAILABLE,1,UNIMODAL_IR,
2014279N11096,HUDHUD,2014-10-14T09:00:00Z,26.3,81.8,20.0,1000.0,TS,TRAIN,True,hursat_b1_2014279N11096_20141014T090000Z,data/raw/hursat/2014279N11096/2014279N11096.HUD_HUD.2014.10.14.0900.40.FY2-E.020.hursat-b1.v06.nc,2014-10-14T09:00:00Z,0.0,NOMINAL,False,,,,,NOT_AVAILABLE,False,,,,,NOT_AVAILABLE,1,UNIMODAL_IR,
2014297N11062,NILOFAR,2014-10-23T12:00:00Z,10.8,62.1,15.0,1010.0,DS,TRAIN,True,hursat_b1_2014297N11062_20141023T120000Z,data/raw/hursat/2014297N11062/2014297N11062.NILOFAR.2014.10.23.1200.50.FY2-E.013.hursat-b1.v06.nc,2014-10-23T12:00:00Z,0.0,NOMINAL,False,,,,,NOT_AVAILABLE,False,,,,,NOT_AVAILABLE,1,UNIMODAL_IR,
2014297N11062,NILOFAR,2014-10-23T15:00:00Z,11.0,61.9,15.0,1010.0,DS,TRAIN,True,hursat_b1_2014297N11062_20141023T150000Z,data/raw/hursat/2014297N11062/2014297N11062.NILOFAR.2014.10.23.1500.50.FY2-E.013.hursat-b1.v06.nc,2014-10-23T15:00:00Z,0.0,NOMINAL,False,,,,,NOT_AVAILABLE,False,,,,,NOT_AVAILABLE,1,UNIMODAL_IR,
2014297N11062,NILOFAR,2014-10-23T18:00:00Z,11.1,61.8,15.0,1010.0,DS,TRAIN,True,hursat_b1_2014297N11062_20141023T180000Z,data/raw/hursat/2014297N11062/2014297N11062.NILOFAR.2014.10.23.1800.51.FY2-E.013.hursat-b1.v06.nc,2014-10-23T18:00:00Z,0.0,NOMINAL,False,,,,,NOT_AVAILABLE,False,,,,,NOT_AVAILABLE,1,UNIMODAL_IR,
2014297N11062,NILOFAR,2014-10-23T21:00:00Z,11.2,61.7,18.0,1009.0,DS,TRAIN,True,hursat_b1_2014297N11062_20141023T210000Z,data/raw/hursat/2014297N11062/2014297N11062.NILOFAR.2014.10.23.2100.51.FY2-E.015.hursat-b1.v06.nc,2014-10-23T21:00:00Z,0.0,NOMINAL,False,,,,,NOT_AVAILABLE,False,,,,,NOT_AVAILABLE,1,UNIMODAL_IR,
2014297N11062,NILOFAR,2014-10-24T00:00:00Z,11.3,61.6,20.0,1007.0,DS,TRAIN,True,hursat_b1_2014297N11062_20141024T000000Z,data/raw/hursat/2014297N11062/2014297N11062.NILOFAR.2014.10.24.0000.51.FY2-E.018.hursat-b1.v06.nc,2014-10-24T00:00:00Z,0.0,NOMINAL,False,,,,,NOT_AVAILABLE,False,,,,,NOT_AVAILABLE,1,UNIMODAL_IR,
2014297N11062,NILOFAR,2014-10-24T03:00:00Z,11.4,61.5,20.0,1007.0,DS,TRAIN,True,hursat_b1_2014297N11062_20141024T030000Z,data/raw/hursat/2014297N11062/2014297N11062.NILOFAR.2014.10.24.0300.51.FY2-E.018.hursat-b1.v06.nc,2014-10-24T03:00:00Z,0.0,NOMINAL,False,,,,,NOT_AVAILABLE,False,,,,,NOT_AVAILABLE,1,UNIMODAL_IR,
2014297N11062,NILOFAR,2014-10-24T06:00:00Z,11.6,61.5,20.0,1007.0,DS,TRAIN,True,hursat_b1_2014297N11062_20141024T060000Z,data/raw/hursat/2014297N11062/2014297N11062.NILOFAR.2014.10.24.0600.51.FY2-E.018.hursat-b1.v06.nc,2014-10-24T06:00:00Z,0.0,NOMINAL,False,,,,,NOT_AVAILABLE,False,,,,,NOT_AVAILABLE,1,UNIMODAL_IR,
2014297N11062,NILOFAR,2014-10-24T09:00:00Z,11.7,61.6,20.0,1007.0,DS,TRAIN,True,hursat_b1_2014297N11062_20141024T090000Z,data/raw/hursat/2014297N11062/2014297N11062.NILOFAR.2014.10.24.0900.51.FY2-E.018.hursat-b1.v06.nc,2014-10-24T09:00:00Z,0.0,NOMINAL,False,,,,,NOT_AVAILABLE,False,,,,,NOT_AVAILABLE,1,UNIMODAL_IR,
2014297N11062,NILOFAR,2014-10-24T12:00:00Z,11.8,61.7,20.0,1007.0,DS,TRAIN,True,hursat_b1_2014297N11062_20141024T120000Z,data/raw/hursat/2014297N11062/2014297N11062.NILOFAR.2014.10.24.1200.51.FY2-E.018.hursat-b1.v06.nc,2014-10-24T12:00:00Z,0.0,NOMINAL,False,,,,,NOT_AVAILABLE,False,,,,,NOT_AVAILABLE,1,UNIMODAL_IR,
2014297N11062,NILOFAR,2014-10-24T15:00:00Z,11.9,61.8,23.0,1006.0,DS,TRAIN,True,hursat_b1_2014297N11062_20141024T150000Z,data/raw/hursat/2014297N11062/2014297N11062.NILOFAR.2014.10.24.1500.51.FY2-E.020.hursat-b1.v06.nc,2014-10-24T15:00:00Z,0.0,NOMINAL,False,,,,,NOT_AVAILABLE,False,,,,,NOT_AVAILABLE,1,UNIMODAL_IR,
2014297N11062,NILOFAR,2014-10-24T18:00:00Z,12.0,62.0,25.0,1004.0,TS,TRAIN,True,hursat_b1_2014297N11062_20141024T180000Z,data/raw/hursat/2014297N11062/2014297N11062.NILOFAR.2014.10.24.1800.51.FY2-E.022.hursat-b1.v06.nc,2014-10-24T18:00:00Z,0.0,NOMINAL,False,,,,,NOT_AVAILABLE,False,,,,,NOT_AVAILABLE,1,UNIMODAL_IR,
2014297N11062,NILOFAR,2014-10-24T21:00:00Z,12.1,62.2,28.0,1002.0,TS,TRAIN,True,hursat_b1_2014297N11062_20141024T210000Z,data/raw/hursat/2014297N11062/2014297N11062.NILOFAR.2014.10.24.2100.51.FY2-E.024.hursat-b1.v06.nc,2014-10-24T21:00:00Z,0.0,NOMINAL,False,,,,,NOT_AVAILABLE,False,,,,,NOT_AVAILABLE,1,UNIMODAL_IR,
2014297N11062,NILOFAR,2014-10-25T00:00:00Z,12.3,62.1,25.0,1004.0,TS,TRAIN,True,hursat_b1_2014297N11062_20141025T000000Z,data/raw/hursat/2014297N11062/2014297N11062.NILOFAR.2014.10.25.0000.51.FY2-E.026.hursat-b1.v06.nc,2014-10-25T00:00:00Z,0.0,NOMINAL,False,,,,,NOT_AVAILABLE,False,,,,,NOT_AVAILABLE,1,UNIMODAL_IR,
2014297N11062,NILOFAR,2014-10-25T03:00:00Z,12.6,62.1,25.0,1004.0,TS,TRAIN,True,hursat_b1_2014297N11062_20141025T030000Z,data/raw/hursat/2014297N11062/2014297N11062.NILOFAR.2014.10.25.0300.51.FY2-E.026.hursat-b1.v06.nc,2014-10-25T03:00:00Z,0.0,NOMINAL,False,,,,,NOT_AVAILABLE,False,,,,,NOT_AVAILABLE,1,UNIMODAL_IR,
2014297N11062,NILOFAR,2014-10-25T06:00:00Z,12.7,62.0,25.0,1004.0,TS,TRAIN,True,hursat_b1_2014297N11062_20141025T060000Z,data/raw/hursat/2014297N11062/2014297N11062.NILOFAR.2014.10.25.0600.51.FY2-E.026.hursat-b1.v06.nc,2014-10-25T06:00:00Z,0.0,NOMINAL,False,,,,,NOT_AVAILABLE,False,,,,,NOT_AVAILABLE,1,UNIMODAL_IR,
2014297N11062,NILOFAR,2014-10-25T09:00:00Z,13.0,61.9,33.0,998.0,TS,TRAIN,True,hursat_b1_2014297N11062_20141025T090000Z,data/raw/hursat/2014297N11062/2014297N11062.NILOFAR.2014.10.25.0900.51.FY2-E.027.hursat-b1.v06.nc,2014-10-25T09:00:00Z,0.0,NOMINAL,False,,,,,NOT_AVAILABLE,False,,,,,NOT_AVAILABLE,1,UNIMODAL_IR,
2014297N11062,NILOFAR,2014-10-25T12:00:00Z,13.3,61.9,25.0,1003.0,TS,TRAIN,True,hursat_b1_2014297N11062_20141025T120000Z,data/raw/hursat/2014297N11062/2014297N11062.NILOFAR.2014.10.25.1200.51.FY2-E.028.hursat-b1.v06.nc,2014-10-25T12:00:00Z,0.0,NOMINAL,False,,,,,NOT_AVAILABLE,False,,,,,NOT_AVAILABLE,1,UNIMODAL_IR,
2014297N11062,NILOFAR,2014-10-25T15:00:00Z,13.3,61.9,35.0,996.0,TS,TRAIN,True,hursat_b1_2014297N11062_20141025T150000Z,data/raw/hursat/2014297N11062/2014297N11062.NILOFAR.2014.10.25.1500.51.FY2-E.028.hursat-b1.v06.nc,2014-10-25T15:00:00Z,0.0,NOMINAL,False,,,,,NOT_AVAILABLE,False,,,,,NOT_AVAILABLE,1,UNIMODAL_IR,
2014297N11062,NILOFAR,2014-10-25T18:00:00Z,13.5,62.0,25.0,1003.0,TS,TRAIN,True,hursat_b1_2014297N11062_20141025T180000Z,data/raw/hursat/2014297N11062/2014297N11062.NILOFAR.2014.10.25.1800.51.FY2-E.028.hursat-b1.v06.nc,2014-10-25T18:00:00Z,0.0,NOMINAL,False,,,,,NOT_AVAILABLE,False,,,,,NOT_AVAILABLE,1,UNIMODAL_IR,
2014297N11062,NILOFAR,2014-10-25T21:00:00Z,13.8,62.3,38.0,995.0,TS,TRAIN,True,hursat_b1_2014297N11062_20141025T210000Z,data/raw/hursat/2014297N11062/2014297N11062.NILOFAR.2014.10.25.2100.51.FY2-E.029.hursat-b1.v06.nc,2014-10-25T21:00:00Z,0.0,NOMINAL,False,,,,,NOT_AVAILABLE,False,,,,,NOT_AVAILABLE,1,UNIMODAL_IR,
2014297N11062,NILOFAR,2014-10-26T00:00:00Z,14.1,62.5,25.0,1002.0,TS,TRAIN,True,hursat_b1_2014297N11062_20141026T000000Z,data/raw/hursat/2014297N11062/2014297N11062.NILOFAR.2014.10.26.0000.51.FY2-E.030.hursat-b1.v06.nc,2014-10-26T00:00:00Z,0.0,NOMINAL,False,,,,,NOT_AVAILABLE,False,,,,,NOT_AVAILABLE,1,UNIMODAL_IR,
2014297N11062,NILOFAR,2014-10-26T03:00:00Z,14.1,62.5,30.0,999.0,TS,TRAIN,True,hursat_b1_2014297N11062_20141026T030000Z,data/raw/hursat/2014297N11062/2014297N11062.NILOFAR.2014.10.26.0300.51.FY2-E.034.hursat-b1.v06.nc,2014-10-26T03:00:00Z,0.0,NOMINAL,False,,,,,NOT_AVAILABLE,False,,,,,NOT_AVAILABLE,1,UNIMODAL_IR,
2014297N11062,NILOFAR,2014-10-26T06:00:00Z,14.2,62.5,35.0,998.0,TS,TRAIN,True,hursat_b1_2014297N11062_20141026T060000Z,data/raw/hursat/2014297N11062/2014297N11062.NILOFAR.2014.10.26.0600.51.FY2-E.037.hursat-b1.v06.nc,2014-10-26T06:00:00Z,0.0,NOMINAL,False,,,,,NOT_AVAILABLE,False,,,,,NOT_AVAILABLE,1,UNIMODAL_IR,
2014297N11062,NILOFAR,2014-10-26T09:00:00Z,14.2,62.5,35.0,996.0,TS,TRAIN,True,hursat_b1_2014297N11062_20141026T090000Z,data/raw/hursat/2014297N11062/2014297N11062.NILOFAR.2014.10.26.0900.51.FY2-E.041.hursat-b1.v06.nc,2014-10-26T09:00:00Z,0.0,NOMINAL,False,,,,,NOT_AVAILABLE,False,,,,,NOT_AVAILABLE,1,UNIMODAL_IR,
2014297N11062,NILOFAR,2014-10-26T12:00:00Z,14.3,62.5,40.0,994.0,TS,TRAIN,True,hursat_b1_2014297N11062_20141026T120000Z,data/raw/hursat/2014297N11062/2014297N11062.NILOFAR.2014.10.26.1200.51.FY2-E.044.hursat-b1.v06.nc,2014-10-26T12:00:00Z,0.0,NOMINAL,False,,,,,NOT_AVAILABLE,False,,,,,NOT_AVAILABLE,1,UNIMODAL_IR,
2014297N11062,NILOFAR,2014-10-26T15:00:00Z,14.3,62.5,40.0,994.0,TS,TRAIN,True,hursat_b1_2014297N11062_20141026T150000Z,data/raw/hursat/2014297N11062/2014297N11062.NILOFAR.2014.10.26.1500.51.FY2-E.045.hursat-b1.v06.nc,2014-10-26T15:00:00Z,0.0,NOMINAL,False,,,,,NOT_AVAILABLE,False,,,,,NOT_AVAILABLE,1,UNIMODAL_IR,
2014297N11062,NILOFAR,2014-10-26T18:00:00Z,14.5,62.5,45.0,994.0,TS,TRAIN,True,hursat_b1_2014297N11062_20141026T180000Z,data/raw/hursat/2014297N11062/2014297N11062.NILOFAR.2014.10.26.1800.51.FY2-E.047.hursat-b1.v06.nc,2014-10-26T18:00:00Z,0.0,NOMINAL,False,,,,,NOT_AVAILABLE,False,,,,,NOT_AVAILABLE,1,UNIMODAL_IR,
2014297N11062,NILOFAR,2014-10-26T21:00:00Z,14.6,62.4,50.0,994.0,TS,TRAIN,True,hursat_b1_2014297N11062_20141026T210000Z,data/raw/hursat/2014297N11062/2014297N11062.NILOFAR.2014.10.26.2100.51.FY2-E.051.hursat-b1.v06.nc,2014-10-26T21:00:00Z,0.0,NOMINAL,False,,,,,NOT_AVAILABLE,False,,,,,NOT_AVAILABLE,1,UNIMODAL_IR,
2014297N11062,NILOFAR,2014-10-27T00:00:00Z,14.8,62.4,55.0,990.0,TS,TRAIN,True,hursat_b1_2014297N11062_20141027T000000Z,data/raw/hursat/2014297N11062/2014297N11062.NILOFAR.2014.10.27.0000.51.FY2-E.056.hursat-b1.v06.nc,2014-10-27T00:00:00Z,0.0,NOMINAL,False,,,,,NOT_AVAILABLE,False,,,,,NOT_AVAILABLE,1,UNIMODAL_IR,
2014297N11062,NILOFAR,2014-10-27T03:00:00Z,14.8,62.3,60.0,990.0,TS,TRAIN,True,hursat_b1_2014297N11062_20141027T030000Z,data/raw/hursat/2014297N11062/2014297N11062.NILOFAR.2014.10.27.0300.51.FY2-E.060.hursat-b1.v06.nc,2014-10-27T03:00:00Z,0.0,NOMINAL,False,,,,,NOT_AVAILABLE,False,,,,,NOT_AVAILABLE,1,UNIMODAL_IR,
2014297N11062,NILOFAR,2014-10-27T06:00:00Z,14.9,62.3,65.0,986.0,TS,TRAIN,True,hursat_b1_2014297N11062_20141027T060000Z,data/raw/hursat/2014297N11062/2014297N11062.NILOFAR.2014.10.27.0600.51.FY2-E.063.hursat-b1.v06.nc,2014-10-27T06:00:00Z,0.0,NOMINAL,False,,,,,NOT_AVAILABLE,False,,,,,NOT_AVAILABLE,1,UNIMODAL_IR,
2014297N11062,NILOFAR,2014-10-27T09:00:00Z,14.9,62.2,65.0,984.0,TS,TRAIN,True,hursat_b1_2014297N11062_20141027T090000Z,data/raw/hursat/2014297N11062/2014297N11062.NILOFAR.2014.10.27.0900.51.FY2-E.067.hursat-b1.v06.nc,2014-10-27T09:00:00Z,0.0,NOMINAL,False,,,,,NOT_AVAILABLE,False,,,,,NOT_AVAILABLE,1,UNIMODAL_IR,
2014297N11062,NILOFAR,2014-10-27T12:00:00Z,15.0,62.2,70.0,982.0,TS,TRAIN,True,hursat_b1_2014297N11062_20141027T120000Z,data/raw/hursat/2014297N11062/2014297N11062.NILOFAR.2014.10.27.1200.51.FY2-E.070.hursat-b1.v06.nc,2014-10-27T12:00:00Z,0.0,NOMINAL,False,,,,,NOT_AVAILABLE,False,,,,,NOT_AVAILABLE,1,UNIMODAL_IR,
2014297N11062,NILOFAR,2014-10-27T15:00:00Z,15.1,62.1,70.0,981.0,TS,TRAIN,True,hursat_b1_2014297N11062_20141027T150000Z,data/raw/hursat/2014297N11062/2014297N11062.NILOFAR.2014.10.27.1500.52.FY2-E.072.hursat-b1.v06.nc,2014-10-27T15:00:00Z,0.0,NOMINAL,False,,,,,NOT_AVAILABLE,False,,,,,NOT_AVAILABLE,1,UNIMODAL_IR,
2014297N11062,NILOFAR,2014-10-27T18:00:00Z,15.2,62.1,70.0,980.0,TS,TRAIN,True,hursat_b1_2014297N11062_20141027T180000Z,data/raw/hursat/2014297N11062/2014297N11062.NILOFAR.2014.10.27.1800.52.FY2-E.075.hursat-b1.v06.nc,2014-10-27T18:00:00Z,0.0,NOMINAL,False,,,,,NOT_AVAILABLE,False,,,,,NOT_AVAILABLE,1,UNIMODAL_IR,
2014297N11062,NILOFAR,2014-10-27T21:00:00Z,15.4,61.8,75.0,979.0,TS,TRAIN,True,hursat_b1_2014297N11062_20141027T210000Z,data/raw/hursat/2014297N11062/2014297N11062.NILOFAR.2014.10.27.2100.52.FY2-E.077.hursat-b1.v06.nc,2014-10-27T21:00:00Z,0.0,NOMINAL,False,,,,,NOT_AVAILABLE,False,,,,,NOT_AVAILABLE,1,UNIMODAL_IR,
2014297N11062,NILOFAR,2014-10-28T00:00:00Z,15.6,61.8,75.0,978.0,TS,TRAIN,True,hursat_b1_2014297N11062_20141028T000000Z,data/raw/hursat/2014297N11062/2014297N11062.NILOFAR.2014.10.28.0000.52.FY2-E.079.hursat-b1.v06.nc,2014-10-28T00:00:00Z,0.0,NOMINAL,False,,,,,NOT_AVAILABLE,False,,,,,NOT_AVAILABLE,1,UNIMODAL_IR,
2014297N11062,NILOFAR,2014-10-28T03:00:00Z,15.8,61.7,75.0,977.0,TS,TRAIN,True,hursat_b1_2014297N11062_20141028T030000Z,data/raw/hursat/2014297N11062/2014297N11062.NILOFAR.2014.10.28.0300.52.FY2-E.082.hursat-b1.v06.nc,2014-10-28T03:00:00Z,0.0,NOMINAL,False,,,,,NOT_AVAILABLE,False,,,,,NOT_AVAILABLE,1,UNIMODAL_IR,
2014297N11062,NILOFAR,2014-10-28T06:00:00Z,16.0,61.7,80.0,974.0,TS,TRAIN,True,hursat_b1_2014297N11062_20141028T060000Z,data/raw/hursat/2014297N11062/2014297N11062.NILOFAR.2014.10.28.0600.52.FY2-E.084.hursat-b1.v06.nc,2014-10-28T06:00:00Z,0.0,NOMINAL,False,,,,,NOT_AVAILABLE,False,,,,,NOT_AVAILABLE,1,UNIMODAL_IR,
2014297N11062,NILOFAR,2014-10-28T09:00:00Z,16.3,61.7,90.0,966.0,TS,TRAIN,True,hursat_b1_2014297N11062_20141028T090000Z,data/raw/hursat/2014297N11062/2014297N11062.NILOFAR.2014.10.28.0900.52.FY2-E.092.hursat-b1.v06.nc,2014-10-28T09:00:00Z,0.0,NOMINAL,False,,,,,NOT_AVAILABLE,False,,,,,NOT_AVAILABLE,1,UNIMODAL_IR,
2014297N11062,NILOFAR,2014-10-28T12:00:00Z,16.8,61.8,100.0,954.0,TS,TRAIN,True,hursat_b1_2014297N11062_20141028T120000Z,data/raw/hursat/2014297N11062/2014297N11062.NILOFAR.2014.10.28.1200.52.FY2-E.101.hursat-b1.v06.nc,2014-10-28T12:00:00Z,0.0,NOMINAL,False,,,,,NOT_AVAILABLE,False,,,,,NOT_AVAILABLE,1,UNIMODAL_IR,
2014297N11062,NILOFAR,2014-10-28T15:00:00Z,17.2,61.8,105.0,952.0,TS,TRAIN,True,hursat_b1_2014297N11062_20141028T150000Z,data/raw/hursat/2014297N11062/2014297N11062.NILOFAR.2014.10.28.1500.53.FY2-E.103.hursat-b1.v06.nc,2014-10-28T15:00:00Z,0.0,NOMINAL,False,,,,,NOT_AVAILABLE,False,,,,,NOT_AVAILABLE,1,UNIMODAL_IR,
2014297N11062,NILOFAR,2014-10-28T18:00:00Z,17.7,61.7,110.0,950.0,TS,TRAIN,True,hursat_b1_2014297N11062_20141028T180000Z,data/raw/hursat/2014297N11062/2014297N11062.NILOFAR.2014.10.28.1800.53.FY2-E.106.hursat-b1.v06.nc,2014-10-28T18:00:00Z,0.0,NOMINAL,False,,,,,NOT_AVAILABLE,False,,,,,NOT_AVAILABLE,1,UNIMODAL_IR,
2014297N11062,NILOFAR,2014-10-28T21:00:00Z,17.9,61.7,110.0,950.0,TS,TRAIN,True,hursat_b1_2014297N11062_20141028T210000Z,data/raw/hursat/2014297N11062/2014297N11062.NILOFAR.2014.10.28.2100.53.FY2-E.102.hursat-b1.v06.nc,2014-10-28T21:00:00Z,0.0,NOMINAL,False,,,,,NOT_AVAILABLE,False,,,,,NOT_AVAILABLE,1,UNIMODAL_IR,
2014297N11062,NILOFAR,2014-10-29T00:00:00Z,18.1,61.8,105.0,954.0,TS,TRAIN,True,hursat_b1_2014297N11062_20141029T001200Z,data/raw/hursat/2014297N11062/2014297N11062.NILOFAR.2014.10.29.0000.72.MSG-3.099.hursat-b1.v06.nc,2014-10-29T00:12:00Z,12.0,NOMINAL,False,,,,,NOT_AVAILABLE,False,,,,,NOT_AVAILABLE,1,UNIMODAL_IR,
2014297N11062,NILOFAR,2014-10-29T03:00:00Z,18.5,61.8,100.0,958.0,TS,TRAIN,True,hursat_b1_2014297N11062_20141029T031200Z,data/raw/hursat/2014297N11062/2014297N11062.NILOFAR.2014.10.29.0300.72.MSG-3.094.hursat-b1.v06.nc,2014-10-29T03:12:00Z,12.0,NOMINAL,False,,,,,NOT_AVAILABLE,False,,,,,NOT_AVAILABLE,1,UNIMODAL_IR,
2014297N11062,NILOFAR,2014-10-29T06:00:00Z,18.7,61.9,95.0,962.0,TS,TRAIN,True,hursat_b1_2014297N11062_20141029T061200Z,data/raw/hursat/2014297N11062/2014297N11062.NILOFAR.2014.10.29.0600.72.MSG-3.089.hursat-b1.v06.nc,2014-10-29T06:12:00Z,12.0,NOMINAL,False,,,,,NOT_AVAILABLE,False,,,,,NOT_AVAILABLE,1,UNIMODAL_IR,
2014297N11062,NILOFAR,2014-10-29T09:00:00Z,18.8,62.0,90.0,968.0,TS,TRAIN,True,hursat_b1_2014297N11062_20141029T091200Z,data/raw/hursat/2014297N11062/2014297N11062.NILOFAR.2014.10.29.0900.72.MSG-3.082.hursat-b1.v06.nc,2014-10-29T09:12:00Z,12.0,NOMINAL,False,,,,,NOT_AVAILABLE,False,,,,,NOT_AVAILABLE,1,UNIMODAL_IR,
2014297N11062,NILOFAR,2014-10-29T12:00:00Z,19.0,62.2,80.0,974.0,TS,TRAIN,True,hursat_b1_2014297N11062_20141029T121200Z,data/raw/hursat/2014297N11062/2014297N11062.NILOFAR.2014.10.29.1200.73.MSG-3.075.hursat-b1.v06.nc,2014-10-29T12:12:00Z,12.0,NOMINAL,False,,,,,NOT_AVAILABLE,False,,,,,NOT_AVAILABLE,1,UNIMODAL_IR,
2014297N11062,NILOFAR,2014-10-29T15:00:00Z,19.2,62.5,70.0,980.0,TS,TRAIN,True,hursat_b1_2014297N11062_20141029T151200Z,data/raw/hursat/2014297N11062/2014297N11062.NILOFAR.2014.10.29.1500.73.MSG-3.071.hursat-b1.v06.nc,2014-10-29T15:12:00Z,12.0,NOMINAL,False,,,,,NOT_AVAILABLE,False,,,,,NOT_AVAILABLE,1,UNIMODAL_IR,
2014297N11062,NILOFAR,2014-10-29T18:00:00Z,19.3,62.9,70.0,986.0,TS,TRAIN,True,hursat_b1_2014297N11062_20141029T181200Z,data/raw/hursat/2014297N11062/2014297N11062.NILOFAR.2014.10.29.1800.73.MSG-3.066.hursat-b1.v06.nc,2014-10-29T18:12:00Z,12.0,NOMINAL,False,,,,,NOT_AVAILABLE,False,,,,,NOT_AVAILABLE,1,UNIMODAL_IR,
2014297N11062,NILOFAR,2014-10-29T21:00:00Z,19.4,63.2,60.0,988.0,TS,TRAIN,True,hursat_b1_2014297N11062_20141029T211200Z,data/raw/hursat/2014297N11062/2014297N11062.NILOFAR.2014.10.29.2100.74.MSG-3.061.hursat-b1.v06.nc,2014-10-29T21:12:00Z,12.0,NOMINAL,False,,,,,NOT_AVAILABLE,False,,,,,NOT_AVAILABLE,1,UNIMODAL_IR,
2014297N11062,NILOFAR,2014-10-30T00:00:00Z,19.6,63.6,60.0,990.0,TS,TRAIN,True,hursat_b1_2014297N11062_20141030T000000Z,data/raw/hursat/2014297N11062/2014297N11062.NILOFAR.2014.10.30.0000.52.FY2-E.056.hursat-b1.v06.nc,2014-10-30T00:00:00Z,0.0,NOMINAL,False,,,,,NOT_AVAILABLE,False,,,,,NOT_AVAILABLE,1,UNIMODAL_IR,
2014297N11062,NILOFAR,2014-10-30T03:00:00Z,19.8,63.9,50.0,994.0,TS,TRAIN,True,hursat_b1_2014297N11062_20141030T030000Z,data/raw/hursat/2014297N11062/2014297N11062.NILOFAR.2014.10.30.0300.51.FY2-E.050.hursat-b1.v06.nc,2014-10-30T03:00:00Z,0.0,NOMINAL,False,,,,,NOT_AVAILABLE,False,,,,,NOT_AVAILABLE,1,UNIMODAL_IR,
2014297N11062,NILOFAR,2014-10-30T06:00:00Z,20.1,64.2,45.0,998.0,TS,TRAIN,True,hursat_b1_2014297N11062_20141030T060000Z,data/raw/hursat/2014297N11062/2014297N11062.NILOFAR.2014.10.30.0600.51.FY2-E.045.hursat-b1.v06.nc,2014-10-30T06:00:00Z,0.0,NOMINAL,False,,,,,NOT_AVAILABLE,False,,,,,NOT_AVAILABLE,1,UNIMODAL_IR,
2014297N11062,NILOFAR,2014-10-30T09:00:00Z,20.1,64.4,40.0,1000.0,TS,TRAIN,True,hursat_b1_2014297N11062_20141030T090000Z,data/raw/hursat/2014297N11062/2014297N11062.NILOFAR.2014.10.30.0900.51.FY2-E.042.hursat-b1.v06.nc,2014-10-30T09:00:00Z,0.0,NOMINAL,False,,,,,NOT_AVAILABLE,False,,,,,NOT_AVAILABLE,1,UNIMODAL_IR,
2014297N11062,NILOFAR,2014-10-30T12:00:00Z,20.3,64.6,40.0,1001.0,TS,TRAIN,True,hursat_b1_2014297N11062_20141030T120000Z,data/raw/hursat/2014297N11062/2014297N11062.NILOFAR.2014.10.30.1200.51.FY2-E.040.hursat-b1.v06.nc,2014-10-30T12:00:00Z,0.0,NOMINAL,False,,,,,NOT_AVAILABLE,False,,,,,NOT_AVAILABLE,1,UNIMODAL_IR,
2014297N11062,NILOFAR,2014-10-30T15:00:00Z,20.4,64.6,40.0,993.0,TS,TRAIN,True,hursat_b1_2014297N11062_20141030T150000Z,data/raw/hursat/2014297N11062/2014297N11062.NILOFAR.2014.10.30.1500.51.FY2-E.036.hursat-b1.v06.nc,2014-10-30T15:00:00Z,0.0,NOMINAL,False,,,,,NOT_AVAILABLE,False,,,,,NOT_AVAILABLE,1,UNIMODAL_IR,
2014297N11062,NILOFAR,2014-10-30T18:00:00Z,20.5,64.8,35.0,1002.0,TS,TRAIN,True,hursat_b1_2014297N11062_20141030T180000Z,data/raw/hursat/2014297N11062/2014297N11062.NILOFAR.2014.10.30.1800.51.FY2-E.033.hursat-b1.v06.nc,2014-10-30T18:00:00Z,0.0,NOMINAL,False,,,,,NOT_AVAILABLE,False,,,,,NOT_AVAILABLE,1,UNIMODAL_IR,
2014297N11062,NILOFAR,2014-10-30T21:00:00Z,20.6,64.9,30.0,1003.0,TS,TRAIN,True,hursat_b1_2014297N11062_20141030T210000Z,data/raw/hursat/2014297N11062/2014297N11062.NILOFAR.2014.10.30.2100.51.FY2-E.029.hursat-b1.v06.nc,2014-10-30T21:00:00Z,0.0,NOMINAL,False,,,,,NOT_AVAILABLE,False,,,,,NOT_AVAILABLE,1,UNIMODAL_IR,
2014297N11062,NILOFAR,2014-10-31T00:00:00Z,20.7,65.0,25.0,1004.0,TS,TRAIN,True,hursat_b1_2014297N11062_20141031T000000Z,data/raw/hursat/2014297N11062/2014297N11062.NILOFAR.2014.10.31.0000.51.FY2-E.026.hursat-b1.v06.nc,2014-10-31T00:00:00Z,0.0,NOMINAL,False,,,,,NOT_AVAILABLE,False,,,,,NOT_AVAILABLE,1,UNIMODAL_IR,
2014297N11062,NILOFAR,2014-10-31T03:00:00Z,20.8,65.1,28.0,1002.0,TS,TRAIN,True,hursat_b1_2014297N11062_20141031T030000Z,data/raw/hursat/2014297N11062/2014297N11062.NILOFAR.2014.10.31.0300.51.FY2-E.024.hursat-b1.v06.nc,2014-10-31T03:00:00Z,0.0,NOMINAL,False,,,,,NOT_AVAILABLE,False,,,,,NOT_AVAILABLE,1,UNIMODAL_IR,
2014297N11062,NILOFAR,2014-10-31T06:00:00Z,21.0,65.1,25.0,1004.0,TS,TRAIN,True,hursat_b1_2014297N11062_20141031T060000Z,data/raw/hursat/2014297N11062/2014297N11062.NILOFAR.2014.10.31.0600.51.FY2-E.022.hursat-b1.v06.nc,2014-10-31T06:00:00Z,0.0,NOMINAL,False,,,,,NOT_AVAILABLE,False,,,,,NOT_AVAILABLE,1,UNIMODAL_IR,
2014297N11062,NILOFAR,2014-10-31T09:00:00Z,21.2,65.1,25.0,1004.0,TS,TRAIN,True,hursat_b1_2014297N11062_20141031T090000Z,data/raw/hursat/2014297N11062/2014297N11062.NILOFAR.2014.10.31.0900.51.FY2-E.022.hursat-b1.v06.nc,2014-10-31T09:00:00Z,0.0,NOMINAL,False,,,,,NOT_AVAILABLE,False,,,,,NOT_AVAILABLE,1,UNIMODAL_IR,
2014297N11062,NILOFAR,2014-10-31T12:00:00Z,21.4,65.0,25.0,1004.0,TS,TRAIN,True,hursat_b1_2014297N11062_20141031T120000Z,data/raw/hursat/2014297N11062/2014297N11062.NILOFAR.2014.10.31.1200.51.FY2-E.022.hursat-b1.v06.nc,2014-10-31T12:00:00Z,0.0,NOMINAL,False,,,,,NOT_AVAILABLE,False,,,,,NOT_AVAILABLE,1,UNIMODAL_IR,
2014297N11062,NILOFAR,2014-10-31T15:00:00Z,21.6,64.9,23.0,1006.0,TS,TRAIN,True,hursat_b1_2014297N11062_20141031T150000Z,data/raw/hursat/2014297N11062/2014297N11062.NILOFAR.2014.10.31.1500.51.FY2-E.020.hursat-b1.v06.nc,2014-10-31T15:00:00Z,0.0,NOMINAL,False,,,,,NOT_AVAILABLE,False,,,,,NOT_AVAILABLE,1,UNIMODAL_IR,
2014297N11062,NILOFAR,2014-10-31T18:00:00Z,21.7,64.7,20.0,1007.0,DS,TRAIN,True,hursat_b1_2014297N11062_20141031T180000Z,data/raw/hursat/2014297N11062/2014297N11062.NILOFAR.2014.10.31.1800.52.FY2-E.018.hursat-b1.v06.nc,2014-10-31T18:00:00Z,0.0,NOMINAL,False,,,,,NOT_AVAILABLE,False,,,,,NOT_AVAILABLE,1,UNIMODAL_IR,
2014297N11062,NILOFAR,2014-10-31T21:00:00Z,21.7,64.5,20.0,1007.0,DS,TRAIN,True,hursat_b1_2014297N11062_20141031T210000Z,data/raw/hursat/2014297N11062/2014297N11062.NILOFAR.2014.10.31.2100.52.FY2-E.018.hursat-b1.v06.nc,2014-10-31T21:00:00Z,0.0,NOMINAL,False,,,,,NOT_AVAILABLE,False,,,,,NOT_AVAILABLE,1,UNIMODAL_IR,
2014297N11062,NILOFAR,2014-11-01T00:00:00Z,21.7,64.2,20.0,1007.0,DS,TRAIN,True,hursat_b1_2014297N11062_20141101T000000Z,data/raw/hursat/2014297N11062/2014297N11062.NILOFAR.2014.11.01.0000.52.FY2-E.018.hursat-b1.v06.nc,2014-11-01T00:00:00Z,0.0,NOMINAL,False,,,,,NOT_AVAILABLE,False,,,,,NOT_AVAILABLE,1,UNIMODAL_IR,
2014297N11062,NILOFAR,2014-11-01T03:00:00Z,21.7,64.0,20.0,1007.0,DS,TRAIN,True,hursat_b1_2014297N11062_20141101T030000Z,data/raw/hursat/2014297N11062/2014297N11062.NILOFAR.2014.11.01.0300.52.FY2-E.018.hursat-b1.v06.nc,2014-11-01T03:00:00Z,0.0,NOMINAL,False,,,,,NOT_AVAILABLE,False,,,,,NOT_AVAILABLE,1,UNIMODAL_IR,
2014297N11062,NILOFAR,2014-11-01T06:00:00Z,21.7,63.8,20.0,1007.0,DS,TRAIN,True,hursat_b1_2014297N11062_20141101T060000Z,data/raw/hursat/2014297N11062/2014297N11062.NILOFAR.2014.11.01.0600.52.FY2-E.018.hursat-b1.v06.nc,2014-11-01T06:00:00Z,0.0,NOMINAL,False,,,,,NOT_AVAILABLE,False,,,,,NOT_AVAILABLE,1,UNIMODAL_IR,
2014297N11062,NILOFAR,2014-11-01T09:00:00Z,21.7,63.6,18.0,1009.0,DS,TRAIN,True,hursat_b1_2014297N11062_20141101T090000Z,data/raw/hursat/2014297N11062/2014297N11062.NILOFAR.2014.11.01.0900.53.FY2-E.015.hursat-b1.v06.nc,2014-11-01T09:00:00Z,0.0,NOMINAL,False,,,,,NOT_AVAILABLE,False,,,,,NOT_AVAILABLE,1,UNIMODAL_IR,
2014297N11062,NILOFAR,2014-11-01T12:00:00Z,21.7,63.3,15.0,1010.0,DS,TRAIN,True,hursat_b1_2014297N11062_20141101T120000Z,data/raw/hursat/2014297N11062/2014297N11062.NILOFAR.2014.11.01.1200.53.FY2-E.013.hursat-b1.v06.nc,2014-11-01T12:00:00Z,0.0,NOMINAL,False,,,,,NOT_AVAILABLE,False,,,,,NOT_AVAILABLE,1,UNIMODAL_IR,
2015301N11065,CHAPALA,2015-10-27T12:00:00Z,10.7,65.1,25.0,1004.0,TS,TEST,True,hursat_b1_2015301N11065_20151027T121200Z,data/raw/hursat/2015301N11065/2015301N11065.CHAPALA.2015.10.27.1200.75.MSG-3.022.hursat-b1.v06.nc,2015-10-27T12:12:00Z,12.0,NOMINAL,False,,,,,NOT_AVAILABLE,False,,,,,NOT_AVAILABLE,1,UNIMODAL_IR,
2015301N11065,CHAPALA,2015-10-27T15:00:00Z,10.9,65.0,25.0,1004.0,TS,TEST,True,hursat_b1_2015301N11065_20151027T151200Z,data/raw/hursat/2015301N11065/2015301N11065.CHAPALA.2015.10.27.1500.74.MSG-3.022.hursat-b1.v06.nc,2015-10-27T15:12:00Z,12.0,NOMINAL,False,,,,,NOT_AVAILABLE,False,,,,,NOT_AVAILABLE,1,UNIMODAL_IR,
2015301N11065,CHAPALA,2015-10-27T18:00:00Z,11.1,64.9,25.0,1004.0,TS,TEST,True,hursat_b1_2015301N11065_20151027T181200Z,data/raw/hursat/2015301N11065/2015301N11065.CHAPALA.2015.10.27.1800.74.MSG-3.022.hursat-b1.v06.nc,2015-10-27T18:12:00Z,12.0,NOMINAL,False,,,,,NOT_AVAILABLE,False,,,,,NOT_AVAILABLE,1,UNIMODAL_IR,
2015301N11065,CHAPALA,2015-10-27T21:00:00Z,11.3,64.8,28.0,1002.0,TS,TEST,True,hursat_b1_2015301N11065_20151027T211200Z,data/raw/hursat/2015301N11065/2015301N11065.CHAPALA.2015.10.27.2100.74.MSG-3.024.hursat-b1.v06.nc,2015-10-27T21:12:00Z,12.0,NOMINAL,False,,,,,NOT_AVAILABLE,False,,,,,NOT_AVAILABLE,1,UNIMODAL_IR,
2015301N11065,CHAPALA,2015-10-28T00:00:00Z,11.6,64.7,30.0,1000.0,TS,TEST,True,hursat_b1_2015301N11065_20151028T001200Z,data/raw/hursat/2015301N11065/2015301N11065.CHAPALA.2015.10.28.0000.74.MSG-3.026.hursat-b1.v06.nc,2015-10-28T00:12:00Z,12.0,NOMINAL,False,,,,,NOT_AVAILABLE,False,,,,,NOT_AVAILABLE,1,UNIMODAL_IR,
2015301N11065,CHAPALA,2015-10-28T03:00:00Z,11.8,64.7,25.0,1005.0,TS,TEST,True,hursat_b1_2015301N11065_20151028T031200Z,data/raw/hursat/2015301N11065/2015301N11065.CHAPALA.2015.10.28.0300.74.MSG-3.027.hursat-b1.v06.nc,2015-10-28T03:12:00Z,12.0,NOMINAL,False,,,,,NOT_AVAILABLE,False,,,,,NOT_AVAILABLE,1,UNIMODAL_IR,
2015301N11065,CHAPALA,2015-10-28T06:00:00Z,12.0,64.8,25.0,1004.0,TS,TEST,True,hursat_b1_2015301N11065_20151028T061200Z,data/raw/hursat/2015301N11065/2015301N11065.CHAPALA.2015.10.28.0600.74.MSG-3.028.hursat-b1.v06.nc,2015-10-28T06:12:00Z,12.0,NOMINAL,False,,,,,NOT_AVAILABLE,False,,,,,NOT_AVAILABLE,1,UNIMODAL_IR,
2015301N11065,CHAPALA,2015-10-28T09:00:00Z,12.4,64.8,35.0,996.0,TS,TEST,True,hursat_b1_2015301N11065_20151028T091200Z,data/raw/hursat/2015301N11065/2015301N11065.CHAPALA.2015.10.28.0900.74.MSG-3.031.hursat-b1.v06.nc,2015-10-28T09:12:00Z,12.0,NOMINAL,False,,,,,NOT_AVAILABLE,False,,,,,NOT_AVAILABLE,1,UNIMODAL_IR,
2015301N11065,CHAPALA,2015-10-28T12:00:00Z,12.7,64.8,30.0,1001.0,TS,TEST,True,hursat_b1_2015301N11065_20151028T121200Z,data/raw/hursat/2015301N11065/2015301N11065.CHAPALA.2015.10.28.1200.74.MSG-3.035.hursat-b1.v06.nc,2015-10-28T12:12:00Z,12.0,NOMINAL,False,,,,,NOT_AVAILABLE,False,,,,,NOT_AVAILABLE,1,UNIMODAL_IR,
2015301N11065,CHAPALA,2015-10-28T15:00:00Z,12.9,64.8,45.0,989.0,TS,TEST,True,hursat_b1_2015301N11065_20151028T151200Z,data/raw/hursat/2015301N11065/2015301N11065.CHAPALA.2015.10.28.1500.74.MSG-3.035.hursat-b1.v06.nc,2015-10-28T15:12:00Z,12.0,NOMINAL,False,,,,,NOT_AVAILABLE,False,,,,,NOT_AVAILABLE,1,UNIMODAL_IR,
2015301N11065,CHAPALA,2015-10-28T18:00:00Z,13.1,64.6,30.0,1001.0,TS,TEST,True,hursat_b1_2015301N11065_20151028T181200Z,data/raw/hursat/2015301N11065/2015301N11065.CHAPALA.2015.10.28.1800.74.MSG-3.035.hursat-b1.v06.nc,2015-10-28T18:12:00Z,12.0,NOMINAL,False,,,,,NOT_AVAILABLE,False,,,,,NOT_AVAILABLE,1,UNIMODAL_IR,
2015301N11065,CHAPALA,2015-10-28T21:00:00Z,13.3,64.4,45.0,989.0,TS,TEST,True,hursat_b1_2015301N11065_20151028T211200Z,data/raw/hursat/2015301N11065/2015301N11065.CHAPALA.2015.10.28.2100.74.MSG-3.037.hursat-b1.v06.nc,2015-10-28T21:12:00Z,12.0,NOMINAL,False,,,,,NOT_AVAILABLE,False,,,,,NOT_AVAILABLE,1,UNIMODAL_IR,
2015301N11065,CHAPALA,2015-10-29T00:00:00Z,13.6,64.3,35.0,999.0,TS,TEST,True,hursat_b1_2015301N11065_20151029T001200Z,data/raw/hursat/2015301N11065/2015301N11065.CHAPALA.2015.10.29.0000.74.MSG-3.040.hursat-b1.v06.nc,2015-10-29T00:12:00Z,12.0,NOMINAL,False,,,,,NOT_AVAILABLE,False,,,,,NOT_AVAILABLE,1,UNIMODAL_IR,
2015301N11065,CHAPALA,2015-10-29T03:00:00Z,13.7,64.1,40.0,997.0,TS,TEST,True,hursat_b1_2015301N11065_20151029T031200Z,data/raw/hursat/2015301N11065/2015301N11065.CHAPALA.2015.10.29.0300.74.MSG-3.043.hursat-b1.v06.nc,2015-10-29T03:12:00Z,12.0,NOMINAL,False,,,,,NOT_AVAILABLE,False,,,,,NOT_AVAILABLE,1,UNIMODAL_IR,
2015301N11065,CHAPALA,2015-10-29T06:00:00Z,13.9,63.8,45.0,996.0,TS,TEST,True,hursat_b1_2015301N11065_20151029T061200Z,data/raw/hursat/2015301N11065/2015301N11065.CHAPALA.2015.10.29.0600.73.MSG-3.047.hursat-b1.v06.nc,2015-10-29T06:12:00Z,12.0,NOMINAL,False,,,,,NOT_AVAILABLE,False,,,,,NOT_AVAILABLE,1,UNIMODAL_IR,
2015301N11065,CHAPALA,2015-10-29T09:00:00Z,14.0,63.5,50.0,994.0,TS,TEST,True,hursat_b1_2015301N11065_20151029T091200Z,data/raw/hursat/2015301N11065/2015301N11065.CHAPALA.2015.10.29.0900.73.MSG-3.051.hursat-b1.v06.nc,2015-10-29T09:12:00Z,12.0,NOMINAL,False,,,,,NOT_AVAILABLE,False,,,,,NOT_AVAILABLE,1,UNIMODAL_IR,
2015301N11065,CHAPALA,2015-10-29T12:00:00Z,14.2,63.2,55.0,990.0,TS,TEST,True,hursat_b1_2015301N11065_20151029T121200Z,data/raw/hursat/2015301N11065/2015301N11065.CHAPALA.2015.10.29.1200.73.MSG-3.056.hursat-b1.v06.nc,2015-10-29T12:12:00Z,12.0,NOMINAL,False,,,,,NOT_AVAILABLE,False,,,,,NOT_AVAILABLE,1,UNIMODAL_IR,
2015301N11065,CHAPALA,2015-10-29T15:00:00Z,14.3,62.8,60.0,988.0,TS,TEST,True,hursat_b1_2015301N11065_20151029T151200Z,data/raw/hursat/2015301N11065/2015301N11065.CHAPALA.2015.10.29.1500.73.MSG-3.062.hursat-b1.v06.nc,2015-10-29T15:12:00Z,12.0,NOMINAL,False,,,,,NOT_AVAILABLE,False,,,,,NOT_AVAILABLE,1,UNIMODAL_IR,
2015301N11065,CHAPALA,2015-10-29T18:00:00Z,14.3,62.5,65.0,984.0,TS,TEST,True,hursat_b1_2015301N11065_20151029T181200Z,data/raw/hursat/2015301N11065/2015301N11065.CHAPALA.2015.10.29.1800.72.MSG-3.068.hursat-b1.v06.nc,2015-10-29T18:12:00Z,12.0,NOMINAL,False,,,,,NOT_AVAILABLE,False,,,,,NOT_AVAILABLE,1,UNIMODAL_IR,
2015301N11065,CHAPALA,2015-10-29T21:00:00Z,14.3,62.2,75.0,976.0,TS,TEST,True,hursat_b1_2015301N11065_20151029T211200Z,data/raw/hursat/2015301N11065/2015301N11065.CHAPALA.2015.10.29.2100.72.MSG-3.078.hursat-b1.v06.nc,2015-10-29T21:12:00Z,12.0,NOMINAL,False,,,,,NOT_AVAILABLE,False,,,,,NOT_AVAILABLE,1,UNIMODAL_IR,
2015301N11065,CHAPALA,2015-10-30T00:00:00Z,14.3,61.8,90.0,966.0,TS,TEST,True,hursat_b1_2015301N11065_20151030T001200Z,data/raw/hursat/2015301N11065/2015301N11065.CHAPALA.2015.10.30.0000.71.MSG-3.089.hursat-b1.v06.nc,2015-10-30T00:12:00Z,12.0,NOMINAL,False,,,,,NOT_AVAILABLE,False,,,,,NOT_AVAILABLE,1,UNIMODAL_IR,
2015301N11065,CHAPALA,2015-10-30T03:00:00Z,14.2,61.5,105.0,954.0,TS,TEST,True,hursat_b1_2015301N11065_20151030T031200Z,data/raw/hursat/2015301N11065/2015301N11065.CHAPALA.2015.10.30.0300.71.MSG-3.101.hursat-b1.v06.nc,2015-10-30T03:12:00Z,12.0,NOMINAL,False,,,,,NOT_AVAILABLE,False,,,,,NOT_AVAILABLE,1,UNIMODAL_IR,
2015301N11065,CHAPALA,2015-10-30T06:00:00Z,14.2,61.1,110.0,948.0,TS,TEST,True,hursat_b1_2015301N11065_20151030T061200Z,data/raw/hursat/2015301N11065/2015301N11065.CHAPALA.2015.10.30.0600.71.MSG-3.112.hursat-b1.v06.nc,2015-10-30T06:12:00Z,12.0,NOMINAL,False,,,,,NOT_AVAILABLE,False,,,,,NOT_AVAILABLE,1,UNIMODAL_IR,
2015301N11065,CHAPALA,2015-10-30T09:00:00Z,14.1,60.8,115.0,940.0,TS,TEST,True,hursat_b1_2015301N11065_20151030T091200Z,data/raw/hursat/2015301N11065/2015301N11065.CHAPALA.2015.10.30.0900.70.MSG-3.112.hursat-b1.v06.nc,2015-10-30T09:12:00Z,12.0,NOMINAL,False,,,,,NOT_AVAILABLE,False,,,,,NOT_AVAILABLE,1,UNIMODAL_IR,
2015301N11065,CHAPALA,2015-10-30T12:00:00Z,14.1,60.6,115.0,940.0,TS,TEST,True,hursat_b1_2015301N11065_20151030T121200Z,data/raw/hursat/2015301N11065/2015301N11065.CHAPALA.2015.10.30.1200.70.MSG-3.113.hursat-b1.v06.nc,2015-10-30T12:12:00Z,12.0,NOMINAL,False,,,,,NOT_AVAILABLE,False,,,,,NOT_AVAILABLE,1,UNIMODAL_IR,
2015301N11065,CHAPALA,2015-10-30T15:00:00Z,14.0,60.4,115.0,940.0,TS,TEST,True,hursat_b1_2015301N11065_20151030T151200Z,data/raw/hursat/2015301N11065/2015301N11065.CHAPALA.2015.10.30.1500.70.MSG-3.111.hursat-b1.v06.nc,2015-10-30T15:12:00Z,12.0,NOMINAL,False,,,,,NOT_AVAILABLE,False,,,,,NOT_AVAILABLE,1,UNIMODAL_IR,
2015301N11065,CHAPALA,2015-10-30T18:00:00Z,13.9,60.2,115.0,940.0,TS,TEST,True,hursat_b1_2015301N11065_20151030T181200Z,data/raw/hursat/2015301N11065/2015301N11065.CHAPALA.2015.10.30.1800.70.MSG-3.110.hursat-b1.v06.nc,2015-10-30T18:12:00Z,12.0,NOMINAL,False,,,,,NOT_AVAILABLE,False,,,,,NOT_AVAILABLE,1,UNIMODAL_IR,
2015301N11065,CHAPALA,2015-10-30T21:00:00Z,13.9,59.9,115.0,942.0,TS,TEST,True,hursat_b1_2015301N11065_20151030T211200Z,data/raw/hursat/2015301N11065/2015301N11065.CHAPALA.2015.10.30.2100.69.MSG-3.108.hursat-b1.v06.nc,2015-10-30T21:12:00Z,12.0,NOMINAL,False,,,,,NOT_AVAILABLE,False,,,,,NOT_AVAILABLE,1,UNIMODAL_IR,
2015301N11065,CHAPALA,2015-10-31T00:00:00Z,13.8,59.6,110.0,944.0,TS,TEST,True,hursat_b1_2015301N11065_20151031T001200Z,data/raw/hursat/2015301N11065/2015301N11065.CHAPALA.2015.10.31.0000.69.MSG-3.106.hursat-b1.v06.nc,2015-10-31T00:12:00Z,12.0,NOMINAL,False,,,,,NOT_AVAILABLE,False,,,,,NOT_AVAILABLE,1,UNIMODAL_IR,
2015301N11065,CHAPALA,2015-10-31T03:00:00Z,13.8,59.2,110.0,946.0,TS,TEST,True,hursat_b1_2015301N11065_20151031T031200Z,data/raw/hursat/2015301N11065/2015301N11065.CHAPALA.2015.10.31.0300.69.MSG-3.103.hursat-b1.v06.nc,2015-10-31T03:12:00Z,12.0,NOMINAL,False,,,,,NOT_AVAILABLE,False,,,,,NOT_AVAILABLE,1,UNIMODAL_IR,
2015301N11065,CHAPALA,2015-10-31T06:00:00Z,13.8,58.7,105.0,950.0,TS,TEST,True,hursat_b1_2015301N11065_20151031T061200Z,data/raw/hursat/2015301N11065/2015301N11065.CHAPALA.2015.10.31.0600.68.MSG-3.101.hursat-b1.v06.nc,2015-10-31T06:12:00Z,12.0,NOMINAL,False,,,,,NOT_AVAILABLE,False,,,,,NOT_AVAILABLE,1,UNIMODAL_IR,
2015301N11065,CHAPALA,2015-10-31T09:00:00Z,13.8,58.3,105.0,950.0,TS,TEST,True,hursat_b1_2015301N11065_20151031T091200Z,data/raw/hursat/2015301N11065/2015301N11065.CHAPALA.2015.10.31.0900.68.MSG-3.101.hursat-b1.v06.nc,2015-10-31T09:12:00Z,12.0,NOMINAL,False,,,,,NOT_AVAILABLE,False,,,,,NOT_AVAILABLE,1,UNIMODAL_IR,
2015301N11065,CHAPALA,2015-10-31T12:00:00Z,13.8,57.9,105.0,950.0,TS,TEST,True,hursat_b1_2015301N11065_20151031T121200Z,data/raw/hursat/2015301N11065/2015301N11065.CHAPALA.2015.10.31.1200.67.MSG-3.101.hursat-b1.v06.nc,2015-10-31T12:12:00Z,12.0,NOMINAL,False,,,,,NOT_AVAILABLE,False,,,,,NOT_AVAILABLE,1,UNIMODAL_IR,
2015301N11065,CHAPALA,2015-10-31T15:00:00Z,13.8,57.5,105.0,950.0,TS,TEST,True,hursat_b1_2015301N11065_20151031T151200Z,data/raw/hursat/2015301N11065/2015301N11065.CHAPALA.2015.10.31.1500.67.MSG-3.101.hursat-b1.v06.nc,2015-10-31T15:12:00Z,12.0,NOMINAL,False,,,,,NOT_AVAILABLE,False,,,,,NOT_AVAILABLE,1,UNIMODAL_IR,
2015301N11065,CHAPALA,2015-10-31T18:00:00Z,13.8,57.2,105.0,950.0,TS,TEST,True,hursat_b1_2015301N11065_20151031T181200Z,data/raw/hursat/2015301N11065/2015301N11065.CHAPALA.2015.10.31.1800.67.MSG-3.101.hursat-b1.v06.nc,2015-10-31T18:12:00Z,12.0,NOMINAL,False,,,,,NOT_AVAILABLE,False,,,,,NOT_AVAILABLE,1,UNIMODAL_IR,
2015301N11065,CHAPALA,2015-10-31T21:00:00Z,13.7,56.8,105.0,950.0,TS,TEST,True,hursat_b1_2015301N11065_20151031T211200Z,data/raw/hursat/2015301N11065/2015301N11065.CHAPALA.2015.10.31.2100.66.MSG-3.102.hursat-b1.v06.nc,2015-10-31T21:12:00Z,12.0,NOMINAL,False,,,,,NOT_AVAILABLE,False,,,,,NOT_AVAILABLE,1,UNIMODAL_IR,
2015301N11065,CHAPALA,2015-11-01T00:00:00Z,13.7,56.4,105.0,950.0,TS,TEST,True,hursat_b1_2015301N11065_20151101T001200Z,data/raw/hursat/2015301N11065/2015301N11065.CHAPALA.2015.11.01.0000.66.MSG-3.103.hursat-b1.v06.nc,2015-11-01T00:12:00Z,12.0,NOMINAL,False,,,,,NOT_AVAILABLE,False,,,,,NOT_AVAILABLE,1,UNIMODAL_IR,
2015301N11065,CHAPALA,2015-11-01T03:00:00Z,13.6,56.1,105.0,952.0,TS,TEST,True,hursat_b1_2015301N11065_20151101T031200Z,data/raw/hursat/2015301N11065/2015301N11065.CHAPALA.2015.11.01.0300.65.MSG-3.102.hursat-b1.v06.nc,2015-11-01T03:12:00Z,12.0,NOMINAL,False,,,,,NOT_AVAILABLE,False,,,,,NOT_AVAILABLE,1,UNIMODAL_IR,
2015301N11065,CHAPALA,2015-11-01T06:00:00Z,13.6,55.7,100.0,954.0,TS,TEST,True,hursat_b1_2015301N11065_20151101T061200Z,data/raw/hursat/2015301N11065/2015301N11065.CHAPALA.2015.11.01.0600.65.MSG-3.101.hursat-b1.v06.nc,2015-11-01T06:12:00Z,12.0,NOMINAL,False,,,,,NOT_AVAILABLE,False,,,,,NOT_AVAILABLE,1,UNIMODAL_IR,
2015301N11065,CHAPALA,2015-11-01T09:00:00Z,13.5,55.2,100.0,956.0,TS,TEST,True,hursat_b1_2015301N11065_20151101T091200Z,data/raw/hursat/2015301N11065/2015301N11065.CHAPALA.2015.11.01.0900.64.MSG-3.102.hursat-b1.v06.nc,2015-11-01T09:12:00Z,12.0,NOMINAL,False,,,,,NOT_AVAILABLE,False,,,,,NOT_AVAILABLE,1,UNIMODAL_IR,
2015301N11065,CHAPALA,2015-11-01T12:00:00Z,13.6,54.7,100.0,956.0,TS,TEST,True,hursat_b1_2015301N11065_20151101T121200Z,data/raw/hursat/2015301N11065/2015301N11065.CHAPALA.2015.11.01.1200.64.MSG-3.103.hursat-b1.v06.nc,2015-11-01T12:12:00Z,12.0,NOMINAL,False,,,,,NOT_AVAILABLE,False,,,,,NOT_AVAILABLE,1,UNIMODAL_IR,
2015301N11065,CHAPALA,2015-11-01T15:00:00Z,13.5,54.2,100.0,956.0,TS,TEST,True,hursat_b1_2015301N11065_20151101T151200Z,data/raw/hursat/2015301N11065/2015301N11065.CHAPALA.2015.11.01.1500.63.MSG-3.103.hursat-b1.v06.nc,2015-11-01T15:12:00Z,12.0,NOMINAL,False,,,,,NOT_AVAILABLE,False,,,,,NOT_AVAILABLE,1,UNIMODAL_IR,
2015301N11065,CHAPALA,2015-11-01T18:00:00Z,13.4,53.7,100.0,956.0,TS,TEST,True,hursat_b1_2015301N11065_20151101T181200Z,data/raw/hursat/2015301N11065/2015301N11065.CHAPALA.2015.11.01.1800.63.MSG-3.103.hursat-b1.v06.nc,2015-11-01T18:12:00Z,12.0,NOMINAL,False,,,,,NOT_AVAILABLE,False,,,,,NOT_AVAILABLE,1,UNIMODAL_IR,
2015301N11065,CHAPALA,2015-11-01T21:00:00Z,13.3,53.1,100.0,956.0,TS,TEST,True,hursat_b1_2015301N11065_20151101T211200Z,data/raw/hursat/2015301N11065/2015301N11065.CHAPALA.2015.11.01.2100.62.MSG-3.101.hursat-b1.v06.nc,2015-11-01T21:12:00Z,12.0,NOMINAL,False,,,,,NOT_AVAILABLE,False,,,,,NOT_AVAILABLE,1,UNIMODAL_IR,
2015301N11065,CHAPALA,2015-11-02T00:00:00Z,13.2,52.6,100.0,958.0,TS,TEST,True,hursat_b1_2015301N11065_20151102T001200Z,data/raw/hursat/2015301N11065/2015301N11065.CHAPALA.2015.11.02.0000.62.MSG-3.098.hursat-b1.v06.nc,2015-11-02T00:12:00Z,12.0,NOMINAL,False,,,,,NOT_AVAILABLE,False,,,,,NOT_AVAILABLE,1,UNIMODAL_IR,
2015301N11065,CHAPALA,2015-11-02T03:00:00Z,13.2,52.2,95.0,960.0,TS,TEST,True,hursat_b1_2015301N11065_20151102T031200Z,data/raw/hursat/2015301N11065/2015301N11065.CHAPALA.2015.11.02.0300.61.MSG-3.095.hursat-b1.v06.nc,2015-11-02T03:12:00Z,12.0,NOMINAL,False,,,,,NOT_AVAILABLE,False,,,,,NOT_AVAILABLE,1,UNIMODAL_IR,
2015301N11065,CHAPALA,2015-11-02T06:00:00Z,13.3,51.6,90.0,964.0,TS,TEST,True,hursat_b1_2015301N11065_20151102T061200Z,data/raw/hursat/2015301N11065/2015301N11065.CHAPALA.2015.11.02.0600.61.MSG-3.091.hursat-b1.v06.nc,2015-11-02T06:12:00Z,12.0,NOMINAL,False,,,,,NOT_AVAILABLE,False,,,,,NOT_AVAILABLE,1,UNIMODAL_IR,
2015301N11065,CHAPALA,2015-11-02T09:00:00Z,13.3,51.0,90.0,966.0,TS,TEST,True,hursat_b1_2015301N11065_20151102T091200Z,data/raw/hursat/2015301N11065/2015301N11065.CHAPALA.2015.11.02.0900.60.MSG-3.089.hursat-b1.v06.nc,2015-11-02T09:12:00Z,12.0,NOMINAL,False,,,,,NOT_AVAILABLE,False,,,,,NOT_AVAILABLE,1,UNIMODAL_IR,
2015301N11065,CHAPALA,2015-11-02T12:00:00Z,13.4,50.6,85.0,968.0,TS,TEST,True,hursat_b1_2015301N11065_20151102T121200Z,data/raw/hursat/2015301N11065/2015301N11065.CHAPALA.2015.11.02.1200.60.MSG-3.087.hursat-b1.v06.nc,2015-11-02T12:12:00Z,12.0,NOMINAL,False,,,,,NOT_AVAILABLE,False,,,,,NOT_AVAILABLE,1,UNIMODAL_IR,
2015301N11065,CHAPALA,2015-11-02T15:00:00Z,13.5,50.0,85.0,970.0,TS,TEST,True,hursat_b1_2015301N11065_20151102T151200Z,data/raw/hursat/2015301N11065/2015301N11065.CHAPALA.2015.11.02.1500.59.MSG-3.083.hursat-b1.v06.nc,2015-11-02T15:12:00Z,12.0,NOMINAL,False,,,,,NOT_AVAILABLE,False,,,,,NOT_AVAILABLE,1,UNIMODAL_IR,
2015301N11065,CHAPALA,2015-11-02T18:00:00Z,13.7,49.6,80.0,974.0,TS,TEST,True,hursat_b1_2015301N11065_20151102T181200Z,data/raw/hursat/2015301N11065/2015301N11065.CHAPALA.2015.11.02.1800.59.MSG-3.080.hursat-b1.v06.nc,2015-11-02T18:12:00Z,12.0,NOMINAL,False,,,,,NOT_AVAILABLE,False,,,,,NOT_AVAILABLE,1,UNIMODAL_IR,
2015301N11065,CHAPALA,2015-11-02T21:00:00Z,13.8,49.3,75.0,978.0,TS,TEST,True,hursat_b1_2015301N11065_20151102T211200Z,data/raw/hursat/2015301N11065/2015301N11065.CHAPALA.2015.11.02.2100.58.MSG-3.073.hursat-b1.v06.nc,2015-11-02T21:12:00Z,12.0,NOMINAL,False,,,,,NOT_AVAILABLE,False,,,,,NOT_AVAILABLE,1,UNIMODAL_IR,
2015301N11065,CHAPALA,2015-11-03T00:00:00Z,14.0,48.9,65.0,984.0,TS,TEST,True,hursat_b1_2015301N11065_20151103T001200Z,data/raw/hursat/2015301N11065/2015301N11065.CHAPALA.2015.11.03.0000.58.MSG-3.066.hursat-b1.v06.nc,2015-11-03T00:12:00Z,12.0,NOMINAL,False,,,,,NOT_AVAILABLE,False,,,,,NOT_AVAILABLE,1,UNIMODAL_IR,
2015301N11065,CHAPALA,2015-11-03T03:00:00Z,14.1,48.4,55.0,990.0,TS,TEST,True,hursat_b1_2015301N11065_20151103T031200Z,data/raw/hursat/2015301N11065/2015301N11065.CHAPALA.2015.11.03.0300.57.MSG-3.055.hursat-b1.v06.nc,2015-11-03T03:12:00Z,12.0,NOMINAL,False,,,,,NOT_AVAILABLE,False,,,,,NOT_AVAILABLE,1,UNIMODAL_IR,
2015301N11065,CHAPALA,2015-11-03T06:00:00Z,14.1,47.9,45.0,996.0,TS,TEST,True,hursat_b1_2015301N11065_20151103T061200Z,data/raw/hursat/2015301N11065/2015301N11065.CHAPALA.2015.11.03.0600.57.MSG-3.045.hursat-b1.v06.nc,2015-11-03T06:12:00Z,12.0,NOMINAL,False,,,,,NOT_AVAILABLE,False,,,,,NOT_AVAILABLE,1,UNIMODAL_IR,
2015301N11065,CHAPALA,2015-11-03T09:00:00Z,14.1,47.6,40.0,998.0,TS,TEST,True,hursat_b1_2015301N11065_20151103T091200Z,data/raw/hursat/2015301N11065/2015301N11065.CHAPALA.2015.11.03.0900.57.MSG-3.041.hursat-b1.v06.nc,2015-11-03T09:12:00Z,12.0,NOMINAL,False,,,,,NOT_AVAILABLE,False,,,,,NOT_AVAILABLE,1,UNIMODAL_IR,
2015301N11065,CHAPALA,2015-11-03T12:00:00Z,14.1,47.4,40.0,998.0,TS,TEST,True,hursat_b1_2015301N11065_20151103T121200Z,data/raw/hursat/2015301N11065/2015301N11065.CHAPALA.2015.11.03.1200.56.MSG-3.038.hursat-b1.v06.nc,2015-11-03T12:12:00Z,12.0,NOMINAL,False,,,,,NOT_AVAILABLE,False,,,,,NOT_AVAILABLE,1,UNIMODAL_IR,
2015301N11065,CHAPALA,2015-11-03T15:00:00Z,14.2,47.2,40.0,998.0,TS,TEST,True,hursat_b1_2015301N11065_20151103T151200Z,data/raw/hursat/2015301N11065/2015301N11065.CHAPALA.2015.11.03.1500.56.MSG-3.033.hursat-b1.v06.nc,2015-11-03T15:12:00Z,12.0,NOMINAL,False,,,,,NOT_AVAILABLE,False,,,,,NOT_AVAILABLE,1,UNIMODAL_IR,
2015301N11065,CHAPALA,2015-11-03T18:00:00Z,14.3,47.1,30.0,1001.0,TS,TEST,True,hursat_b1_2015301N11065_20151103T181200Z,data/raw/hursat/2015301N11065/2015301N11065.CHAPALA.2015.11.03.1800.56.MSG-3.028.hursat-b1.v06.nc,2015-11-03T18:12:00Z,12.0,NOMINAL,False,,,,,NOT_AVAILABLE,False,,,,,NOT_AVAILABLE,1,UNIMODAL_IR,
2015301N11065,CHAPALA,2015-11-03T21:00:00Z,14.5,46.8,,,TS,TEST,True,hursat_b1_2015301N11065_20151103T211200Z,data/raw/hursat/2015301N11065/2015301N11065.CHAPALA.2015.11.03.2100.56.MSG-3.027.hursat-b1.v06.nc,2015-11-03T21:12:00Z,12.0,NOMINAL,False,,,,,NOT_AVAILABLE,False,,,,,NOT_AVAILABLE,1,UNIMODAL_IR,
2015301N11065,CHAPALA,2015-11-04T00:00:00Z,14.8,46.5,25.0,1003.0,TS,TEST,True,hursat_b1_2015301N11065_20151104T001200Z,data/raw/hursat/2015301N11065/2015301N11065.CHAPALA.2015.11.04.0000.56.MSG-3.025.hursat-b1.v06.nc,2015-11-04T00:12:00Z,12.0,NOMINAL,False,,,,,NOT_AVAILABLE,False,,,,,NOT_AVAILABLE,1,UNIMODAL_IR,
2015309N14067,MEGH,2015-11-04T12:00:00Z,14.0,66.9,20.0,1007.0,DS,VAL,True,hursat_b1_2015309N14067_20151104T121200Z,data/raw/hursat/2015309N14067/2015309N14067.MEGH.2015.11.04.1200.77.MSG-3.018.hursat-b1.v06.nc,2015-11-04T12:12:00Z,12.0,DEGRADED,False,,,,,NOT_AVAILABLE,False,,,,,NOT_AVAILABLE,1,UNIMODAL_IR,IR_HIGH_NANS_GT_10_PCT
2015309N14067,MEGH,2015-11-04T15:00:00Z,14.0,66.6,23.0,1006.0,DS,VAL,True,hursat_b1_2015309N14067_20151104T151200Z,data/raw/hursat/2015309N14067/2015309N14067.MEGH.2015.11.04.1500.77.MSG-3.020.hursat-b1.v06.nc,2015-11-04T15:12:00Z,12.0,DEGRADED,False,,,,,NOT_AVAILABLE,False,,,,,NOT_AVAILABLE,1,UNIMODAL_IR,IR_HIGH_NANS_GT_10_PCT
2015309N14067,MEGH,2015-11-04T18:00:00Z,14.0,66.4,25.0,1004.0,TS,VAL,True,hursat_b1_2015309N14067_20151104T181200Z,data/raw/hursat/2015309N14067/2015309N14067.MEGH.2015.11.04.1800.76.MSG-3.022.hursat-b1.v06.nc,2015-11-04T18:12:00Z,12.0,NOMINAL,False,,,,,NOT_AVAILABLE,False,,,,,NOT_AVAILABLE,1,UNIMODAL_IR,
2015309N14067,MEGH,2015-11-04T21:00:00Z,14.1,66.1,28.0,1002.0,TS,VAL,True,hursat_b1_2015309N14067_20151104T211200Z,data/raw/hursat/2015309N14067/2015309N14067.MEGH.2015.11.04.2100.76.MSG-3.024.hursat-b1.v06.nc,2015-11-04T21:12:00Z,12.0,NOMINAL,False,,,,,NOT_AVAILABLE,False,,,,,NOT_AVAILABLE,1,UNIMODAL_IR,
2015309N14067,MEGH,2015-11-05T00:00:00Z,14.1,65.8,25.0,1006.0,TS,VAL,True,hursat_b1_2015309N14067_20151105T001200Z,data/raw/hursat/2015309N14067/2015309N14067.MEGH.2015.11.05.0000.76.MSG-3.026.hursat-b1.v06.nc,2015-11-05T00:12:00Z,12.0,NOMINAL,False,,,,,NOT_AVAILABLE,False,,,,,NOT_AVAILABLE,1,UNIMODAL_IR,
2015309N14067,MEGH,2015-11-05T03:00:00Z,14.1,65.4,25.0,1004.0,TS,VAL,True,hursat_b1_2015309N14067_20151105T031200Z,data/raw/hursat/2015309N14067/2015309N14067.MEGH.2015.11.05.0300.75.MSG-3.028.hursat-b1.v06.nc,2015-11-05T03:12:00Z,12.0,NOMINAL,False,,,,,NOT_AVAILABLE,False,,,,,NOT_AVAILABLE,1,UNIMODAL_IR,
2015309N14067,MEGH,2015-11-05T06:00:00Z,14.0,64.8,30.0,1002.0,TS,VAL,True,hursat_b1_2015309N14067_20151105T061200Z,data/raw/hursat/2015309N14067/2015309N14067.MEGH.2015.11.05.0600.75.MSG-3.030.hursat-b1.v06.nc,2015-11-05T06:12:00Z,12.0,NOMINAL,False,,,,,NOT_AVAILABLE,False,,,,,NOT_AVAILABLE,1,UNIMODAL_IR,
2015309N14067,MEGH,2015-11-05T09:00:00Z,14.0,64.3,35.0,996.0,TS,VAL,True,hursat_b1_2015309N14067_20151105T091200Z,data/raw/hursat/2015309N14067/2015309N14067.MEGH.2015.11.05.0900.74.MSG-3.032.hursat-b1.v06.nc,2015-11-05T09:12:00Z,12.0,NOMINAL,False,,,,,NOT_AVAILABLE,False,,,,,NOT_AVAILABLE,1,UNIMODAL_IR,
2015309N14067,MEGH,2015-11-05T12:00:00Z,14.0,64.0,35.0,998.0,TS,VAL,True,hursat_b1_2015309N14067_20151105T121200Z,data/raw/hursat/2015309N14067/2015309N14067.MEGH.2015.11.05.1200.74.MSG-3.033.hursat-b1.v06.nc,2015-11-05T12:12:00Z,12.0,NOMINAL,False,,,,,NOT_AVAILABLE,False,,,,,NOT_AVAILABLE,1,UNIMODAL_IR,
2015309N14067,MEGH,2015-11-05T15:00:00Z,13.9,63.6,40.0,996.0,TS,VAL,True,hursat_b1_2015309N14067_20151105T151200Z,data/raw/hursat/2015309N14067/2015309N14067.MEGH.2015.11.05.1500.73.MSG-3.037.hursat-b1.v06.nc,2015-11-05T15:12:00Z,12.0,NOMINAL,False,,,,,NOT_AVAILABLE,False,,,,,NOT_AVAILABLE,1,UNIMODAL_IR,
2015309N14067,MEGH,2015-11-05T18:00:00Z,13.8,63.3,45.0,994.0,TS,VAL,True,hursat_b1_2015309N14067_20151105T181200Z,data/raw/hursat/2015309N14067/2015309N14067.MEGH.2015.11.05.1800.73.MSG-3.040.hursat-b1.v06.nc,2015-11-05T18:12:00Z,12.0,NOMINAL,False,,,,,NOT_AVAILABLE,False,,,,,NOT_AVAILABLE,1,UNIMODAL_IR,
2015309N14067,MEGH,2015-11-05T21:00:00Z,13.7,62.9,45.0,994.0,TS,VAL,True,hursat_b1_2015309N14067_20151105T211200Z,data/raw/hursat/2015309N14067/2015309N14067.MEGH.2015.11.05.2100.73.MSG-3.040.hursat-b1.v06.nc,2015-11-05T21:12:00Z,12.0,NOMINAL,False,,,,,NOT_AVAILABLE,False,,,,,NOT_AVAILABLE,1,UNIMODAL_IR,
2015309N14067,MEGH,2015-11-06T00:00:00Z,13.6,62.5,45.0,994.0,TS,VAL,True,hursat_b1_2015309N14067_20151106T001200Z,data/raw/hursat/2015309N14067/2015309N14067.MEGH.2015.11.06.0000.72.MSG-3.040.hursat-b1.v06.nc,2015-11-06T00:12:00Z,12.0,NOMINAL,False,,,,,NOT_AVAILABLE,False,,,,,NOT_AVAILABLE,1,UNIMODAL_IR,
2015309N14067,MEGH,2015-11-06T03:00:00Z,13.4,62.2,45.0,994.0,TS,VAL,True,hursat_b1_2015309N14067_20151106T031200Z,data/raw/hursat/2015309N14067/2015309N14067.MEGH.2015.11.06.0300.72.MSG-3.041.hursat-b1.v06.nc,2015-11-06T03:12:00Z,12.0,NOMINAL,False,,,,,NOT_AVAILABLE,False,,,,,NOT_AVAILABLE,1,UNIMODAL_IR,
2015309N14067,MEGH,2015-11-06T06:00:00Z,13.3,61.9,45.0,994.0,TS,VAL,True,hursat_b1_2015309N14067_20151106T061200Z,data/raw/hursat/2015309N14067/2015309N14067.MEGH.2015.11.06.0600.71.MSG-3.042.hursat-b1.v06.nc,2015-11-06T06:12:00Z,12.0,NOMINAL,False,,,,,NOT_AVAILABLE,False,,,,,NOT_AVAILABLE,1,UNIMODAL_IR,
2015309N14067,MEGH,2015-11-06T09:00:00Z,13.1,61.6,45.0,994.0,TS,VAL,True,hursat_b1_2015309N14067_20151106T091200Z,data/raw/hursat/2015309N14067/2015309N14067.MEGH.2015.11.06.0900.71.MSG-3.042.hursat-b1.v06.nc,2015-11-06T09:12:00Z,12.0,NOMINAL,False,,,,,NOT_AVAILABLE,False,,,,,NOT_AVAILABLE,1,UNIMODAL_IR,
2015309N14067,MEGH,2015-11-06T12:00:00Z,13.1,61.2,45.0,994.0,TS,VAL,True,hursat_b1_2015309N14067_20151106T121200Z,data/raw/hursat/2015309N14067/2015309N14067.MEGH.2015.11.06.1200.71.MSG-3.042.hursat-b1.v06.nc,2015-11-06T12:12:00Z,12.0,NOMINAL,False,,,,,NOT_AVAILABLE,False,,,,,NOT_AVAILABLE,1,UNIMODAL_IR,
2015309N14067,MEGH,2015-11-06T15:00:00Z,12.9,60.9,45.0,994.0,TS,VAL,True,hursat_b1_2015309N14067_20151106T151200Z,data/raw/hursat/2015309N14067/2015309N14067.MEGH.2015.11.06.1500.70.MSG-3.042.hursat-b1.v06.nc,2015-11-06T15:12:00Z,12.0,NOMINAL,False,,,,,NOT_AVAILABLE,False,,,,,NOT_AVAILABLE,1,UNIMODAL_IR,
2015309N14067,MEGH,2015-11-06T18:00:00Z,12.9,60.7,45.0,994.0,TS,VAL,True,hursat_b1_2015309N14067_20151106T181200Z,data/raw/hursat/2015309N14067/2015309N14067.MEGH.2015.11.06.1800.70.MSG-3.042.hursat-b1.v06.nc,2015-11-06T18:12:00Z,12.0,NOMINAL,False,,,,,NOT_AVAILABLE,False,,,,,NOT_AVAILABLE,1,UNIMODAL_IR,
2015309N14067,MEGH,2015-11-06T21:00:00Z,12.8,60.4,45.0,994.0,TS,VAL,True,hursat_b1_2015309N14067_20151106T211200Z,data/raw/hursat/2015309N14067/2015309N14067.MEGH.2015.11.06.2100.70.MSG-3.045.hursat-b1.v06.nc,2015-11-06T21:12:00Z,12.0,NOMINAL,False,,,,,NOT_AVAILABLE,False,,,,,NOT_AVAILABLE,1,UNIMODAL_IR,
2015309N14067,MEGH,2015-11-07T00:00:00Z,12.8,60.1,45.0,994.0,TS,VAL,True,hursat_b1_2015309N14067_20151107T001200Z,data/raw/hursat/2015309N14067/2015309N14067.MEGH.2015.11.07.0000.69.MSG-3.047.hursat-b1.v06.nc,2015-11-07T00:12:00Z,12.0,NOMINAL,False,,,,,NOT_AVAILABLE,False,,,,,NOT_AVAILABLE,1,UNIMODAL_IR,
2015309N14067,MEGH,2015-11-07T03:00:00Z,12.8,59.6,45.0,994.0,TS,VAL,True,hursat_b1_2015309N14067_20151107T031200Z,data/raw/hursat/2015309N14067/2015309N14067.MEGH.2015.11.07.0300.69.MSG-3.050.hursat-b1.v06.nc,2015-11-07T03:12:00Z,12.0,NOMINAL,False,,,,,NOT_AVAILABLE,False,,,,,NOT_AVAILABLE,1,UNIMODAL_IR,
2015309N14067,MEGH,2015-11-07T06:00:00Z,12.7,59.3,50.0,992.0,TS,VAL,True,hursat_b1_2015309N14067_20151107T061200Z,data/raw/hursat/2015309N14067/2015309N14067.MEGH.2015.11.07.0600.69.MSG-3.054.hursat-b1.v06.nc,2015-11-07T06:12:00Z,12.0,NOMINAL,False,,,,,NOT_AVAILABLE,False,,,,,NOT_AVAILABLE,1,UNIMODAL_IR,
2015309N14067,MEGH,2015-11-07T09:00:00Z,12.7,58.8,55.0,990.0,TS,VAL,True,hursat_b1_2015309N14067_20151107T091200Z,data/raw/hursat/2015309N14067/2015309N14067.MEGH.2015.11.07.0900.68.MSG-3.059.hursat-b1.v06.nc,2015-11-07T09:12:00Z,12.0,NOMINAL,False,,,,,NOT_AVAILABLE,False,,,,,NOT_AVAILABLE,1,UNIMODAL_IR,
2015309N14067,MEGH,2015-11-07T12:00:00Z,12.8,58.4,60.0,988.0,TS,VAL,True,hursat_b1_2015309N14067_20151107T121200Z,data/raw/hursat/2015309N14067/2015309N14067.MEGH.2015.11.07.1200.68.MSG-3.065.hursat-b1.v06.nc,2015-11-07T12:12:00Z,12.0,NOMINAL,False,,,,,NOT_AVAILABLE,False,,,,,NOT_AVAILABLE,1,UNIMODAL_IR,
2015309N14067,MEGH,2015-11-07T15:00:00Z,12.7,57.9,65.0,984.0,TS,VAL,True,hursat_b1_2015309N14067_20151107T151200Z,data/raw/hursat/2015309N14067/2015309N14067.MEGH.2015.11.07.1500.67.MSG-3.070.hursat-b1.v06.nc,2015-11-07T15:12:00Z,12.0,NOMINAL,False,,,,,NOT_AVAILABLE,False,,,,,NOT_AVAILABLE,1,UNIMODAL_IR,
2015309N14067,MEGH,2015-11-07T18:00:00Z,12.8,57.3,70.0,980.0,TS,VAL,True,hursat_b1_2015309N14067_20151107T181200Z,data/raw/hursat/2015309N14067/2015309N14067.MEGH.2015.11.07.1800.67.MSG-3.075.hursat-b1.v06.nc,2015-11-07T18:12:00Z,12.0,NOMINAL,False,,,,,NOT_AVAILABLE,False,,,,,NOT_AVAILABLE,1,UNIMODAL_IR,
2015309N14067,MEGH,2015-11-07T21:00:00Z,12.7,56.7,80.0,976.0,TS,VAL,True,hursat_b1_2015309N14067_20151107T211200Z,data/raw/hursat/2015309N14067/2015309N14067.MEGH.2015.11.07.2100.66.MSG-3.082.hursat-b1.v06.nc,2015-11-07T21:12:00Z,12.0,NOMINAL,False,,,,,NOT_AVAILABLE,False,,,,,NOT_AVAILABLE,1,UNIMODAL_IR,
2015309N14067,MEGH,2015-11-08T00:00:00Z,12.7,56.1,85.0,974.0,TS,VAL,True,hursat_b1_2015309N14067_20151108T001200Z,data/raw/hursat/2015309N14067/2015309N14067.MEGH.2015.11.08.0000.65.MSG-3.089.hursat-b1.v06.nc,2015-11-08T00:12:00Z,12.0,NOMINAL,False,,,,,NOT_AVAILABLE,False,,,,,NOT_AVAILABLE,1,UNIMODAL_IR,
2015309N14067,MEGH,2015-11-08T03:00:00Z,12.7,55.5,90.0,968.0,TS,VAL,True,hursat_b1_2015309N14067_20151108T031200Z,data/raw/hursat/2015309N14067/2015309N14067.MEGH.2015.11.08.0300.65.MSG-3.092.hursat-b1.v06.nc,2015-11-08T03:12:00Z,12.0,NOMINAL,False,,,,,NOT_AVAILABLE,False,,,,,NOT_AVAILABLE,1,UNIMODAL_IR,
2015309N14067,MEGH,2015-11-08T06:00:00Z,12.7,54.9,95.0,964.0,TS,VAL,True,hursat_b1_2015309N14067_20151108T061200Z,data/raw/hursat/2015309N14067/2015309N14067.MEGH.2015.11.08.0600.64.MSG-3.096.hursat-b1.v06.nc,2015-11-08T06:12:00Z,12.0,NOMINAL,False,,,,,NOT_AVAILABLE,False,,,,,NOT_AVAILABLE,1,UNIMODAL_IR,
2015309N14067,MEGH,2015-11-08T09:00:00Z,12.7,54.2,95.0,964.0,TS,VAL,True,hursat_b1_2015309N14067_20151108T091200Z,data/raw/hursat/2015309N14067/2015309N14067.MEGH.2015.11.08.0900.63.MSG-3.091.hursat-b1.v06.nc,2015-11-08T09:12:00Z,12.0,NOMINAL,False,,,,,NOT_AVAILABLE,False,,,,,NOT_AVAILABLE,1,UNIMODAL_IR,
2015309N14067,MEGH,2015-11-08T12:00:00Z,12.7,53.5,90.0,970.0,TS,VAL,True,hursat_b1_2015309N14067_20151108T121200Z,data/raw/hursat/2015309N14067/2015309N14067.MEGH.2015.11.08.1200.63.MSG-3.087.hursat-b1.v06.nc,2015-11-08T12:12:00Z,12.0,NOMINAL,False,,,,,NOT_AVAILABLE,False,,,,,NOT_AVAILABLE,1,UNIMODAL_IR,
2015309N14067,MEGH,2015-11-08T15:00:00Z,12.6,52.8,90.0,970.0,TS,VAL,True,hursat_b1_2015309N14067_20151108T151200Z,data/raw/hursat/2015309N14067/2015309N14067.MEGH.2015.11.08.1500.62.MSG-3.084.hursat-b1.v06.nc,2015-11-08T15:12:00Z,12.0,NOMINAL,False,,,,,NOT_AVAILABLE,False,,,,,NOT_AVAILABLE,1,UNIMODAL_IR,
2015309N14067,MEGH,2015-11-08T18:00:00Z,12.5,52.3,90.0,970.0,TS,VAL,True,hursat_b1_2015309N14067_20151108T181200Z,data/raw/hursat/2015309N14067/2015309N14067.MEGH.2015.11.08.1800.61.MSG-3.080.hursat-b1.v06.nc,2015-11-08T18:12:00Z,12.0,NOMINAL,False,,,,,NOT_AVAILABLE,False,,,,,NOT_AVAILABLE,1,UNIMODAL_IR,
2015309N14067,MEGH,2015-11-08T21:00:00Z,12.4,51.6,90.0,970.0,TS,VAL,True,hursat_b1_2015309N14067_20151108T211200Z,data/raw/hursat/2015309N14067/2015309N14067.MEGH.2015.11.08.2100.60.MSG-3.077.hursat-b1.v06.nc,2015-11-08T21:12:00Z,12.0,NOMINAL,False,,,,,NOT_AVAILABLE,False,,,,,NOT_AVAILABLE,1,UNIMODAL_IR,
2015309N14067,MEGH,2015-11-09T00:00:00Z,12.3,50.9,85.0,974.0,TS,VAL,True,hursat_b1_2015309N14067_20151109T001200Z,data/raw/hursat/2015309N14067/2015309N14067.MEGH.2015.11.09.0000.60.MSG-3.073.hursat-b1.v06.nc,2015-11-09T00:12:00Z,12.0,NOMINAL,False,,,,,NOT_AVAILABLE,False,,,,,NOT_AVAILABLE,1,UNIMODAL_IR,
2015309N14067,MEGH,2015-11-09T03:00:00Z,12.2,50.2,80.0,976.0,TS,VAL,True,hursat_b1_2015309N14067_20151109T031200Z,data/raw/hursat/2015309N14067/2015309N14067.MEGH.2015.11.09.0300.59.MSG-3.070.hursat-b1.v06.nc,2015-11-09T03:12:00Z,12.0,NOMINAL,False,,,,,NOT_AVAILABLE,False,,,,,NOT_AVAILABLE,1,UNIMODAL_IR,
2015309N14067,MEGH,2015-11-09T06:00:00Z,12.3,49.6,80.0,978.0,TS,VAL,True,hursat_b1_2015309N14067_20151109T061200Z,data/raw/hursat/2015309N14067/2015309N14067.MEGH.2015.11.09.0600.58.MSG-3.066.hursat-b1.v06.nc,2015-11-09T06:12:00Z,12.0,NOMINAL,False,,,,,NOT_AVAILABLE,False,,,,,NOT_AVAILABLE,1,UNIMODAL_IR,
2015309N14067,MEGH,2015-11-09T09:00:00Z,12.3,48.9,75.0,980.0,TS,VAL,True,hursat_b1_2015309N14067_20151109T091200Z,data/raw/hursat/2015309N14067/2015309N14067.MEGH.2015.11.09.0900.58.MSG-3.062.hursat-b1.v06.nc,2015-11-09T09:12:00Z,12.0,NOMINAL,False,,,,,NOT_AVAILABLE,False,,,,,NOT_AVAILABLE,1,UNIMODAL_IR,
2015309N14067,MEGH,2015-11-09T12:00:00Z,12.5,48.3,70.0,982.0,TS,VAL,True,hursat_b1_2015309N14067_20151109T121200Z,data/raw/hursat/2015309N14067/2015309N14067.MEGH.2015.11.09.1200.57.MSG-3.057.hursat-b1.v06.nc,2015-11-09T12:12:00Z,12.0,NOMINAL,False,,,,,NOT_AVAILABLE,False,,,,,NOT_AVAILABLE,1,UNIMODAL_IR,
2015309N14067,MEGH,2015-11-09T15:00:00Z,12.5,48.0,65.0,986.0,TS,VAL,True,hursat_b1_2015309N14067_20151109T151200Z,data/raw/hursat/2015309N14067/2015309N14067.MEGH.2015.11.09.1500.57.MSG-3.054.hursat-b1.v06.nc,2015-11-09T15:12:00Z,12.0,NOMINAL,False,,,,,NOT_AVAILABLE,False,,,,,NOT_AVAILABLE,1,UNIMODAL_IR,
2015309N14067,MEGH,2015-11-09T18:00:00Z,12.6,47.6,65.0,988.0,TS,VAL,True,hursat_b1_2015309N14067_20151109T181200Z,data/raw/hursat/2015309N14067/2015309N14067.MEGH.2015.11.09.1800.56.MSG-3.050.hursat-b1.v06.nc,2015-11-09T18:12:00Z,12.0,NOMINAL,False,,,,,NOT_AVAILABLE,False,,,,,NOT_AVAILABLE,1,UNIMODAL_IR,
2015309N14067,MEGH,2015-11-09T21:00:00Z,12.7,47.3,60.0,990.0,TS,VAL,True,hursat_b1_2015309N14067_20151109T211200Z,data/raw/hursat/2015309N14067/2015309N14067.MEGH.2015.11.09.2100.56.MSG-3.044.hursat-b1.v06.nc,2015-11-09T21:12:00Z,12.0,NOMINAL,False,,,,,NOT_AVAILABLE,False,,,,,NOT_AVAILABLE,1,UNIMODAL_IR,
2015309N14067,MEGH,2015-11-10T00:00:00Z,12.9,47.0,50.0,996.0,TS,VAL,True,hursat_b1_2015309N14067_20151110T001200Z,data/raw/hursat/2015309N14067/2015309N14067.MEGH.2015.11.10.0000.56.MSG-3.038.hursat-b1.v06.nc,2015-11-10T00:12:00Z,12.0,NOMINAL,False,,,,,NOT_AVAILABLE,False,,,,,NOT_AVAILABLE,1,UNIMODAL_IR,
2015309N14067,MEGH,2015-11-10T03:00:00Z,13.0,46.8,40.0,998.0,TS,VAL,True,hursat_b1_2015309N14067_20151110T031200Z,data/raw/hursat/2015309N14067/2015309N14067.MEGH.2015.11.10.0300.56.MSG-3.032.hursat-b1.v06.nc,2015-11-10T03:12:00Z,12.0,NOMINAL,False,,,,,NOT_AVAILABLE,False,,,,,NOT_AVAILABLE,1,UNIMODAL_IR,
2015309N14067,MEGH,2015-11-10T06:00:00Z,13.3,46.6,30.0,1003.0,TS,VAL,True,hursat_b1_2015309N14067_20151110T061200Z,data/raw/hursat/2015309N14067/2015309N14067.MEGH.2015.11.10.0600.55.MSG-3.026.hursat-b1.v06.nc,2015-11-10T06:12:00Z,12.0,NOMINAL,False,,,,,NOT_AVAILABLE,False,,,,,NOT_AVAILABLE,1,UNIMODAL_IR,
2015309N14067,MEGH,2015-11-10T09:00:00Z,13.5,46.6,23.0,1006.0,TS,VAL,True,hursat_b1_2015309N14067_20151110T091200Z,data/raw/hursat/2015309N14067/2015309N14067.MEGH.2015.11.10.0900.55.MSG-3.024.hursat-b1.v06.nc,2015-11-10T09:12:00Z,12.0,NOMINAL,False,,,,,NOT_AVAILABLE,False,,,,,NOT_AVAILABLE,1,UNIMODAL_IR,
2015309N14067,MEGH,2015-11-10T12:00:00Z,13.7,46.6,25.0,1005.0,MX,VAL,True,hursat_b1_2015309N14067_20151110T121200Z,data/raw/hursat/2015309N14067/2015309N14067.MEGH.2015.11.10.1200.56.MSG-3.021.hursat-b1.v06.nc,2015-11-10T12:12:00Z,12.0,NOMINAL,False,,,,,NOT_AVAILABLE,False,,,,,NOT_AVAILABLE,1,UNIMODAL_IR,
