SID,SEASON,NUMBER,BASIN,SUBBASIN,NAME,ISO_TIME,NATURE,LAT,LON,WMO_WIND,WMO_PRES,WMO_AGENCY,TRACK_TYPE,DIST2LAND,LANDFALL,IFLAG,USA_AGENCY,USA_ATCF_ID,USA_LAT,USA_LON,USA_RECORD,USA_STATUS,USA_WIND,USA_PRES,USA_SSHS,USA_R34_NE,USA_R34_SE,USA_R34_SW,USA_R34_NW,USA_R50_NE,USA_R50_SE,USA_R50_SW,USA_R50_NW,USA_R64_NE,USA_R64_SE,USA_R64_SW,USA_R64_NW,USA_POCI,USA_ROCI,USA_RMW,USA_EYE,TOKYO_LAT,TOKYO_LON,TOKYO_GRADE,TOKYO_WIND,TOKYO_PRES,TOKYO_R50_DIR,TOKYO_R50_LONG,TOKYO_R50_SHORT,TOKYO_R30_DIR,TOKYO_R30_LONG,TOKYO_R30_SHORT,TOKYO_LAND,CMA_LAT,CMA_LON,CMA_CAT,CMA_WIND,CMA_PRES,HKO_LAT,HKO_LON,HKO_CAT,HKO_WIND,HKO_PRES,KMA_LAT,KMA_LON,KMA_CAT,KMA_WIND,KMA_PRES,KMA_R50_DIR,KMA_R50_LONG,KMA_R50_SHORT,KMA_R30_DIR,KMA_R30_LONG,KMA_R30_SHORT,NEWDELHI_LAT,NEWDELHI_LON,NEWDELHI_GRADE,NEWDELHI_WIND,NEWDELHI_PRES,NEWDELHI_CI,NEWDELHI_DP,NEWDELHI_POCI,REUNION_LAT,REUNION_LON,REUNION_TYPE,REUNION_WIND,REUNION_PRES,REUNION_TNUM,REUNION_CI,REUNION_RMW,REUNION_R34_NE,REUNION_R34_SE,REUNION_R34_SW,REUNION_R34_NW,REUNION_R50_NE,REUNION_R50_SE,REUNION_R50_SW,REUNION_R50_NW,REUNION_R64_NE,REUNION_R64_SE,REUNION_R64_SW,REUNION_R64_NW,BOM_LAT,BOM_LON,BOM_TYPE,BOM_WIND,BOM_PRES,BOM_TNUM,BOM_CI,BOM_RMW,BOM_R34_NE,BOM_R34_SE,BOM_R34_SW,BOM_R34_NW,BOM_R50_NE,BOM_R50_SE,BOM_R50_SW,BOM_R50_NW,BOM_R64_NE,BOM_R64_SE,BOM_R64_SW,BOM_R64_NW,BOM_ROCI,BOM_POCI,BOM_EYE,BOM_POS_METHOD,BOM_PRES_METHOD,NADI_LAT,NADI_LON,NADI_CAT,NADI_WIND,NADI_PRES,WELLINGTON_LAT,WELLINGTON_LON,WELLINGTON_WIND,WELLINGTON_PRES,DS824_LAT,DS824_LON,DS824_STAGE,DS824_WIND,DS824_PRES,TD9636_LAT,TD9636_LON,TD9636_STAGE,TD9636_WIND,TD9636_PRES,TD9635_LAT,TD9635_LON,TD9635_WIND,TD9635_PRES,TD9635_ROCI,NEUMANN_LAT,NEUMANN_LON,NEUMANN_CLASS,NEUMANN_WIND,NEUMANN_PRES,MLC_LAT,MLC_LON,MLC_CLASS,MLC_WIND,MLC_PRES,USA_GUST,BOM_GUST,BOM_GUST_PER,REUNION_GUST,REUNION_GUST_PER,USA_SEAHGT,USA_SEARAD_NE,USA_SEARAD_SE,USA_SEARAD_SW,USA_SEARAD_NW,STORM_SPEED,STORM_DIR
 ,Year, , , , , , ,degrees_north,degrees_east,kts,mb, , ,km,km, , , ,degrees_north,degrees_east, , ,kts,mb,1,nmile,nmile,nmile,nmile,nmile,nmile,nmile,nmile,nmile,nmile,nmile,nmile,mb,nmile,nmile,nmile,degrees_north,degrees_east,1,kts,mb, ,nmile,nmile, ,nmile,nmile,1,degrees_north,degrees_east,1,kts,mb,degrees_north,degrees_east, ,kts,mb,degrees_north,degrees_east, ,kts,mb, ,nmile,nmile, ,nmile,nmile,degrees_north,degrees_east, ,kts,mb,1,mb,mb,degrees_north,degrees_east, ,kts,mb,1,1,nmile,nmile,nmile,nmile,nmile,nmile,nmile,nmile,nmile,nmile,nmile,nmile,nmile,degrees_north,degrees_east, ,kts,mb,1,1,nmile,nmile,nmile,nmile,nmile,nmile,nmile,nmile,nmile,nmile,nmile,nmile,nmile,nmile,mb,nmile, , ,degrees_north,degrees_east,1,kts,mb,degrees_north,degrees_east,kts,mb,degrees_north,degrees_east, ,kts,mb,degrees_north,degrees_east, ,kts,mb,degrees_north,degrees_east,kts,mb,nmile,degrees_north,degrees_east, ,kts,mb,degrees_north,degrees_east, ,kts,mb,kts,kts,second,kts,second,ft,nmile,nmile,nmile,nmile,kts,degrees
2013281N12098,2013,75,NI,BB,PHAILIN,2013-10-07 12:00:00,DS,11.8,97.6, , , ,main,98,98,O______________,jtwc_io,IO022013,11.8,97.6, ,DB,20,1007,-3, , , , , , , , , , , , ,1011,150, , , , , , , , , , , , , , , , , , , , , , , , , , , , , , , , , , , , , , , , , , , , , , , , , , , , , , , , , , , , , , , , , , , , , , , , , , , , , , , , , , , , , , , , , , , , , , , , , , , , , , , , , , , , , , , , , , , , , , , , , , , , , , , , , , , , ,13,285
2013281N12098,2013,75,NI,BB,PHAILIN,2013-10-07 15:00:00,DS,12.0,97.0, , , ,main,163,163,P______________, ,IO022013,12.0,97.0, ,DB,23,1006,-3, , , , , , , , , , , , ,1009,155, , , , , , , , , , , , , , , , , , , , , , , , , , , , , , , , , , , , , , , , , , , , , , , , , , , , , , , , , , , , , , , , , , , , , , , , , , , , , , , , , , , , , , , , , , , , , , , , , , , , , , , , , , , , , , , , , , , , , , , , , , , , , , , , , , , , ,12,285
2013281N12098,2013,75,NI,BB,PHAILIN,2013-10-07 18:00:00,TS,12.1,96.4, , , ,main,229,229,O______________,jtwc_io,IO022013,12.1,96.4, ,TD,25,1004,-1, , , , , , , , , , , , ,1006,160,45, , , , , , , , , , , , , , , , , , , , , , , , , , , , , , , , , , , , , , , , , , , , , , , , , , , , , , , , , , , , , , , , , , , , , , , , , , , , , , , , , , , , , , , , , , , , , , , , , , , , , , , , , , , , , , , , , , , , , , , , , , , , , , , , , , , ,10,285
2013281N12098,2013,75,NI,BB,PHAILIN,2013-10-07 21:00:00,TS,12.2,95.9, , , ,main,284,284,P______________, ,IO022013,12.2,95.9, ,TD,25,1004,-1, , , , , , , , , , , , ,1006,160,45, , , , , , , , , , , , , , , , , , , , , , , , , , , , , , , , , , , , , , , , , , , , , , , , , , , , , , , , , , , , , , , , , , , , , , , , , , , , , , , , , , , , , , , , , , , , , , , , , , , , , , , , , , , , , , , , , , , , , , , , , , , , , , , , , , , ,8,285
2013281N12098,2013,75,NI,BB,PHAILIN,2013-10-08 00:00:00,TS,12.3,95.6, , , ,main,307,307,O______________,jtwc_io,IO022013,12.3,95.6, ,TD,25,1004,-1, , , , , , , , , , , , ,1006,160,45, , , , , , , , , , , , , , , , , , , , , , , , , , , , , , , , , , , , , , , , , , , , , , , , , , , , , , , , , , , , , , , , , , , , , , , , , , , , , , , , , , , , , , , , , , , , , , , , , , , , , , , , , , , , , , , , , , , , , , , , , , , , , , , , , , , ,5,290
2013281N12098,2013,75,NI,BB,PHAILIN,2013-10-08 03:00:00,TS,12.4,95.5,25,1004,newdelhi,main,312,312,P____O_________, ,IO022013,12.5,95.3, ,TD,25,1004,-1, , , , , , , , , , , , ,1006,160,45, , , , , , , , , , , , , , , , , , , , , , , , , , , , , , , , , , ,12.0,96.0,D,25,1004,1.50000,3, , , , , , , , , , , , , , , , , , , , , , , , , , , , , , , , , , , , , , , , , , , , , , , , , , , , , , , , , , , , , , , , , , , , , , , , , , , , , , , , , , , , , , , , , , ,4,285
2013281N12098,2013,75,NI,BB,PHAILIN,2013-10-08 06:00:00,TS,12.4,95.2,25,1004,newdelhi,main,341,341,O____O_________,jtwc_io,IO022013,12.6,95.1, ,TD,25,1004,-1, , , , , , , , , , , , ,1006,160,45, , , , , , , , , , , , , , , , , , , , , , , , , , , , , , , , , , ,12.0,95.5,D,25,1004,1.50000,3, , , , , , , , , , , , , , , , , , , , , , , , , , , , , , , , , , , , , , , , , , , , , , , , , , , , , , , , , , , , , , , , , , , , , , , , , , , , , , , , , , , , , , , , , , ,6,270
2013281N12098,2013,75,NI,BB,PHAILIN,2013-10-08 09:00:00,TS,12.4,94.9, , , ,main,369,369,P____P_________, ,IO022013,12.7,94.8, ,TD,28,1002,-1, , , , , , , , , , , , ,1006,160,45, , , , , , , , , , , , , , , , , , , , , , , , , , , , , , , , , , ,12.0,95.0,D,25,1004, ,4, , , , , , , , , , , , , , , , , , , , , , , , , , , , , , , , , , , , , , , , , , , , , , , , , , , , , , , , , , , , , , , , , , , , , , , , , , , , , , , , , , , , , , , , , , ,7,265
2013281N12098,2013,75,NI,BB,PHAILIN,2013-10-08 12:00:00,TS,12.4,94.5,25,1003,newdelhi,main,373,366,O____O_________,jtwc_io,IO022013,12.7,94.5, ,TD,30,1000,-1, , , , , , , , , , , , ,1006,160,45, , , , , , , , , , , , , , , , , , , , , , , , , , , , , , , , , , ,12.0,94.5,D,25,1003,1.50000,4, , , , , , , , , , , , , , , , , , , , , , , , , , , , , , , , , , , , , , , , , , , , , , , , , , , , , , , , , , , , , , , , , , , , , , , , , , , , , , , , , , , , , , , , , , ,7,280
2013281N12098,2013,75,NI,BB,PHAILIN,2013-10-08 15:00:00,TS,12.5,94.2, , , ,main,368,349,P____P_________, ,IO022013,12.8,94.2, ,TD,30,1000,-1, , , , , , , , , , , , ,1007,173,45, , , , , , , , , , , , , , , , , , , , , , , , , , , , , , , , , , ,12.2,94.2,D,25,1003, ,4, , , , , , , , , , , , , , , , , , , , , , , , , , , , , , , , , , , , , , , , , , , , , , , , , , , , , , , , , , , , , , , , , , , , , , , , , , , , , , , , , , , , , , , , , , ,6,305
2013281N12098,2013,75,NI,BB,PHAILIN,2013-10-08 18:00:00,TS,12.7,94.0,25,1003,newdelhi,main,349,331,O____O_________,jtwc_io,IO022013,12.9,93.9, ,TD,30,1000,-1, , , , , , , , , , , , ,1007,185,45, , , , , , , , , , , , , , , , , , , , , , , , , , , , , , , , , , ,12.5,94.0,D,25,1003,1.50000,4, , , , , , , , , , , , , , , , , , , , , , , , , , , , , , , , , , , , , , , , , , , , , , , , , , , , , , , , , , , , , , , , , , , , , , , , , , , , , , , , , , , , , , , , , , ,7,310
2013281N12098,2013,75,NI,BB,PHAILIN,2013-10-08 21:00:00,TS,12.9,93.7, , , ,main,333,317,P____P_________, ,IO022013,13.0,93.7, ,TD,33,998,-1, , , , , , , , , , , , ,1007,193,45, , , , , , , , , , , , , , , , , , , , , , , , , , , , , , , , , , ,12.8,93.7,D,28,1003, ,5, , , , , , , , , , , , , , , , , , , , , , , , , , , , , , , , , , , , , , , , , , , , , , , , , , , , , , , , , , , , , , , , , , , , , , , , , , , , , , , , , , , , , , , , , , ,6,310
2013281N12098,2013,75,NI,BB,PHAILIN,2013-10-09 00:00:00,TS,13.1,93.5,30,1002,newdelhi,main,317,317,O____O_________,jtwc_io,IO022013,13.2,93.4, ,TS,35,996,0, , , , , , , , , , , , ,1006,200,45, , , , , , , , , , , , , , , , , , , , , , , , , , , , , , , , , , ,13.0,93.5,DD,30,1002,2.00000,5, , , , , , , , , , , , , , , , , , , , , , , , , , , , , , , , , , , , , , , , , , , , , , , , , , , , , , , , , , , , , , , , , , , , , , , , , , , , , , , , , , , , , , , , , , ,4,300
2013281N12098,2013,75,NI,BB,PHAILIN,2013-10-09 03:00:00,TS,13.2,93.3,30,1001,newdelhi,main,314,314,P____O_________, ,IO022013,13.3,93.1, ,TS,38,995,0, , , , , , , , , , , , ,1007,200,45, , , , , , , , , , , , , , , , , , , , , , , , , , , , , , , , , , ,13.0,93.5,DD,30,1001,2.00000,5, , , , , , , , , , , , , , , , , , , , , , , , , , , , , , , , , , , , , , , , , , , , , , , , , , , , , , , , , , , , , , , , , , , , , , , , , , , , , , , , , , , , , , , , , , ,5,280
2013281N12098,2013,75,NI,BB,PHAILIN,2013-10-09 06:00:00,TS,13.2,92.9,30,1000,newdelhi,main,332,322,O____O_________,jtwc_io,IO022013,13.4,92.8, ,TS,40,993,0,55,50,50,55, , , , , , , , ,1007,200,45, , , , , , , , , , , , , , , , , , , , , , , , , , , , , , , , , , ,13.0,93.0,DD,30,1000,2.00000,6, , , , , , , , , , , , , , , , , , , , , , , , , , , , , , , , , , , , , , , , , , , , , , , , , , , , , , , , , , , , , , , , , , , , , , , , , , , , , , , , , , , , , , , , , , ,8,295
2013281N12098,2013,75,NI,BB,PHAILIN,2013-10-09 09:00:00,TS,13.5,92.5,30,1000,newdelhi,main,328,320,P____O_________, ,IO022013,13.5,92.5, ,TS,43,991,0,55,50,50,55, , , , , , , , ,1007,200,45, , , , , , , , , , , , , , , , , , , , , , , , , , , , , , , , , , ,13.5,92.5,DD,30,1000,2.00000,6, , , , , , , , , , , , , , , , , , , , , , , , , , , , , , , , , , , , , , , , , , , , , , , , , , , , , , , , , , , , , , , , , , , , , , , , , , , , , , , , , , , , , , , , , , ,6,310
2013281N12098,2013,75,NI,BB,PHAILIN,2013-10-09 12:00:00,TS,13.6,92.4,35,999,newdelhi,main,327,326,O____O_________,jtwc_io,IO022013,13.7,92.3, ,TS,45,989,0,55,50,50,55, , , , , , , , ,1007,200,45, , , , , , , , , , , , , , , , , , , , , , , , , , , , , , , , , , ,13.5,92.5,CS,35,999,2.50000,7, , , , , , , , , , , , , , , , , , , , , , , , , , , , , , , , , , , , , , , , , , , , , , , , , , , , , , , , , , , , , , , , , , , , , , , , , , , , , , , , , , , , , , , , , , ,3,310
2013281N12098,2013,75,NI,BB,PHAILIN,2013-10-09 15:00:00,TS,13.7,92.3,35,999,newdelhi,main,326,325,P____O_________, ,IO022013,13.8,92.0, ,TS,50,986,0,55,53,55,60, , , , , , , , ,1007,205,45, , , , , , , , , , , , , , , , , , , , , , , , , , , , , , , , , , ,13.6,92.5,CS,35,999,2.50000,7, , , , , , , , , , , , , , , , , , , , , , , , , , , , , , , , , , , , , , , , , , , , , , , , , , , , , , , , , , , , , , , , , , , , , , , , , , , , , , , , , , , , , , , , , , ,6,310
2013281N12098,2013,75,NI,BB,PHAILIN,2013-10-09 18:00:00,TS,14.0,91.9,40,998,newdelhi,main,333,333,O____O_________,jtwc_io,IO022013,14.0,91.8, ,TS,55,982,0,55,55,60,65, , , , , , , , ,1007,210,45, , , , , , , , , , , , , , , , , , , , , , , , , , , , , , , , , , ,14.0,92.0,CS,40,998,2.50000,8, , , , , , , , , , , , , , , , , , , , , , , , , , , , , , , , , , , , , , , , , , , , , , , , , , , , , , , , , , , , , , , , , , , , , , , , , , , , , , , , , , , , , , , , , , ,6,310
2013281N12098,2013,75,NI,BB,PHAILIN,2013-10-09 21:00:00,TS,14.1,91.8,45,996,newdelhi,main,334,331,P____O_________, ,IO022013,14.2,91.6, ,TS,60,978,0,60,60,65,70, , , , , , , , ,1007,210,33, , , , , , , , , , , , , , , , , , , , , , , , , , , , , , , , , , ,14.0,92.0,CS,45,996,3.00000,10, , , , , , , , , , , , , , , , , , , , , , , , , , , , , , , , , , , , , , , , , , , , , , , , , , , , , , , , , , , , , , , , , , , , , , , , , , , , , , , , , , , , , , , , , , ,7,315
2013281N12098,2013,75,NI,BB,PHAILIN,2013-10-10 00:00:00,TS,14.5,91.4,45,996,newdelhi,main,344,344,O____O_________,jtwc_io,IO022013,14.5,91.3, ,TY,65,974,1,65,65,70,75,20,20,20,20, , , , ,1007,210,20, , , , , , , , , , , , , , , , , , , , , , , , , , , , , , , , , , ,14.5,91.5,CS,45,996,3.00000,10, , , , , , , , , , , , , , , , , , , , , , , , , , , , , , , , , , , , , , , , , , , , , , , , , , , , , , , , , , , , , , , , , , , , , , , , , , , , , , , , , , , , , , , , , , ,9,305
2013281N12098,2013,75,NI,BB,PHAILIN,2013-10-10 03:00:00,TS,14.6,91.0,55,990,newdelhi,main,377,372,P____O_________, ,IO022013,14.8,91.1, ,TY,78,965,1,68,68,73,78,23,23,23,23, , , , ,1007,205,18, , , , , , , , , , , , , , , , , , , , , , , , , , , , , , , , , , ,14.5,91.0,SCS,55,990,3.50000,15, , , , , , , , , , , , , , , , , , , , , , , , , , , , , , , , , , , , , , , , , , , , , , , , , , , , , , , , , , , , , , , , , , , , , , , , , , , , , , , , , , , , , , , , , , ,9,305
2013281N12098,2013,75,NI,BB,PHAILIN,2013-10-10 06:00:00,TS,15.0,90.7,65,984,newdelhi,main,391,391,O____O_________,jtwc_io,IO022013,15.0,90.8, ,TY,90,956,2,70,70,75,80,25,25,25,25,10,10,10,10,1006,200,15,20, , , , , , , , , , , , , , , , , , , , , , , , , , , , , , , , , ,15.0,90.5,VSCS,65,984,4.00000,22, , , , , , , , , , , , , , , , , , , , , , , , , , , , , , , , , , , , , , , , , , , , , , , , , , , , , , , , , , , , , , , , , , , , , , , , , , , , , , , , , , , , , , , , , , ,7,315
2013281N12098,2013,75,NI,BB,PHAILIN,2013-10-10 09:00:00,TS,15.1,90.5,70,982,newdelhi,main,409,406,P____O_________, ,IO022013,15.2,90.5, ,TY,100,949,3,70,70,75,80,25,25,25,25,13,13,13,13,1006,200,14, , , , , , , , , , , , , , , , , , , , , , , , , , , , , , , , , , ,15.0,90.5,VSCS,70,982,4.00000,24, , , , , , , , , , , , , , , , , , , , , , , , , , , , , , , , , , , , , , , , , , , , , , , , , , , , , , , , , , , , , , , , , , , , , , , , , , , , , , , , , , , , , , , , , , ,7,310
2013281N12098,2013,75,NI,BB,PHAILIN,2013-10-10 12:00:00,TS,15.4,90.1,75,976,newdelhi,main,442,442,O____O_________,jtwc_io,IO022013,15.4,90.2, ,TY,110,941,3,70,70,75,80,25,25,25,25,15,15,15,15,1005,200,12,15, , , , , , , , , , , , , , , , , , , , , , , , , , , , , , , , , ,15.5,90.0,VSCS,75,976,4.50000,30, , , , , , , , , , , , , , , , , , , , , , , , , , , , , , , , , , , , , , , , , , , , , , , , , , , , , , , , , , , , , , , , , , , , , , , , , , , , , , , , , , , , , , , , , , ,7,305
2013281N12098,2013,75,NI,BB,PHAILIN,2013-10-10 15:00:00,TS,15.5,89.9,90,966,newdelhi,main,463,463,P____O_________, ,IO022013,15.5,89.8, ,TY,120,934,4,78,75,78,83,30,30,30,30,18,18,18,18,1005,200,12, , , , , , , , , , , , , , , , , , , , , , , , , , , , , , , , , , ,15.5,90.0,VSCS,90,966,5.00000,40, , , , , , , , , , , , , , , , , , , , , , , , , , , , , , , , , , , , , , , , , , , , , , , , , , , , , , , , , , , , , , , , , , , , , , , , , , , , , , , , , , , , , , , , , , ,6,280
2013281N12098,2013,75,NI,BB,PHAILIN,2013-10-10 18:00:00,TS,15.6,89.5,95,960,newdelhi,main,505,505,O____O_________,jtwc_io,IO022013,15.6,89.4, ,ST,130,926,4,85,80,80,85,35,35,35,35,20,20,20,20,1004,200,12,15, , , , , , , , , , , , , , , , , , , , , , , , , , , , , , , , , ,15.5,89.5,VSCS,95,960,5.00000,46, , , , , , , , , , , , , , , , , , , , , , , , , , , , , , , , , , , , , , , , , , , , , , , , , , , , , , , , , , , , , , , , , , , , , , , , , , , , , , , , , , , , , , , , , , ,9,275
2013281N12098,2013,75,NI,BB,PHAILIN,2013-10-10 21:00:00,TS,15.6,89.0,100,954,newdelhi,main,558,524,P____O_________, ,IO022013,15.6,89.0, ,ST,133,924,4,88,83,80,90,40,40,45,45,25,25,25,25,1004,210,12, , , , , , , , , , , , , , , , , , , , , , , , , , , , , , , , , , ,15.5,89.0,VSCS,100,954,5.50000,52, , , , , , , , , , , , , , , , , , , , , , , , , , , , , , , , , , , , , , , , , , , , , , , , , , , , , , , , , , , , , , , , , , , , , , , , , , , , , , , , , , , , , , , , , , ,9,290
2013281N12098,2013,75,NI,BB,PHAILIN,2013-10-11 00:00:00,TS,15.9,88.6,110,946,newdelhi,main,514,509,O____O_________,jtwc_io,IO022013,15.7,88.7, ,ST,135,922,4,90,85,80,95,45,45,55,55,30,30,30,30,1004,220,12,15, , , , , , , , , , , , , , , , , , , , , , , , , , , , , , , , , ,16.0,88.5,VSCS,110,946,5.50000,60, , , , , , , , , , , , , , , , , , , , , , , , , , , , , , , , , , , , , , , , , , , , , , , , , , , , , , , , , , , , , , , , , , , , , , , , , , , , , , , , , , , , , , , , , , ,6,305
2013281N12098,2013,75,NI,BB,PHAILIN,2013-10-11 03:00:00,TS,15.9,88.5,115,940,newdelhi,main,509,480,P____O_________, ,IO022013,15.9,88.5, ,ST,135,922,4,90,85,80,95,45,45,55,55,30,30,30,30,1005,220,12, , , , , , , , , , , , , , , , , , , , , , , , , , , , , , , , , , ,16.0,88.5,VSCS,115,940,6.00000,66, , , , , , , , , , , , , , , , , , , , , , , , , , , , , , , , , , , , , , , , , , , , , , , , , , , , , , , , , , , , , , , , , , , , , , , , , , , , , , , , , , , , , , , , , , ,4,315
2013281N12098,2013,75,NI,BB,PHAILIN,2013-10-11 06:00:00,TS,16.2,88.3,115,940,newdelhi,main,470,436,O____O_________,jtwc_io,IO022013,16.1,88.3, ,ST,135,922,4,90,85,80,95,45,45,55,55,30,30,30,30,1005,220,12,15, , , , , , , , , , , , , , , , , , , , , , , , , , , , , , , , , ,16.2,88.3,VSCS,115,940,6.00000,66, , , , , , , , , , , , , , , , , , , , , , , , , , , , , , , , , , , , , , , , , , , , , , , , , , , , , , , , , , , , , , , , , , , , , , , , , , , , , , , , , , , , , , , , , , ,7,320
2013281N12098,2013,75,NI,BB,PHAILIN,2013-10-11 09:00:00,TS,16.5,88.0,115,940,newdelhi,main,426,393,P____O_________, ,IO022013,16.4,88.0, ,ST,138,920,5,90,85,80,95,45,45,55,55,30,30,30,30,1004,215,11, , , , , , , , , , , , , , , , , , , , , , , , , , , , , , , , , , ,16.5,88.0,VSCS,115,940,6.00000,66, , , , , , , , , , , , , , , , , , , , , , , , , , , , , , , , , , , , , , , , , , , , , , , , , , , , , , , , , , , , , , , , , , , , , , , , , , , , , , , , , , , , , , , , , , ,8,315
2013281N12098,2013,75,NI,BB,PHAILIN,2013-10-11 12:00:00,TS,16.8,87.7,115,940,newdelhi,main,383,363,O____O_________,jtwc_io,IO022013,16.7,87.7, ,ST,140,918,5,90,85,80,95,45,45,55,55,30,30,30,30,1002,210,10,10, , , , , , , , , , , , , , , , , , , , , , , , , , , , , , , , , ,16.8,87.7,VSCS,115,940,6.00000,66, , , , , , , , , , , , , , , , , , , , , , , , , , , , , , , , , , , , , , , , , , , , , , , , , , , , , , , , , , , , , , , , , , , , , , , , , , , , , , , , , , , , , , , , , , ,8,295
2013281N12098,2013,75,NI,BB,PHAILIN,2013-10-11 15:00:00,TS,16.8,87.3,115,940,newdelhi,main,363,331,P____O_________, ,IO022013,16.8,87.3, ,ST,140,918,5,95,88,85,98,45,45,55,55,30,30,30,30,1003,215,10, , , , , , , , , , , , , , , , , , , , , , , , , , , , , , , , , , ,16.9,87.2,VSCS,115,940,6.00000,66, , , , , , , , , , , , , , , , , , , , , , , , , , , , , , , , , , , , , , , , , , , , , , , , , , , , , , , , , , , , , , , , , , , , , , , , , , , , , , , , , , , , , , , , , , ,7,285
2013281N12098,2013,75,NI,BB,PHAILIN,2013-10-11 18:00:00,TS,16.9,87.0,115,940,newdelhi,main,331,300,O____O_________,jtwc_io,IO022013,16.8,87.0, ,ST,140,918,5,100,90,90,100,45,45,55,55,30,30,30,30,1003,220,10,10, , , , , , , , , , , , , , , , , , , , , , , , , , , , , , , , , ,17.0,87.0,VSCS,115,940,6.00000,66, , , , , , , , , , , , , , , , , , , , , , , , , , , , , , , , , , , , , , , , , , , , , , , , , , , , , , , , , , , , , , , , , , , , , , , , , , , , , , , , , , , , , , , , , , ,6,295
2013281N12098,2013,75,NI,BB,PHAILIN,2013-10-11 21:00:00,TS,17.1,86.7,115,940,newdelhi,main,292,254,P____O_________, ,IO022013,17.1,86.7, ,ST,140,918,5,110,100,100,110,53,50,55,58,30,30,30,30,1004,215,10, , , , , , , , , , , , , , , , , , , , , , , , , , , , , , , , , , ,17.1,86.8,VSCS,115,940,6.00000,66, , , , , , , , , , , , , , , , , , , , , , , , , , , , , , , , , , , , , , , , , , , , , , , , , , , , , , , , , , , , , , , , , , , , , , , , , , , , , , , , , , , , , , , , , , ,8,315
2013281N12098,2013,75,NI,BB,PHAILIN,2013-10-12 00:00:00,TS,17.5,86.5,115,940,newdelhi,main,247,200,O____O_________,jtwc_io,IO022013,17.4,86.4, ,ST,140,918,5,120,110,110,120,60,55,55,60,30,30,30,30,1004,210,10,10, , , , , , , , , , , , , , , , , , , , , , , , , , , , , , , , , ,17.5,86.5,VSCS,115,940,6.00000,66, , , , , , , , , , , , , , , , , , , , , , , , , , , , , , , , , , , , , , , , , , , , , , , , , , , , , , , , , , , , , , , , , , , , , , , , , , , , , , , , , , , , , , , , , , ,9,315
2013281N12098,2013,75,NI,BB,PHAILIN,2013-10-12 03:00:00,TS,17.7,86.0,115,940,newdelhi,main,192,155,P____O_________, ,IO022013,17.7,86.1, ,ST,138,920,5,120,110,110,120,60,55,55,60,30,30,30,30,1004,210,13, , , , , , , , , , , , , , , , , , , , , , , , , , , , , , , , , , ,17.8,86.0,VSCS,115,940,6.00000,66, , , , , , , , , , , , , , , , , , , , , , , , , , , , , , , , , , , , , , , , , , , , , , , , , , , , , , , , , , , , , , , , , , , , , , , , , , , , , , , , , , , , , , , , , , ,9,310
2013281N12098,2013,75,NI,BB,PHAILIN,2013-10-12 06:00:00,TS,18.1,85.8,115,940,newdelhi,main,148,104,O____O_________,jtwc_io,IO022013,18.0,85.8, ,ST,135,922,4,120,110,110,120,60,55,55,60,30,30,30,30,1004,210,15,20, , , , , , , , , , , , , , , , , , , , , , , , , , , , , , , , , ,18.1,85.7,VSCS,115,940,6.00000,66, , , , , , , , , , , , , , , , , , , , , , , , , , , , , , , , , , , , , , , , , , , , , , , , , , , , , , , , , , , , , , , , , , , , , , , , , , , , , , , , , , , , , , , , , , ,9,320
2013281N12098,2013,75,NI,BB,PHAILIN,2013-10-12 09:00:00,TS,18.5,85.4,115,940,newdelhi,main,90,62,P____O_________, ,IO022013,18.3,85.5, ,ST,130,926,4,120,110,110,113,58,53,53,53,28,28,28,28,1004,210,13, , , , , , , , , , , , , , , , , , , , , , , , , , , , , , , , , , ,18.6,85.4,VSCS,115,940,6.00000,66, , , , , , , , , , , , , , , , , , , , , , , , , , , , , , , , , , , , , , , , , , , , , , , , , , , , , , , , , , , , , , , , , , , , , , , , , , , , , , , , , , , , , , , , , , ,8,320
2013281N12098,2013,75,NI,BB,PHAILIN,2013-10-12 12:00:00,TS,18.7,85.2,115,940,newdelhi,main,62,30,O____O_________,jtwc_io,IO022013,18.7,85.2, ,TY,125,929,4,120,110,110,105,55,50,50,45,25,25,25,25,1004,210,10,10, , , , , , , , , , , , , , , , , , , , , , , , , , , , , , , , , ,18.7,85.2,VSCS,115,940,6.00000,66, , , , , , , , , , , , , , , , , , , , , , , , , , , , , , , , , , , , , , , , , , , , , , , , , , , , , , , , , , , , , , , , , , , , , , , , , , , , , , , , , , , , , , , , , , ,7,335
2013281N12098,2013,75,NI,BB,PHAILIN,2013-10-12 15:00:00,TS,19.1,85.1,115,940,newdelhi,main,30,0,P____O_________, ,IO022013,19.1,85.0, ,TY,113,939,4,120,110,110,105,55,50,50,45,25,25,25,25,1003,215,10, , , , , , , , , , , , , , , , , , , , , , , , , , , , , , , , , , ,19.1,85.2,VSCS,115,940,6.00000,66, , , , , , , , , , , , , , , , , , , , , , , , , , , , , , , , , , , , , , , , , , , , , , , , , , , , , , , , , , , , , , , , , , , , , , , , , , , , , , , , , , , , , , , , , , ,9,335
2013281N12098,2013,75,NI,BB,PHAILIN,2013-10-12 18:00:00,TS,19.5,84.9,100,956,newdelhi,main,0,0,O____O_________,jtwc_io,IO022013,19.5,84.9, ,TY,100,948,3,120,110,110,105,55,50,50,45,25,25,25,25,1002,220,10,10, , , , , , , , , , , , , , , , , , , , , , , , , , , , , , , , , ,19.5,84.8,VSCS,100,956,0.00000,50, , , , , , , , , , , , , , , , , , , , , , , , , , , , , , , , , , , , , , , , , , , , , , , , , , , , , , , , , , , , , , , , , , , , , , , , , , , , , , , , , , , , , , , , , , ,10,330
2013281N12098,2013,75,NI,BB,PHAILIN,2013-10-12 21:00:00,TS,19.9,84.6,90,966,newdelhi,main,0,0,P____O_________, ,IO022013,19.9,84.7, ,TY,88,958,2,120,110,110,105,55,50,50,45,25,25,25,25,1002,193,10, , , , , , , , , , , , , , , , , , , , , , , , , , , , , , , , , , ,20.0,84.5,VSCS,90,966,0.00000,40, , , , , , , , , , , , , , , , , , , , , , , , , , , , , , , , , , , , , , , , , , , , , , , , , , , , , , , , , , , , , , , , , , , , , , , , , , , , , , , , , , , , , , , , , , ,10,340
2013281N12098,2013,75,NI,BB,PHAILIN,2013-10-13 00:00:00,TS,20.4,84.5,75,976,newdelhi,main,0,0,O____O_________,jtwc_io,IO022013,20.3,84.5, ,TY,75,967,1,120,110,110,105,55,50,50,45,25,25,25,25,1001,165,10, , , , , , , , , , , , , , , , , , , , , , , , , , , , , , , , , , ,20.5,84.5,VSCS,75,976,0.00000,30, , , , , , , , , , , , , , , , , , , , , , , , , , , , , , , , , , , , , , , , , , , , , , , , , , , , , , , , , , , , , , , , , , , , , , , , , , , , , , , , , , , , , , , , , , ,11,335
2013281N12098,2013,75,NI,BB,PHAILIN,2013-10-13 03:00:00,TS,20.9,84.1,55,990,newdelhi,main,0,0,P____O_________, ,IO022013,20.8,84.3, ,TY,63,976,0,120,110,110,105, , , , , , , , ,1001,165,10, , , , , , , , , , , , , , , , , , , , , , , , , , , , , , , , , , ,21.0,84.0,SCS,55,990,0.00000,15, , , , , , , , , , , , , , , , , , , , , , , , , , , , , , , , , , , , , , , , , , , , , , , , , , , , , , , , , , , , , , , , , , , , , , , , , , , , , , , , , , , , , , , , , , ,12,340
2013281N12098,2013,75,NI,BB,PHAILIN,2013-10-13 06:00:00,TS,21.5,84.0,40,992,newdelhi,main,0,0,O____O_________,jtwc_io,IO022013,21.5,84.1, ,TS,50,985,0,120,110,110,105, , , , , , , , ,1001,165,10, , , , , , , , , , , , , , , , , , , , , , , , , , , , , , , , , , ,21.5,84.0,CS,40,992,0.00000,13, , , , , , , , , , , , , , , , , , , , , , , , , , , , , , , , , , , , , , , , , , , , , , , , , , , , , , , , , , , , , , , , , , , , , , , , , , , , , , , , , , , , , , , , , , ,11,350
2013281N12098,2013,75,NI,BB,PHAILIN,2013-10-13 09:00:00,TS,22.0,83.9,35,993,newdelhi,main,0,0,P____O_________, ,IO022013,22.3,84.1, ,TS,45,989,0,120,110,110,105, , , , , , , , ,1001,165,10, , , , , , , , , , , , , , , , , , , , , , , , , , , , , , , , , , ,21.8,83.8,CS,35,993,0.00000,12, , , , , , , , , , , , , , , , , , , , , , , , , , , , , , , , , , , , , , , , , , , , , , , , , , , , , , , , , , , , , , , , , , , , , , , , , , , , , , , , , , , , , , , , , , ,11,350
2013281N12098,2013,75,NI,BB,PHAILIN,2013-10-13 12:00:00,TS,22.6,83.9,35,994,newdelhi,main,0,0,O____O_________,jtwc_io,IO022013,23.1,84.1, ,TS,40,993,0,120,110,110,105, , , , , , , , ,1001,165,10, , , , , , , , , , , , , , , , , , , , , , , , , , , , , , , , , , ,22.5,83.8,CS,35,994,0.00000,10, , , , , , , , , , , , , , , , , , , , , , , , , , , , , , , , , , , , , , , , , , , , , , , , , , , , , , , , , , , , , , , , , , , , , , , , , , , , , , , , , , , , , , , , , , ,9,345
2013281N12098,2013,75,NI,BB,PHAILIN,2013-10-13 15:00:00,TS,22.8,83.6, , , ,main,0,0,_____P_________, ,IO022013, , , ,TS, , ,-5, , , , , , , , , , , , , , , , , , , , , , , , , , , , , , , , , , , , , , , , , , , , , , , , , ,22.8,83.6,CS,33,995, ,8, , , , , , , , , , , , , , , , , , , , , , , , , , , , , , , , , , , , , , , , , , , , , , , , , , , , , , , , , , , , , , , , , , , , , , , , , , , , , , , , , , , , , , , , , , ,5,320
2013281N12098,2013,75,NI,BB,PHAILIN,2013-10-13 18:00:00,TS,23.0,83.5,30,996,newdelhi,main,0,0,_____O_________, , , , , , , , ,-5, , , , , , , , , , , , , , , , , , , , , , , , , , , , , , , , , , , , , , , , , , , , , , , , , ,23.0,83.5,DD,30,996,0.00000,6, , , , , , , , , , , , , , , , , , , , , , , , , , , , , , , , , , , , , , , , , , , , , , , , , , , , , , , , , , , , , , , , , , , , , , , , , , , , , , , , , , , , , , , , , , ,4,10
2013281N12098,2013,75,NI,BB,PHAILIN,2013-10-13 21:00:00,TS,23.2,83.7, , , ,main,0,0,_____P_________, , , , , , , , ,-5, , , , , , , , , , , , , , , , , , , , , , , , , , , , , , , , , , , , , , , , , , , , , , , , , ,23.2,83.7,DD,30,998, ,6, , , , , , , , , , , , , , , , , , , , , , , , , , , , , , , , , , , , , , , , , , , , , , , , , , , , , , , , , , , , , , , , , , , , , , , , , , , , , , , , , , , , , , , , , , ,7,45
2013281N12098,2013,75,NI,BB,PHAILIN,2013-10-14 00:00:00,TS,23.5,84.0,30,1000,newdelhi,main,0,0,_____O_________, , , , , , , , ,-5, , , , , , , , , , , , , , , , , , , , , , , , , , , , , , , , , , , , , , , , , , , , , , , , , ,23.5,84.0,DD,30,1000,0.00000,5, , , , , , , , , , , , , , , , , , , , , , , , , , , , , , , , , , , , , , , , , , , , , , , , , , , , , , , , , , , , , , , , , , , , , , , , , , , , , , , , , , , , , , , , , , ,8,30
2013281N12098,2013,75,NI,BB,PHAILIN,2013-10-14 03:00:00,TS,23.9,84.2, , , ,main,0,0,_____P_________, , , , , , , , ,-5, , , , , , , , , , , , , , , , , , , , , , , , , , , , , , , , , , , , , , , , , , , , , , , , , ,23.9,84.2,DD,28,1002, ,4, , , , , , , , , , , , , , , , , , , , , , , , , , , , , , , , , , , , , , , , , , , , , , , , , , , , , , , , , , , , , , , , , , , , , , , , , , , , , , , , , , , , , , , , , , ,10,10
2013281N12098,2013,75,NI,BB,PHAILIN,2013-10-14 06:00:00,TS,24.5,84.2,25,1004,newdelhi,main,0, ,_____O_________, , , , , , , , ,-5, , , , , , , , , , , , , , , , , , , , , , , , , , , , , , , , , , , , , , , , , , , , , , , , , ,24.5,84.2,D,25,1004,0.00000,3, , , , , , , , , , , , , , , , , , , , , , , , , , , , , , , , , , , , , , , , , , , , , , , , , , , , , , , , , , , , , , , , , , , , , , , , , , , , , , , , , , , , , , , , , , ,11,5
2013322N13090,2013,93,NI,BB,HELEN,2013-11-18 00:00:00,DS,13.3,90.0, , , ,main,543,543,O______________,jtwc_io,IO042013,13.3,90.0, ,DB,20,1007,-3, , , , , , , , , , , , ,1011,150, , , , , , , , , , , , , , , , , , , , , , , , , , , , , , , , , , , , , , , , , , , , , , , , , , , , , , , , , , , , , , , , , , , , , , , , , , , , , , , , , , , , , , , , , , , , , , , , , , , , , , , , , , , , , , , , , , , , , , , , , , , , , , , , , , , , ,13,300
2013322N13090,2013,93,NI,BB,HELEN,2013-11-18 03:00:00,DS,13.6,89.5, , , ,main,572,572,P______________, ,IO042013,13.6,89.5, ,DB,23,1006,-3, , , , , , , , , , , , ,1011,150, , , , , , , , , , , , , , , , , , , , , , , , , , , , , , , , , , , , , , , , , , , , , , , , , , , , , , , , , , , , , , , , , , , , , , , , , , , , , , , , , , , , , , , , , , , , , , , , , , , , , , , , , , , , , , , , , , , , , , , , , , , , , , , , , , , , ,13,305
2013322N13090,2013,93,NI,BB,HELEN,2013-11-18 06:00:00,TS,14.0,88.9, , , ,main,611,611,O______________,jtwc_io,IO042013,14.0,88.9, ,TD,25,1004,-1, , , , , , , , , , , , ,1011,150, , , , , , , , , , , , , , , , , , , , , , , , , , , , , , , , , , , , , , , , , , , , , , , , , , , , , , , , , , , , , , , , , , , , , , , , , , , , , , , , , , , , , , , , , , , , , , , , , , , , , , , , , , , , , , , , , , , , , , , , , , , , , , , , , , , , ,13,305
2013322N13090,2013,93,NI,BB,HELEN,2013-11-18 09:00:00,TS,14.4,88.3, , , ,main,625,563,P______________, ,IO042013,14.4,88.3, ,TD,25,1004,-1, , , , , , , , , , , , ,1011,150, , , , , , , , , , , , , , , , , , , , , , , , , , , , , , , , , , , , , , , , , , , , , , , , , , , , , , , , , , , , , , , , , , , , , , , , , , , , , , , , , , , , , , , , , , , , , , , , , , , , , , , , , , , , , , , , , , , , , , , , , , , , , , , , , , , , ,13,305
2013322N13090,2013,93,NI,BB,HELEN,2013-11-18 12:00:00,TS,14.7,87.8, , , ,main,563,526,O______________,jtwc_io,IO042013,14.7,87.8, ,TD,25,1004,-1, , , , , , , , , , , , ,1011,150, , , , , , , , , , , , , , , , , , , , , , , , , , , , , , , , , , , , , , , , , , , , , , , , , , , , , , , , , , , , , , , , , , , , , , , , , , , , , , , , , , , , , , , , , , , , , , , , , , , , , , , , , , , , , , , , , , , , , , , , , , , , , , , , , , , , ,11,295
2013322N13090,2013,93,NI,BB,HELEN,2013-11-18 15:00:00,TS,14.8,87.3, , , ,main,519,492,P______________, ,IO042013,14.8,87.3, ,TD,25,1004,-1, , , , , , , , , , , , ,1010,150, , , , , , , , , , , , , , , , , , , , , , , , , , , , , , , , , , , , , , , , , , , , , , , , , , , , , , , , , , , , , , , , , , , , , , , , , , , , , , , , , , , , , , , , , , , , , , , , , , , , , , , , , , , , , , , , , , , , , , , , , , , , , , , , , , , , ,9,275
2013322N13090,2013,93,NI,BB,HELEN,2013-11-18 18:00:00,TS,14.8,86.9, , , ,main,492,467,O______________,jtwc_io,IO042013,14.8,86.9, ,TD,25,1004,-1, , , , , , , , , , , , ,1008,150,40, , , , , , , , , , , , , , , , , , , , , , , , , , , , , , , , , , , , , , , , , , , , , , , , , , , , , , , , , , , , , , , , , , , , , , , , , , , , , , , , , , , , , , , , , , , , , , , , , , , , , , , , , , , , , , , , , , , , , , , , , , , , , , , , , , , ,8,270
2013322N13090,2013,93,NI,BB,HELEN,2013-11-18 21:00:00,TS,14.8,86.5, , , ,main,467,455,P______________, ,IO042013,14.8,86.5, ,TD,30,1000,-1, , , , , , , , , , , , ,1008,150,40, , , , , , , , , , , , , , , , , , , , , , , , , , , , , , , , , , , , , , , , , , , , , , , , , , , , , , , , , , , , , , , , , , , , , , , , , , , , , , , , , , , , , , , , , , , , , , , , , , , , , , , , , , , , , , , , , , , , , , , , , , , , , , , , , , , ,7,265
2013322N13090,2013,93,NI,BB,HELEN,2013-11-19 00:00:00,TS,14.7,86.2,25,1004,newdelhi,main,456,425,O____O_________,jtwc_io,IO042013,14.8,86.1, ,TS,35,996,0, , , , , , , , , , , , ,1008,150,40, , , , , , , , , , , , , , , , , , , , , , , , , , , , , , , , , , ,14.5,86.5,D,25,1004,1.50000,3, , , , , , , , , , , , , , , , , , , , , , , , , , , , , , , , , , , , , , , , , , , , , , , , , , , , , , , , , , , , , , , , , , , , , , , , , , , , , , , , , , , , , , , , , , ,6,265
2013322N13090,2013,93,NI,BB,HELEN,2013-11-19 03:00:00,TS,14.8,85.9,25,1004,newdelhi,main,425,404,P____O_________, ,IO042013,14.9,85.8, ,TS,35,996,0, , , , , , , , , , , , ,1009,160,40, , , , , , , , , , , , , , , , , , , , , , , , , , , , , , , , , , ,14.5,86.0,D,25,1004,1.50000,3, , , , , , , , , , , , , , , , , , , , , , , , , , , , , , , , , , , , , , , , , , , , , , , , , , , , , , , , , , , , , , , , , , , , , , , , , , , , , , , , , , , , , , , , , , ,6,275
2013322N13090,2013,93,NI,BB,HELEN,2013-11-19 06:00:00,TS,14.8,85.6,25,1004,newdelhi,main,404,373,O____O_________,jtwc_io,IO042013,15.0,85.6, ,TS,35,996,0, , , , , , , , , , , , ,1009,170,40, , , , , , , , , , , , , , , , , , , , , , , , , , , , , , , , , , ,14.5,85.5,D,25,1004,1.50000,3, , , , , , , , , , , , , , , , , , , , , , , , , , , , , , , , , , , , , , , , , , , , , , , , , , , , , , , , , , , , , , , , , , , , , , , , , , , , , , , , , , , , , , , , , , ,6,280
2013322N13090,2013,93,NI,BB,HELEN,2013-11-19 09:00:00,TS,14.9,85.3, , , ,main,373,349,P____P_________, ,IO042013,15.0,85.4, ,TS,38,995,0, , , , , , , , , , , , ,1009,165,40, , , , , , , , , , , , , , , , , , , , , , , , , , , , , , , , , , ,14.7,85.2,D,25,1004, ,3, , , , , , , , , , , , , , , , , , , , , , , , , , , , , , , , , , , , , , , , , , , , , , , , , , , , , , , , , , , , , , , , , , , , , , , , , , , , , , , , , , , , , , , , , , ,5,295
2013322N13090,2013,93,NI,BB,HELEN,2013-11-19 12:00:00,TS,15.0,85.1,25,1004,newdelhi,main,349,330,O____O_________,jtwc_io,IO042013,15.0,85.1, ,TS,40,993,0,40,35,35,40, , , , , , , , ,1008,160,40, , , , , , , , , , , , , , , , , , , , , , , , , , , , , , , , , , ,15.0,85.0,D,25,1004,1.50000,3, , , , , , , , , , , , , , , , , , , , , , , , , , , , , , , , , , , , , , , , , , , , , , , , , , , , , , , , , , , , , , , , , , , , , , , , , , , , , , , , , , , , , , , , , , ,4,285
2013322N13090,2013,93,NI,BB,HELEN,2013-11-19 15:00:00,TS,15.0,84.9,30,1002,newdelhi,main,330,302,P____O_________, ,IO042013,14.9,84.8, ,TS,40,993,0,40,35,35,40, , , , , , , , ,1008,160,33, , , , , , , , , , , , , , , , , , , , , , , , , , , , , , , , , , ,15.0,85.0,DD,30,1002,2.00000,5, , , , , , , , , , , , , , , , , , , , , , , , , , , , , , , , , , , , , , , , , , , , , , , , , , , , , , , , , , , , , , , , , , , , , , , , , , , , , , , , , , , , , , , , , , ,5,265
2013322N13090,2013,93,NI,BB,HELEN,2013-11-19 18:00:00,TS,15.0,84.5,30,1002,newdelhi,main,295,270,O____O_________,jtwc_io,IO042013,14.9,84.5, ,TS,40,993,0,40,35,35,40, , , , , , , , ,1007,160,25, , , , , , , , , , , , , , , , , , , , , , , , , , , , , , , , , , ,15.0,84.5,DD,30,1002,2.00000,5, , , , , , , , , , , , , , , , , , , , , , , , , , , , , , , , , , , , , , , , , , , , , , , , , , , , , , , , , , , , , , , , , , , , , , , , , , , , , , , , , , , , , , , , , , ,6,270
2013322N13090,2013,93,NI,BB,HELEN,2013-11-19 21:00:00,TS,15.0,84.2, , , ,main,270,263,P____P_________, ,IO042013,15.0,84.3, ,TS,45,989,0,40,35,35,40, , , , , , , , ,1007,165,25, , , , , , , , , , , , , , , , , , , , , , , , , , , , , , , , , , ,15.0,84.2,DD,30,1002, ,5, , , , , , , , , , , , , , , , , , , , , , , , , , , , , , , , , , , , , , , , , , , , , , , , , , , , , , , , , , , , , , , , , , , , , , , , , , , , , , , , , , , , , , , , , , ,4,285
2013322N13090,2013,93,NI,BB,HELEN,2013-11-20 00:00:00,TS,15.1,84.1,30,1002,newdelhi,main,255,255,O____O_________,jtwc_io,IO042013,15.1,84.2, ,TS,50,985,0,40,35,35,40, , , , , , , , ,1006,170,25, , , , , , , , , , , , , , , , , , , , , , , , , , , , , , , , , , ,15.0,84.0,DD,30,1002,2.00000,5, , , , , , , , , , , , , , , , , , , , , , , , , , , , , , , , , , , , , , , , , , , , , , , , , , , , , , , , , , , , , , , , , , , , , , , , , , , , , , , , , , , , , , , , , , ,2,305
2013322N13090,2013,93,NI,BB,HELEN,2013-11-20 03:00:00,TS,15.1,84.1,35,1000,newdelhi,main,255,248,P____O_________, ,IO042013,15.2,84.1, ,TS,50,985,0,55,43,43,55, , , , , , , , ,1007,170,25, , , , , , , , , , , , , , , , , , , , , , , , , , , , , , , , , , ,15.0,84.0,CS,35,1000,2.50000,8, , , , , , , , , , , , , , , , , , , , , , , , , , , , , , , , , , , , , , , , , , , , , , , , , , , , , , , , , , , , , , , , , , , , , , , , , , , , , , , , , , , , , , , , , , ,2,345
2013322N13090,2013,93,NI,BB,HELEN,2013-11-20 06:00:00,TS,15.3,84.1,40,1000,newdelhi,main,241,232,O____O_________,jtwc_io,IO042013,15.3,84.1, ,TS,50,985,0,70,50,50,70, , , , , , , , ,1007,170,25, , , , , , , , , , , , , , , , , , , , , , , , , , , , , , , , , , ,15.2,84.0,CS,40,1000,2.50000,8, , , , , , , , , , , , , , , , , , , , , , , , , , , , , , , , , , , , , , , , , , , , , , , , , , , , , , , , , , , , , , , , , , , , , , , , , , , , , , , , , , , , , , , , , , ,2,345
2013322N13090,2013,93,NI,BB,HELEN,2013-11-20 09:00:00,TS,15.3,84.0,40,1000,newdelhi,main,232,226,P____O_________, ,IO042013,15.4,84.1, ,TS,53,984,0,70,50,50,70, , , , , , , , ,1007,170,25, , , , , , , , , , , , , , , , , , , , , , , , , , , , , , , , , , ,15.2,84.0,CS,40,1000,2.50000,8, , , , , , , , , , , , , , , , , , , , , , , , , , , , , , , , , , , , , , , , , , , , , , , , , , , , , , , , , , , , , , , , , , , , , , , , , , , , , , , , , , , , , , , , , , ,2,330
2013322N13090,2013,93,NI,BB,HELEN,2013-11-20 12:00:00,TS,15.4,84.0,45,998,newdelhi,main,226,217,O____O_________,jtwc_io,IO042013,15.5,84.0, ,TS,55,982,0,70,50,50,70, , , , , , , , ,1006,170,25, , , , , , , , , , , , , , , , , , , , , , , , , , , , , , , , , , ,15.3,83.9,CS,45,998,3.00000,10, , , , , , , , , , , , , , , , , , , , , , , , , , , , , , , , , , , , , , , , , , , , , , , , , , , , , , , , , , , , , , , , , , , , , , , , , , , , , , , , , , , , , , , , , , ,2,315
2013322N13090,2013,93,NI,BB,HELEN,2013-11-20 15:00:00,TS,15.4,83.9,45,998,newdelhi,main,217,202,P____O_________, ,IO042013,15.6,83.9, ,TS,58,980,0,70,48,50,70, , , , , , , , ,1006,170,25, , , , , , , , , , , , , , , , , , , , , , , , , , , , , , , , , , ,15.3,83.9,CS,45,998,3.00000,10, , , , , , , , , , , , , , , , , , , , , , , , , , , , , , , , , , , , , , , , , , , , , , , , , , , , , , , , , , , , , , , , , , , , , , , , , , , , , , , , , , , , , , , , , , ,2,295
2013322N13090,2013,93,NI,BB,HELEN,2013-11-20 18:00:00,TS,15.5,83.8,45,996,newdelhi,main,202,186,O____O_________,jtwc_io,IO042013,15.6,83.8, ,TS,60,978,0,70,45,50,70,25,15,25,30, , , , ,1006,170,25, , , , , , , , , , , , , , , , , , , , , , , , , , , , , , , , , , ,15.4,83.7,CS,45,996,3.00000,10, , , , , , , , , , , , , , , , , , , , , , , , , , , , , , , , , , , , , , , , , , , , , , , , , , , , , , , , , , , , , , , , , , , , , , , , , , , , , , , , , , , , , , , , , , ,3,300
2013322N13090,2013,93,NI,BB,HELEN,2013-11-20 21:00:00,TS,15.6,83.7,45,996,newdelhi,main,186,178,P____O_________, ,IO042013,15.6,83.7, ,TS,63,976,0,70,45,50,70,25,15,25,30, , , , ,1006,170,25, , , , , , , , , , , , , , , , , , , , , , , , , , , , , , , , , , ,15.5,83.6,CS,45,996,3.00000,10, , , , , , , , , , , , , , , , , , , , , , , , , , , , , , , , , , , , , , , , , , , , , , , , , , , , , , , , , , , , , , , , , , , , , , , , , , , , , , , , , , , , , , , , , , ,2,310
2013322N13090,2013,93,NI,BB,HELEN,2013-11-21 00:00:00,TS,15.7,83.6,50,994,newdelhi,main,171,147,O____O_________,jtwc_io,IO042013,15.7,83.6, ,TY,65,974,1,70,45,50,70,25,15,25,30, , , , ,1006,170,25, , , , , , , , , , , , , , , , , , , , , , , , , , , , , , , , , , ,15.6,83.5,SCS,50,994,3.00000,15, , , , , , , , , , , , , , , , , , , , , , , , , , , , , , , , , , , , , , , , , , , , , , , , , , , , , , , , , , , , , , , , , , , , , , , , , , , , , , , , , , , , , , , , , , ,3,315
2013322N13090,2013,93,NI,BB,HELEN,2013-11-21 03:00:00,TS,15.8,83.4,50,992,newdelhi,main,147,132,P____O_________, ,IO042013,15.8,83.5, ,TY,68,972,1,73,53,55,73,28,20,25,30, , , , ,1006,160,23, , , , , , , , , , , , , , , , , , , , , , , , , , , , , , , , , , ,15.8,83.4,SCS,50,992,3.00000,17, , , , , , , , , , , , , , , , , , , , , , , , , , , , , , , , , , , , , , , , , , , , , , , , , , , , , , , , , , , , , , , , , , , , , , , , , , , , , , , , , , , , , , , , , , ,3,315
2013322N13090,2013,93,NI,BB,HELEN,2013-11-21 06:00:00,TS,15.9,83.3,55,990,newdelhi,main,132,108,O____O_________,jtwc_io,IO042013,15.9,83.3, ,TY,70,970,1,75,60,60,75,30,25,25,30,20,20,20,20,1006,150,20, , , , , , , , , , , , , , , , , , , , , , , , , , , , , , , , , , ,15.9,83.3,SCS,55,990,3.50000,17, , , , , , , , , , , , , , , , , , , , , , , , , , , , , , , , , , , , , , , , , , , , , , , , , , , , , , , , , , , , , , , , , , , , , , , , , , , , , , , , , , , , , , , , , , ,4,305
2013322N13090,2013,93,NI,BB,HELEN,2013-11-21 09:00:00,TS,16.0,83.1,55,990,newdelhi,main,108,93,P____O_________, ,IO042013,16.0,83.2, ,TY,68,972,1,70,55,55,70,30,25,25,30, , , , ,1006,150,20, , , , , , , , , , , , , , , , , , , , , , , , , , , , , , , , , , ,16.0,83.1,SCS,55,990,3.50000,17, , , , , , , , , , , , , , , , , , , , , , , , , , , , , , , , , , , , , , , , , , , , , , , , , , , , , , , , , , , , , , , , , , , , , , , , , , , , , , , , , , , , , , , , , , ,4,300
2013322N13090,2013,93,NI,BB,HELEN,2013-11-21 12:00:00,TS,16.1,83.0,55,990,newdelhi,main,93,70,O____O_________,jtwc_io,IO042013,16.1,83.0, ,TY,65,974,1,65,50,50,65,30,25,25,30, , , , ,1006,150,20, , , , , , , , , , , , , , , , , , , , , , , , , , , , , , , , , , ,16.1,82.9,SCS,55,990,3.50000,17, , , , , , , , , , , , , , , , , , , , , , , , , , , , , , , , , , , , , , , , , , , , , , , , , , , , , , , , , , , , , , , , , , , , , , , , , , , , , , , , , , , , , , , , , , ,4,285
2013322N13090,2013,93,NI,BB,HELEN,2013-11-21 15:00:00,TS,16.1,82.7,55,990,newdelhi,main,70,64,P____O_________, ,IO042013,16.1,82.8, ,TY,65,974,1,65,50,50,65, , , , , , , , ,1006,150,20, , , , , , , , , , , , , , , , , , , , , , , , , , , , , , , , , , ,16.1,82.7,SCS,55,990,3.50000,17, , , , , , , , , , , , , , , , , , , , , , , , , , , , , , , , , , , , , , , , , , , , , , , , , , , , , , , , , , , , , , , , , , , , , , , , , , , , , , , , , , , , , , , , , , ,3,280
2013322N13090,2013,93,NI,BB,HELEN,2013-11-21 18:00:00,TS,16.2,82.6,55,990,newdelhi,main,55,46,O____O_________,jtwc_io,IO042013,16.1,82.5, ,TY,65,974,1,65,50,50,65, , , , , , , , ,1006,150,20, , , , , , , , , , , , , , , , , , , , , , , , , , , , , , , , , , ,16.2,82.7,SCS,55,990,3.50000,17, , , , , , , , , , , , , , , , , , , , , , , , , , , , , , , , , , , , , , , , , , , , , , , , , , , , , , , , , , , , , , , , , , , , , , , , , , , , , , , , , , , , , , , , , , ,4,275
2013322N13090,2013,93,NI,BB,HELEN,2013-11-21 21:00:00,TS,16.1,82.3,55,990,newdelhi,main,49,35,P____O_________, ,IO042013,16.1,82.2, ,TY,63,976,0,65,50,50,65, , , , , , , , ,1006,150,20, , , , , , , , , , , , , , , , , , , , , , , , , , , , , , , , , , ,16.2,82.3,SCS,55,990,3.50000,17, , , , , , , , , , , , , , , , , , , , , , , , , , , , , , , , , , , , , , , , , , , , , , , , , , , , , , , , , , , , , , , , , , , , , , , , , , , , , , , , , , , , , , , , , , ,6,270
2013322N13090,2013,93,NI,BB,HELEN,2013-11-22 00:00:00,TS,16.2,82.0,55,990,newdelhi,main,24,11,O____O_________,jtwc_io,IO042013,16.1,82.0, ,TS,60,978,0,65,50,50,65, , , , , , , , ,1006,150,20, , , , , , , , , , , , , , , , , , , , , , , , , , , , , , , , , , ,16.2,81.9,SCS,55,990,3.50000,17, , , , , , , , , , , , , , , , , , , , , , , , , , , , , , , , , , , , , , , , , , , , , , , , , , , , , , , , , , , , , , , , , , , , , , , , , , , , , , , , , , , , , , , , , , ,5,275
2013322N13090,2013,93,NI,BB,HELEN,2013-11-22 03:00:00,TS,16.2,81.7,55,990,newdelhi,main,11,11,P____O_________, ,IO042013,16.2,81.8, ,TS,58,980,0,65,50,50,65, , , , , , , , ,1006,145,20, , , , , , , , , , , , , , , , , , , , , , , , , , , , , , , , , , ,16.2,81.7,SCS,55,990,3.50000,17, , , , , , , , , , , , , , , , , , , , , , , , , , , , , , , , , , , , , , , , , , , , , , , , , , , , , , , , , , , , , , , , , , , , , , , , , , , , , , , , , , , , , , , , , , ,5,275
2013322N13090,2013,93,NI,BB,HELEN,2013-11-22 06:00:00,TS,16.2,81.4,55,990,newdelhi,main,15,0,O____O_________,jtwc_io,IO042013,16.2,81.5, ,TS,55,982,0,65,50,50,65, , , , , , , , ,1006,140,20, , , , , , , , , , , , , , , , , , , , , , , , , , , , , , , , , , ,16.2,81.3,SCS,55,990,3.50000,17, , , , , , , , , , , , , , , , , , , , , , , , , , , , , , , , , , , , , , , , , , , , , , , , , , , , , , , , , , , , , , , , , , , , , , , , , , , , , , , , , , , , , , , , , , ,5,255
2013322N13090,2013,93,NI,BB,HELEN,2013-11-22 09:00:00,TS,16.0,81.2,40,1000,newdelhi,main,0,0,P____O_________, ,IO042013,16.0,81.2, ,TS,43,991,0,32,25,25,32, , , , , , , , ,1006,140,20, , , , , , , , , , , , , , , , , , , , , , , , , , , , , , , , , , ,16.1,81.2,CS,40,1000,0.00000,8, , , , , , , , , , , , , , , , , , , , , , , , , , , , , , , , , , , , , , , , , , , , , , , , , , , , , , , , , , , , , , , , , , , , , , , , , , , , , , , , , , , , , , , , , , ,7,240
2013322N13090,2013,93,NI,BB,HELEN,2013-11-22 12:00:00,TS,15.8,80.8,30,1002,newdelhi,main,0,0,O____O_________,jtwc_io,IO042013,15.8,80.9, ,TD,30,1000,-1, , , , , , , , , , , , ,1006,140,20, , , , , , , , , , , , , , , , , , , , , , , , , , , , , , , , , , ,15.9,80.7,DD,30,1002,0.00000,5, , , , , , , , , , , , , , , , , , , , , , , , , , , , , , , , , , , , , , , , , , , , , , , , , , , , , , , , , , , , , , , , , , , , , , , , , , , , , , , , , , , , , , , , , , ,7,255
2013322N13090,2013,93,NI,BB,HELEN,2013-11-22 15:00:00,TS,15.9,80.5, , , ,main,0,0,P____P_________, ,IO042013,15.9,80.5, ,TD,28,1002,-1, , , , , , , , , , , , ,1006,140,20, , , , , , , , , , , , , , , , , , , , , , , , , , , , , , , , , , ,15.8,80.4,DD,28,1003, ,4, , , , , , , , , , , , , , , , , , , , , , , , , , , , , , , , , , , , , , , , , , , , , , , , , , , , , , , , , , , , , , , , , , , , , , , , , , , , , , , , , , , , , , , , , , ,7,290
2013322N13090,2013,93,NI,BB,HELEN,2013-11-22 18:00:00,TS,16.1,80.2,25,1004,newdelhi,main,0,0,O____O_________,jtwc_io,IO042013,16.1,80.1, ,TD,25,1004,-1, , , , , , , , , , , , ,1006,140,20, , , , , , , , , , , , , , , , , , , , , , , , , , , , , , , , , , ,15.9,80.4,D,25,1004,0.00000,3, , , , , , , , , , , , , , , , , , , , , , , , , , , , , , , , , , , , , , , , , , , , , , , , , , , , , , , , , , , , , , , , , , , , , , , , , , , , , , , , , , , , , , , , , , ,8,300
2013322N13090,2013,93,NI,BB,HELEN,2013-11-22 21:00:00,TS,16.3,79.7, , , ,main,0,0,P______________, ,IO042013,16.3,79.7, ,TD,23,1006,-1, , , , , , , , , , , , ,1006,140,20, , , , , , , , , , , , , , , , , , , , , , , , , , , , , , , , , , , , , , , , , , , , , , , , , , , , , , , , , , , , , , , , , , , , , , , , , , , , , , , , , , , , , , , , , , , , , , , , , , , , , , , , , , , , , , , , , , , , , , , , , , , , , , , , , , , ,9,300
2013322N13090,2013,93,NI,BB,HELEN,2013-11-23 00:00:00,DS,16.5,79.4, , , ,main,0,0,O______________,jtwc_io,IO042013,16.5,79.4, ,DB,20,1007,-3, , , , , , , , , , , , ,1006,140,20, , , , , , , , , , , , , , , , , , , , , , , , , , , , , , , , , , , , , , , , , , , , , , , , , , , , , , , , , , , , , , , , , , , , , , , , , , , , , , , , , , , , , , , , , , , , , , , , , , , , , , , , , , , , , , , , , , , , , , , , , , , , , , , , , , , ,8,310
2013322N13090,2013,93,NI,BB,HELEN,2013-11-23 03:00:00,DS,16.8,79.1, , , ,main,0,0,P______________, ,IO042013,16.8,79.1, ,DB,20,1007,-3, , , , , , , , , , , , ,1006,140,20, , , , , , , , , , , , , , , , , , , , , , , , , , , , , , , , , , , , , , , , , , , , , , , , , , , , , , , , , , , , , , , , , , , , , , , , , , , , , , , , , , , , , , , , , , , , , , , , , , , , , , , , , , , , , , , , , , , , , , , , , , , , , , , , , , , ,9,320
2013322N13090,2013,93,NI,BB,HELEN,2013-11-23 06:00:00,DS,17.2,78.8, , , ,main,0, ,O______________,jtwc_io,IO042013,17.2,78.8, ,DB,20,1007,-3, , , , , , , , , , , , ,1006,140,20, , , , , , , , , , , , , , , , , , , , , , , , , , , , , , , , , , , , , , , , , , , , , , , , , , , , , , , , , , , , , , , , , , , , , , , , , , , , , , , , , , , , , , , , , , , , , , , , , , , , , , , , , , , , , , , , , , , , , , , , , , , , , , , , , , , ,9,325
2014279N11096,2014,73,NI,BB,HUDHUD,2014-10-06 06:00:00,DS,10.7,96.1, , , ,main,262,262,O______________,jtwc_io,IO032014,10.7,96.1, ,DB,15,1010,-3, , , , , , , , , , , , ,1008,180,40, , , , , , , , , , , , , , , , , , , , , , , , , , , , , , , , , , , , , , , , , , , , , , , , , , , , , , , , , , , , , , , , , , , , , , , , , , , , , , , , , , , , , , , , , , , , , , , , , , , , , , , , , , , , , , , , , , , , , , , , , , , , , , , , , , , ,2,265
2014279N11096,2014,73,NI,BB,HUDHUD,2014-10-06 09:00:00,DS,10.7,96.0, , , ,main,273,273,P______________, ,IO032014,10.7,96.0, ,DB,18,1009,-3, , , , , , , , , , , , ,1008,180,40, , , , , , , , , , , , , , , , , , , , , , , , , , , , , , , , , , , , , , , , , , , , , , , , , , , , , , , , , , , , , , , , , , , , , , , , , , , , , , , , , , , , , , , , , , , , , , , , , , , , , , , , , , , , , , , , , , , , , , , , , , , , , , , , , , , ,2,270
2014279N11096,2014,73,NI,BB,HUDHUD,2014-10-06 12:00:00,DS,10.7,95.9, , , ,main,284,284,O______________,jtwc_io,IO032014,10.7,95.9, ,DB,20,1007,-3, , , , , , , , , , , , ,1008,180,40, , , , , , , , , , , , , , , , , , , , , , , , , , , , , , , , , , , , , , , , , , , , , , , , , , , , , , , , , , , , , , , , , , , , , , , , , , , , , , , , , , , , , , , , , , , , , , , , , , , , , , , , , , , , , , , , , , , , , , , , , , , , , , , , , , , ,2,280
2014279N11096,2014,73,NI,BB,HUDHUD,2014-10-06 15:00:00,DS,10.7,95.8, , , ,main,295,295,P______________, ,IO032014,10.7,95.8, ,DB,23,1006,-3, , , , , , , , , , , , ,1008,180,40, , , , , , , , , , , , , , , , , , , , , , , , , , , , , , , , , , , , , , , , , , , , , , , , , , , , , , , , , , , , , , , , , , , , , , , , , , , , , , , , , , , , , , , , , , , , , , , , , , , , , , , , , , , , , , , , , , , , , , , , , , , , , , , , , , , ,3,290
2014279N11096,2014,73,NI,BB,HUDHUD,2014-10-06 18:00:00,TS,10.8,95.6, , , ,main,317,317,O______________,jtwc_io,IO032014,10.8,95.6, ,TD,25,1004,-1, , , , , , , , , , , , ,1008,180,40, , , , , , , , , , , , , , , , , , , , , , , , , , , , , , , , , , , , , , , , , , , , , , , , , , , , , , , , , , , , , , , , , , , , , , , , , , , , , , , , , , , , , , , , , , , , , , , , , , , , , , , , , , , , , , , , , , , , , , , , , , , , , , , , , , , ,4,295
2014279N11096,2014,73,NI,BB,HUDHUD,2014-10-06 21:00:00,TS,10.9,95.4, , , ,main,340,340,P______________, ,IO032014,10.9,95.4, ,TD,25,1004,-1, , , , , , , , , , , , ,1008,180,40, , , , , , , , , , , , , , , , , , , , , , , , , , , , , , , , , , , , , , , , , , , , , , , , , , , , , , , , , , , , , , , , , , , , , , , , , , , , , , , , , , , , , , , , , , , , , , , , , , , , , , , , , , , , , , , , , , , , , , , , , , , , , , , , , , , ,4,295
2014279N11096,2014,73,NI,BB,HUDHUD,2014-10-07 00:00:00,TS,11.0,95.2, , , ,main,363,363,O______________,jtwc_io,IO032014,11.0,95.2, ,TD,25,1004,-1, , , , , , , , , , , , ,1007,180,40, , , , , , , , , , , , , , , , , , , , , , , , , , , , , , , , , , , , , , , , , , , , , , , , , , , , , , , , , , , , , , , , , , , , , , , , , , , , , , , , , , , , , , , , , , , , , , , , , , , , , , , , , , , , , , , , , , , , , , , , , , , , , , , , , , , ,5,305
2014279N11096,2014,73,NI,BB,HUDHUD,2014-10-07 03:00:00,TS,11.2,95.0,25,1004,newdelhi,main,388,388,P____O_________, ,IO032014,11.1,95.0, ,TD,25,1004,-1, , , , , , , , , , , , ,1007,175,40, , , , , , , , , , , , , , , , , , , , , , , , , , , , , , , , , , ,11.5,95.0,D,25,1004,1.50000,3, , , , , , , , , , , , , , , , , , , , , , , , , , , , , , , , , , , , , , , , , , , , , , , , , , , , , , , , , , , , , , , , , , , , , , , , , , , , , , , , , , , , , , , , , , ,6,310
2014279N11096,2014,73,NI,BB,HUDHUD,2014-10-07 06:00:00,TS,11.4,94.7,25,1004,newdelhi,main,417,417,O____O_________,jtwc_io,IO032014,11.2,94.7, ,TD,25,1004,-1, , , , , , , , , , , , ,1007,170,40, , , , , , , , , , , , , , , , , , , , , , , , , , , , , , , , , , ,11.7,94.8,D,25,1004,1.50000,3, , , , , , , , , , , , , , , , , , , , , , , , , , , , , , , , , , , , , , , , , , , , , , , , , , , , , , , , , , , , , , , , , , , , , , , , , , , , , , , , , , , , , , , , , , ,6,305
2014279N11096,2014,73,NI,BB,HUDHUD,2014-10-07 09:00:00,TS,11.5,94.4, , , ,main,448,447,P____P_________, ,IO032014,11.3,94.5, ,TD,28,1002,-1, , , , , , , , , , , , ,1008,190,40, , , , , , , , , , , , , , , , , , , , , , , , , , , , , , , , , , ,11.9,94.4,D,28,1002, ,4, , , , , , , , , , , , , , , , , , , , , , , , , , , , , , , , , , , , , , , , , , , , , , , , , , , , , , , , , , , , , , , , , , , , , , , , , , , , , , , , , , , , , , , , , , ,7,300
2014279N11096,2014,73,NI,BB,HUDHUD,2014-10-07 12:00:00,TS,11.7,94.1,30,1000,newdelhi,main,458,451,O____O_________,jtwc_io,IO032014,11.4,94.2, ,TD,30,1000,-1, , , , , , , , , , , , ,1008,210,40, , , , , , , , , , , , , , , , , , , , , , , , , , , , , , , , , , ,12.0,94.0,DD,30,1000,2.00000,5, , , , , , , , , , , , , , , , , , , , , , , , , , , , , , , , , , , , , , , , , , , , , , , , , , , , , , , , , , , , , , , , , , , , , , , , , , , , , , , , , , , , , , , , , , ,7,290
2014279N11096,2014,73,NI,BB,HUDHUD,2014-10-07 15:00:00,TS,11.8,93.8, , , ,main,452,445,P____P_________, ,IO032014,11.6,93.9, ,TD,30,1000,-1, , , , , , , , , , , , ,1008,205,40, , , , , , , , , , , , , , , , , , , , , , , , , , , , , , , , , , ,12.0,93.7,DD,30,1000, ,5, , , , , , , , , , , , , , , , , , , , , , , , , , , , , , , , , , , , , , , , , , , , , , , , , , , , , , , , , , , , , , , , , , , , , , , , , , , , , , , , , , , , , , , , , , ,6,290
2014279N11096,2014,73,NI,BB,HUDHUD,2014-10-07 18:00:00,TS,11.9,93.5,30,1000,newdelhi,main,447,438,O____O_________,jtwc_io,IO032014,11.8,93.5, ,TD,30,1000,-1, , , , , , , , , , , , ,1007,200,40, , , , , , , , , , , , , , , , , , , , , , , , , , , , , , , , , , ,12.0,93.5,DD,30,1000,2.00000,5, , , , , , , , , , , , , , , , , , , , , , , , , , , , , , , , , , , , , , , , , , , , , , , , , , , , , , , , , , , , , , , , , , , , , , , , , , , , , , , , , , , , , , , , , , ,7,290
2014279N11096,2014,73,NI,BB,HUDHUD,2014-10-07 21:00:00,TS,12.0,93.2, , , ,main,444,434,P____P_________, ,IO032014,12.0,93.1, ,TD,33,998,-1, , , , , , , , , , , , ,1007,200,40, , , , , , , , , , , , , , , , , , , , , , , , , , , , , , , , , , ,12.1,93.2,DD,30,1000, ,5, , , , , , , , , , , , , , , , , , , , , , , , , , , , , , , , , , , , , , , , , , , , , , , , , , , , , , , , , , , , , , , , , , , , , , , , , , , , , , , , , , , , , , , , , , ,7,295
2014279N11096,2014,73,NI,BB,HUDHUD,2014-10-08 00:00:00,TS,12.2,92.9,30,1000,newdelhi,main,434,432,O____O_________,jtwc_io,IO032014,12.2,92.7, ,TS,35,996,0, , , , , , , , , , , , ,1006,200,40, , , , , , , , , , , , , , , , , , , , , , , , , , , , , , , , , , ,12.2,93.0,DD,30,1000,2.00000,5, , , , , , , , , , , , , , , , , , , , , , , , , , , , , , , , , , , , , , , , , , , , , , , , , , , , , , , , , , , , , , , , , , , , , , , , , , , , , , , , , , , , , , , , , , ,7,295
2014279N11096,2014,73,NI,BB,HUDHUD,2014-10-08 03:00:00,TS,12.3,92.6,35,998,newdelhi,main,437,432,P____O_________, ,IO032014,12.4,92.2, ,TS,38,995,0, , , , , , , , , , , , ,1006,200,38, , , , , , , , , , , , , , , , , , , , , , , , , , , , , , , , , , ,12.3,92.9,CS,35,998,2.50000,7, , , , , , , , , , , , , , , , , , , , , , , , , , , , , , , , , , , , , , , , , , , , , , , , , , , , , , , , , , , , , , , , , , , , , , , , , , , , , , , , , , , , , , , , , , ,8,295
2014279N11096,2014,73,NI,BB,HUDHUD,2014-10-08 06:00:00,TS,12.6,92.1,40,996,newdelhi,main,435,435,O____O_________,jtwc_io,IO032014,12.6,91.7, ,TS,40,993,0,35,35,30,40, , , , , , , , ,1006,200,35, , , , , , , , , , , , , , , , , , , , , , , , , , , , , , , , , , ,12.5,92.5,CS,40,996,2.50000,8, , , , , , , , , , , , , , , , , , , , , , , , , , , , , , , , , , , , , , , , , , , , , , , , , , , , , , , , , , , , , , , , , , , , , , , , , , , , , , , , ,45, , , , , , , , , ,12,290
2014279N11096,2014,73,NI,BB,HUDHUD,2014-10-08 09:00:00,TS,12.8,91.4,40,996,newdelhi,main,466,466,P____O_________, ,IO032014,12.8,91.2, ,TS,43,991,0,53,45,43,55, , , , , , , , ,1006,208,35, , , , , , , , , , , , , , , , , , , , , , , , , , , , , , , , , , ,12.7,91.7,CS,40,996,2.50000,8, , , , , , , , , , , , , , , , , , , , , , , , , , , , , , , , , , , , , , , , , , , , , , , , , , , , , , , , , , , , , , , , , , , , , , , , , , , , , , , , , , , , , , , , , , ,13,285
2014279N11096,2014,73,NI,BB,HUDHUD,2014-10-08 12:00:00,TS,12.9,90.9,40,996,newdelhi,main,496,496,O____O_________,jtwc_io,IO032014,13.0,90.7, ,TS,45,989,0,70,55,55,70, , , , , , , , ,1006,215,35, , , , , , , , , , , , , , , , , , , , , , , , , , , , , , , , , , ,12.8,91.0,CS,40,996,2.50000,8, , , , , , , , , , , , , , , , , , , , , , , , , , , , , , , , , , , , , , , , , , , , , , , , , , , , , , , , , , , , , , , , , , , , , , , , , , , , , , , , , , , , , , , , , , ,11,290
2014279N11096,2014,73,NI,BB,HUDHUD,2014-10-08 15:00:00,TS,13.1,90.4,40,996,newdelhi,main,522,522,P____O_________, ,IO032014,13.2,90.3, ,TS,48,987,0,70,55,55,70, , , , , , , , ,1007,215,30, , , , , , , , , , , , , , , , , , , , , , , , , , , , , , , , , , ,13.0,90.5,CS,40,996,2.50000,8, , , , , , , , , , , , , , , , , , , , , , , , , , , , , , , , , , , , , , , , , , , , , , , , , , , , , , , , , , , , , , , , , , , , , , , , , , , , , , , , , , , , , , , , , , ,8,295
2014279N11096,2014,73,NI,BB,HUDHUD,2014-10-08 18:00:00,TS,13.3,90.1,45,994,newdelhi,main,534,534,O____O_________,jtwc_io,IO032014,13.3,90.0, ,TS,50,985,0,70,55,55,70,25,25,25,25, , , , ,1007,215,25, , , , , , , , , , , , , , , , , , , , , , , , , , , , , , , , , , ,13.2,90.2,CS,45,994,3.00000,9, , , , , , , , , , , , , , , , , , , , , , , , , , , , , , , , , , , , , , , , , , , , , , , , , , , , , , , , , , , , , , , , , , , , , , , , , , , , , , , , , , , , , , , , , , ,8,295
2014279N11096,2014,73,NI,BB,HUDHUD,2014-10-08 21:00:00,TS,13.5,89.6,45,992,newdelhi,main,568,568,P____O_________, ,IO032014,13.4,89.7, ,TS,53,984,0,70,55,55,70,25,25,25,25, , , , ,1007,215,25, , , , , , , , , , , , , , , , , , , , , , , , , , , , , , , , , , ,13.5,89.6,CS,45,992,3.00000,10, , , , , , , , , , , , , , , , , , , , , , , , , , , , , , , , , , , , , , , , , , , , , , , , , , , , , , , , , , , , , , , , , , , , , , , , , , , , , , , , , , , , , , , , , , ,9,295
2014279N11096,2014,73,NI,BB,HUDHUD,2014-10-09 00:00:00,TS,13.6,89.3,45,990,newdelhi,main,591,591,O____O_________,jtwc_io,IO032014,13.5,89.4, ,TS,55,982,0,70,55,55,70,25,25,25,25, , , , ,1007,215,25, , , , , , , , , , , , , , , , , , , , , , , , , , , , , , , , , , ,13.7,89.2,CS,45,990,3.00000,12, , , , , , , , , , , , , , , , , , , , , , , , , , , , , , , , , , , , , , , , , , , , , , , , , , , , , , , , , , , , , , , , , , , , , , , , , , , , , , , , , , , , , , , , , , ,6,295
2014279N11096,2014,73,NI,BB,HUDHUD,2014-10-09 03:00:00,TS,13.7,89.1,55,988,newdelhi,main,605,605,P____O_________, ,IO032014,13.6,89.1, ,TS,58,980,0,78,60,60,78,33,30,30,33, , , , ,1007,218,28, , , , , , , , , , , , , , , , , , , , , , , , , , , , , , , , , , ,13.8,89.0,SCS,55,988,3.50000,16, , , , , , , , , , , , , , , , , , , , , , , , , , , , , , , , , , , , , , , , , , , , , , , , , , , , , , , , , , , , , , , , , , , , , , , , , , , , , , , , , , , , , , , , , , ,5,295
2014279N11096,2014,73,NI,BB,HUDHUD,2014-10-09 06:00:00,TS,13.8,88.9,55,988,newdelhi,main,620,620,O____O_________,jtwc_io,IO032014,13.7,88.9, ,TS,60,978,0,85,65,65,85,40,35,35,40, , , , ,1006,220,30, , , , , , , , , , , , , , , , , , , , , , , , , , , , , , , , , , ,13.9,88.8,SCS,55,988,3.50000,16, , , , , , , , , , , , , , , , , , , , , , , , , , , , , , , , , , , , , , , , , , , , , , , , , , , , , , , , , , , , , , , , , , , , , , , , , , , , , , , , , , , , , , , , , , ,5,300
2014279N11096,2014,73,NI,BB,HUDHUD,2014-10-09 09:00:00,TS,13.9,88.6,55,988,newdelhi,main,646,641,P____O_________, ,IO032014,13.8,88.7, ,TS,60,978,0,85,65,65,85,40,35,35,40, , , , ,1006,220,30, , , , , , , , , , , , , , , , , , , , , , , , , , , , , , , , , , ,14.0,88.6,SCS,55,988,3.50000,16, , , , , , , , , , , , , , , , , , , , , , , , , , , , , , , , , , , , , , , , , , , , , , , , , , , , , , , , , , , , , , , , , , , , , , , , , , , , , , , , , , , , , , , , , , ,5,305
2014279N11096,2014,73,NI,BB,HUDHUD,2014-10-09 12:00:00,TS,14.1,88.5,55,988,newdelhi,main,648,642,O____O_________,jtwc_io,IO032014,14.0,88.5, ,TS,60,978,0,85,65,65,85,40,35,35,40, , , , ,1006,220,30, , , , , , , , , , , , , , , , , , , , , , , , , , , , , , , , , , ,14.1,88.4,SCS,55,988,3.50000,16, , , , , , , , , , , , , , , , , , , , , , , , , , , , , , , , , , , , , , , , , , , , , , , , , , , , , , , , , , , , , , , , , , , , , , , , , , , , , , , , , , , , , , , , , , ,5,295
2014279N11096,2014,73,NI,BB,HUDHUD,2014-10-09 15:00:00,TS,14.1,88.2,55,988,newdelhi,main,642,619,P____O_________, ,IO032014,14.1,88.3, ,TS,60,978,0,85,65,65,85,40,35,35,40, , , , ,1006,220,30, , , , , , , , , , , , , , , , , , , , , , , , , , , , , , , , , , ,14.1,88.1,SCS,55,988,3.50000,16, , , , , , , , , , , , , , , , , , , , , , , , , , , , , , , , , , , , , , , , , , , , , , , , , , , , , , , , , , , , , , , , , , , , , , , , , , , , , , , , , , , , , , , , , , ,5,290
2014279N11096,2014,73,NI,BB,HUDHUD,2014-10-09 18:00:00,TS,14.2,88.0,55,988,newdelhi,main,619,588,O____O_________,jtwc_io,IO032014,14.3,88.1, ,TS,60,978,0,85,65,65,85,40,35,35,40, , , , ,1006,220,30, , , , , , , , , , , , , , , , , , , , , , , , , , , , , , , , , , ,14.1,87.9,SCS,55,988,3.50000,16, , , , , , , , , , , , , , , , , , , , , , , , , , , , , , , , , , , , , , , , , , , , , , , , , , , , , , , , , , , , , , , , , , , , , , , , , , , , , , , , , , , , , , , , , , ,5,305
2014279N11096,2014,73,NI,BB,HUDHUD,2014-10-09 21:00:00,TS,14.4,87.8,60,988,newdelhi,main,588,573,P____O_________, ,IO032014,14.5,87.9, ,TS,63,976,0,85,65,65,85,40,35,35,40, , , , ,1006,220,30, , , , , , , , , , , , , , , , , , , , , , , , , , , , , , , , , , ,14.3,87.7,SCS,60,988,3.50000,16, , , , , , , , , , , , , , , , , , , , , , , , , , , , , , , , , , , , , , , , , , , , , , , , , , , , , , , , , , , , , , , , , , , , , , , , , , , , , , , , , , , , , , , , , , ,5,315
2014279N11096,2014,73,NI,BB,HUDHUD,2014-10-10 00:00:00,TS,14.6,87.6,60,988,newdelhi,main,564,526,O____O_________,jtwc_io,IO032014,14.7,87.7, ,TY,65,974,1,85,65,65,85,40,35,35,40, , , , ,1006,220,30, , , , , , , , , , , , , , , , , , , , , , , , , , , , , , , , , , ,14.4,87.6,SCS,60,988,3.50000,16, , , , , , , , , , , , , , , , , , , , , , , , , , , , , , , , , , , , , , , , , , , , , , , , , , , , , , , , , , , , , , , , , , , , , , , , , , , , , , , , , , , , , , , , , , ,6,310
2014279N11096,2014,73,NI,BB,HUDHUD,2014-10-10 03:00:00,TS,14.8,87.3,60,988,newdelhi,main,519,503,P____O_________, ,IO032014,14.8,87.5, ,TY,65,974,1,83,80,80,85,38,35,35,33, , , , ,1006,220,30, , , , , , , , , , , , , , , , , , , , , , , , , , , , , , , , , , ,14.7,87.2,SCS,60,988,3.50000,16, , , , , , , , , , , , , , , , , , , , , , , , , , , , , , , , , , , , , , , , , , , , , , , , , , , , , , , , , , , , , , , , , , , , , , , , , , , , , , , , , , , , , , , , , , ,6,305
2014279N11096,2014,73,NI,BB,HUDHUD,2014-10-10 06:00:00,TS,14.9,87.2,60,986,newdelhi,main,503,472,O____O_________,jtwc_io,IO032014,15.0,87.3, ,TY,65,974,1,80,95,95,85,35,35,35,25, , , , ,1006,220,30, , , , , , , , , , , , , , , , , , , , , , , , , , , , , , , , , , ,14.8,87.0,SCS,60,986,3.50000,18, , , , , , , , , , , , , , , , , , , , , , , , , , , , , , , , , , , , , , , , , , , , , , , , , , , , , , , , , , , , , , , , , , , , , , , , , , , , , , , , , , , , , , , , , , ,5,310
2014279N11096,2014,73,NI,BB,HUDHUD,2014-10-10 09:00:00,TS,15.1,87.0,65,984,newdelhi,main,472,441,P____O_________, ,IO032014,15.2,87.1, ,TY,70,971,1,90,85,85,90,43,40,40,38, , , , ,1006,220,28, , , , , , , , , , , , , , , , , , , , , , , , , , , , , , , , , , ,15.0,86.8,VSCS,65,984,4.00000,22, , , , , , , , , , , , , , , , , , , , , , , , , , , , , , , , , , , , , , , , , , , , , , , , , , , , , , , , , , , , , , , , , , , , , , , , , , , , , , , , , , , , , , , , , , ,5,320
2014279N11096,2014,73,NI,BB,HUDHUD,2014-10-10 12:00:00,TS,15.3,86.8,70,982,newdelhi,main,441,404,O____O_________,jtwc_io,IO032014,15.4,86.9, ,TY,75,967,1,100,75,75,95,50,45,45,50,25,25,25,25,1006,220,25, , , , , , , , , , , , , , , , , , , , , , , , , , , , , , , , , , ,15.2,86.7,VSCS,70,982,4.00000,26, , , , , , , , , , , , , , , , , , , , , , , , , , , , , , , , , , , , , , , , , , , , , , , , , , , , , , , , , , , , , , , , , , , , , , , , , , , , , , , , , , , , , , , , , , ,6,315
2014279N11096,2014,73,NI,BB,HUDHUD,2014-10-10 15:00:00,TS,15.5,86.5,75,980,newdelhi,main,404,382,P____O_________, ,IO032014,15.6,86.6, ,TY,80,963,1,105,88,90,100,55,50,50,55,30,30,30,30,1005,215,23, , , , , , , , , , , , , , , , , , , , , , , , , , , , , , , , , , ,15.4,86.5,VSCS,75,980,4.00000,28, , , , , , , , , , , , , , , , , , , , , , , , , , , , , , , , , , , , , , , , , , , , , , , , , , , , , , , , , , , , , , , , , , , , , , , , , , , , , , , , , , , , , , , , , , ,6,300
2014279N11096,2014,73,NI,BB,HUDHUD,2014-10-10 18:00:00,TS,15.6,86.3,75,978,newdelhi,main,382,354,O____O_________,jtwc_io,IO032014,15.7,86.2, ,TY,85,959,2,110,100,105,105,60,55,55,60,35,35,35,35,1004,210,20, , , , , , , , , , , , , , , , , , , , , , , , , , , , , , , , , , ,15.5,86.4,VSCS,75,978,4.00000,30, , , , , , , , , , , , , , , , , , , , , , , , , , , , , , , , , , , , , , , , , , , , , , , , , , , , , , , , , , , , , , , , , , , , , , , , , , , , , , , , , , , , , , , , , , ,5,295
2014279N11096,2014,73,NI,BB,HUDHUD,2014-10-10 21:00:00,TS,15.7,86.0,75,974,newdelhi,main,354,327,P____O_________, ,IO032014,15.7,85.9, ,TY,90,956,2,110,100,105,108,60,55,55,60,35,35,35,35,1004,215,20, , , , , , , , , , , , , , , , , , , , , , , , , , , , , , , , , , ,15.7,86.1,VSCS,75,974,4.00000,30, , , , , , , , , , , , , , , , , , , , , , , , , , , , , , , , , , , , , , , , , , , , , , , , , , , , , , , , , , , , , , , , , , , , , , , , , , , , , , , , , , , , , , , , , , ,6,295
2014279N11096,2014,73,NI,BB,HUDHUD,2014-10-11 00:00:00,TS,15.9,85.7,75,970,newdelhi,main,317,292,O____O_________,jtwc_io,IO032014,15.8,85.7, ,TY,95,952,2,110,100,105,110,60,55,55,60,35,35,35,35,1003,220,20, , , , , , , , , , , , , , , , , , , , , , , , , , , , , , , , , , ,15.9,85.7,VSCS,75,970,4.00000,30, , , , , , , , , , , , , , , , , , , , , , , , , , , , , , , , , , , , , , , , , , , , , , , , , , , , , , , , , , , , , , , , , , , , , , , , , , , , , , , , , , , , , , , , , , ,6,295
2014279N11096,2014,73,NI,BB,HUDHUD,2014-10-11 03:00:00,TS,16.0,85.4,80,968,newdelhi,main,292,269,P____O_________, ,IO032014,16.0,85.4, ,TY,100,948,3,120,105,108,120,68,60,60,68,38,35,35,38,1003,220,15, , , , , , , , , , , , , , , , , , , , , , , , , , , , , , , , , , ,16.0,85.4,VSCS,80,968,4.50000,34, , , , , , , , , , , , , , , , , , , , , , , , , , , , , , , , , , , , , , , , , , , , , , , , , , , , , , , , , , , , , , , , , , , , , , , , , , , , , , , , , , , , , , , , , , ,6,295
2014279N11096,2014,73,NI,BB,HUDHUD,2014-10-11 06:00:00,TS,16.1,85.1,90,966,newdelhi,main,269,254,O____O_________,jtwc_io,IO032014,16.1,85.2, ,TY,105,944,3,130,110,110,130,75,65,65,75,40,35,35,40,1003,220,10,10, , , , , , , , , , , , , , , , , , , , , , , , , , , , , , , , , ,16.1,85.1,VSCS,90,966,5.00000,40, , , , , , , , , , , , , , , , , , , , , , , , , , , , , , , , , , , , , , , , , , , , , , , , , , , , , , , , , , , , , , , , , , , , , , , , , , , , , , , , , , , , , , , , , , ,4,290
2014279N11096,2014,73,NI,BB,HUDHUD,2014-10-11 09:00:00,TS,16.1,85.0,90,964,newdelhi,main,254,239,P____O_________, ,IO032014,16.1,85.0, ,TY,110,941,3,135,115,115,135,80,68,68,85,48,38,38,48,1004,220,13, , , , , , , , , , , , , , , , , , , , , , , , , , , , , , , , , , ,16.1,85.0,VSCS,90,964,5.00000,42, , , , , , , , , , , , , , , , , , , , , , , , , , , , , , , , , , , , , , , , , , , , , , , , , , , , , , , , , , , , , , , , , , , , , , , , , , , , , , , , , , , , , , , , , , ,3,290
2014279N11096,2014,73,NI,BB,HUDHUD,2014-10-11 12:00:00,TS,16.2,84.9,95,962,newdelhi,main,239,223,O____O_________,jtwc_io,IO032014,16.2,84.9, ,TY,115,937,4,140,120,120,140,85,70,70,95,55,40,40,55,1004,220,15,20, , , , , , , , , , , , , , , , , , , , , , , , , , , , , , , , , ,16.2,84.8,VSCS,95,962,5.00000,44, , , , , , , , , , , , , , , , , , , , , , , , , , , , , , , , , , , , , , , , , , , , , , , , , , , , , , , , , , , , , , , , , , , , , , , , , , , , , , , , , , , , , , , , , , ,3,310
2014279N11096,2014,73,NI,BB,HUDHUD,2014-10-11 15:00:00,TS,16.3,84.8,95,960,newdelhi,main,223,200,P____O_________, ,IO032014,16.4,84.8, ,TY,115,937,4,140,120,120,140,83,70,70,88,55,40,40,55,1004,215,13, , , , , , , , , , , , , , , , , , , , , , , , , , , , , , , , , , ,16.2,84.8,VSCS,95,960,5.00000,46, , , , , , , , , , , , , , , , , , , , , , , , , , , , , , , , , , , , , , , , , , , , , , , , , , , , , , , , , , , , , , , , , , , , , , , , , , , , , , , , , , , , , , , , , , ,4,330
2014279N11096,2014,73,NI,BB,HUDHUD,2014-10-11 18:00:00,TS,16.6,84.6,100,954,newdelhi,main,192,154,O____O_________,jtwc_io,IO032014,16.7,84.6, ,TY,115,937,4,140,120,120,140,80,70,70,80,55,40,40,55,1003,210,10, , , , , , , , , , , , , , , , , , , , , , , , , , , , , , , , , , ,16.4,84.7,VSCS,100,954,5.00000,50, , , , , , , , , , , , , , , , , , , , , , , , , , , , , , , , , , , , , , , , , , , , , , , , , , , , , , , , , , , , , , , , , , , , , , , , , , , , , , , , , , , , , , , , , , ,6,320
2014279N11096,2014,73,NI,BB,HUDHUD,2014-10-11 21:00:00,TS,16.8,84.4,100,952,newdelhi,main,154,115,P____O_________, ,IO032014,16.9,84.4, ,TY,115,937,4,140,120,120,140,80,70,70,80,55,40,40,55,1003,205,10, , , , , , , , , , , , , , , , , , , , , , , , , , , , , , , , , , ,16.7,84.4,VSCS,100,952,5.00000,52, , , , , , , , , , , , , , , , , , , , , , , , , , , , , , , , , , , , , , , , , , , , , , , , , , , , , , , , , , , , , , , , , , , , , , , , , , , , , , , , , , , , , , , , , , ,8,320
2014279N11096,2014,73,NI,BB,HUDHUD,2014-10-12 00:00:00,TS,17.2,84.1,100,950,newdelhi,main,107,61,O____O_________,jtwc_io,IO032014,17.1,84.1, ,TY,115,937,4,140,120,120,140,80,70,70,80,55,40,40,55,1002,200,10, , , , , , , , , , , , , , , , , , , , , , , , , , , , , , , , , , ,17.2,84.2,VSCS,100,950,5.00000,54, , , , , , , , , , , , , , , , , , , , , , , , , , , , , , , , , , , , , , , , , , , , , , , , , , , , , , , , , , , , , , , , , , , , , , , , , , , , , , , , , , , , , , , , , , ,8,315
2014279N11096,2014,73,NI,BB,HUDHUD,2014-10-12 03:00:00,TS,17.4,83.8,100,950,newdelhi,main,61,15,P____O_________, ,IO032014,17.4,83.8, ,TY,115,937,4,135,125,113,128,80,75,70,75,55,48,48,55,1002,200,13, , , , , , , , , , , , , , , , , , , , , , , , , , , , , , , , , , ,17.4,83.8,VSCS,100,950,5.00000,54, , , , , , , , , , , , , , , , , , , , , , , , , , , , , , , , , , , , , , , , , , , , , , , , , , , , , , , , , , , , , , , , , , , , , , , , , , , , , , , , , , , , , , , , , , ,8,300
2014279N11096,2014,73,NI,BB,HUDHUD,2014-10-12 06:00:00,TS,17.6,83.4,100,950,newdelhi,main,15,0,O____O_________,jtwc_io,IO032014,17.6,83.4, ,TY,115,937,4,130,130,105,115,80,80,70,70,55,55,55,55,1002,200,15,20, , , , , , , , , , , , , , , , , , , , , , , , , , , , , , , , , ,17.6,83.4,VSCS,100,950,5.00000,54, , , , , , , , , , , , , , , , , , , , , , , , , , , , , , , , , , , , , , , , , , , , , , , , , , , , , , , , , , , , , , , , , , , , , , , , , , , , , , , , , , , , , , , , , , ,8,300
2014279N11096,2014,73,NI,BB,HUDHUD,2014-10-12 09:00:00,TS,17.8,83.1,90,960,newdelhi,main,0,0,P____O_________, ,IO032014,17.8,83.1, ,TY,110,941,3,130,130,105,115,80,80,70,70,55,55,55,55,1002,200,15, , , , , , , , , , , , , , , , , , , , , , , , , , , , , , , , , , ,17.8,83.0,VSCS,90,960,0.00000,42, , , , , , , , , , , , , , , , , , , , , , , , , , , , , , , , , , , , , , , , , , , , , , , , , , , , , , , , , , , , , , , , , , , , , , , , , , , , , , , , , , , , , , , , , , ,7,305
2014279N11096,2014,73,NI,BB,HUDHUD,2014-10-12 12:00:00,TS,18.0,82.8,60,982,newdelhi,main,0,0,O____O_________,jtwc_io,IO032014,18.0,82.9, ,TY,105,944,3,130,130,105,115,80,80,70,70,55,55,55,55,1002,200,15,20, , , , , , , , , , , , , , , , , , , , , , , , , , , , , , , , , ,18.0,82.7,SCS,60,982,0.00000,20, , , , , , , , , , , , , , , , , , , , , , , , , , , , , , , , , , , , , , , , , , , , , , , , , , , , , , , , , , , , , , , , , , , , , , , , , , , , , , , , , , , , , , , , , , ,7,315
2014279N11096,2014,73,NI,BB,HUDHUD,2014-10-12 15:00:00,TS,18.3,82.5,45,986,newdelhi,main,0,0,P____O_________, ,IO032014,18.3,82.6, ,TY,93,954,2,125,123,108,115,75,75,65,65,50,50,50,50,1003,200,18, , , , , , , , , , , , , , , , , , , , , , , , , , , , , , , , , , ,18.3,82.5,CS,45,986,0.00000,15, , , , , , , , , , , , , , , , , , , , , , , , , , , , , , , , , , , , , , , , , , , , , , , , , , , , , , , , , , , , , , , , , , , , , , , , , , , , , , , , , , , , , , , , , , ,9,325
2014279N11096,2014,73,NI,BB,HUDHUD,2014-10-12 18:00:00,TS,18.8,82.3,40,987,newdelhi,main,0,0,O____O_________,jtwc_io,IO032014,18.8,82.2, ,TY,80,963,1,120,115,110,115,70,70,60,60,45,45,45,45,1003,200,20, , , , , , , , , , , , , , , , , , , , , , , , , , , , , , , , , , ,18.7,82.3,CS,40,987,0.00000,14, , , , , , , , , , , , , , , , , , , , , , , , , , , , , , , , , , , , , , , , , , , , , , , , , , , , , , , , , , , , , , , , , , , , , , , , , , , , , , , , , , , , , , , , , , ,8,330
2014279N11096,2014,73,NI,BB,HUDHUD,2014-10-12 21:00:00,TS,19.0,82.1,40,988,newdelhi,main,0,0,P____O_________, ,IO032014,19.3,81.9, ,TY,68,973,1, , , , , , , , ,22,22,22,22,1003,200,25, , , , , , , , , , , , , , , , , , , , , , , , , , , , , , , , , , ,18.7,82.3,DD,40,988,0.00000,13, , , , , , , , , , , , , , , , , , , , , , , , , , , , , , , , , , , , , , , , , , , , , , , , , , , , , , , , , , , , , , , , , , , , , , , , , , , , , , , , , , , , , , , , , , ,12,325
2014279N11096,2014,73,NI,BB,HUDHUD,2014-10-13 00:00:00,TS,19.7,81.6,30,994,newdelhi,main,0,0,O____O_________,jtwc_io,IO032014,19.9,81.6, ,TS,55,982,0, , , , , , , , , , , , ,1003,200,30, , , , , , , , , , , , , , , , , , , , , , , , , , , , , , , , , , ,19.5,81.5,DD,30,994,0.00000,8, , , , , , , , , , , , , , , , , , , , , , , , , , , , , , , , , , , , , , , , , , , , , , , , , , , , , , , , , , , , , , , , , , , , , , , , , , , , , , , , , , , , , , , , , , ,16,340
2014279N11096,2014,73,NI,BB,HUDHUD,2014-10-13 03:00:00,TS,20.5,81.5,30,996,newdelhi,main,0,0,P____O_________, ,IO032014,20.5,81.4, ,TS,48,988,0, , , , , , , , , , , , ,1003,200,30, , , , , , , , , , , , , , , , , , , , , , , , , , , , , , , , , , ,20.5,81.5,DD,30,996,0.00000,6, , , , , , , , , , , , , , , , , , , , , , , , , , , , , , , , , , , , , , , , , , , , , , , , , , , , , , , , , , , , , , , , , , , , , , , , , , , , , , , , , , , , , , , , , , ,11,355
2014279N11096,2014,73,NI,BB,HUDHUD,2014-10-13 06:00:00,TS,20.8,81.4,30,998,newdelhi,main,0,0,O____O_________,jtwc_io,IO032014,21.0,81.3, ,TS,40,993,0, , , , , , , , , , , , ,1003,200,30, , , , , , , , , , , , , , , , , , , , , , , , , , , , , , , , , , ,20.7,81.5,D,30,998,0.00000,5, , , , , , , , , , , , , , , , , , , , , , , , , , , , , , , , , , , , , , , , , , , , , , , , , , , , , , , , , , , , , , , , , , , , , , , , , , , , , , , , , , , , , , , , , , ,7,355
2014279N11096,2014,73,NI,BB,HUDHUD,2014-10-13 09:00:00,TS,21.1,81.4, , , ,main,0,0,P____P_________, ,IO032014,21.5,81.2, ,TS,35,997,0, , , , , , , , , , , , ,1003,200,30, , , , , , , , , , , , , , , , , , , , , , , , , , , , , , , , , , ,21.0,81.5,D,28,998, ,5, , , , , , , , , , , , , , , , , , , , , , , , , , , , , , , , , , , , , , , , , , , , , , , , , , , , , , , , , , , , , , , , , , , , , , , , , , , , , , , , , , , , , , , , , , ,6,0
2014279N11096,2014,73,NI,BB,HUDHUD,2014-10-13 12:00:00,TS,21.4,81.4,25,998,newdelhi,main,0,0,O____O_________,jtwc_io,IO032014,22.0,81.2, ,TD,30,1000,-1, , , , , , , , , , , , ,1003,200,30, , , , , , , , , , , , , , , , , , , , , , , , , , , , , , , , , , ,21.3,81.5,D,25,998,0.00000,4, , , , , , , , , , , , , , , , , , , , , , , , , , , , , , , , , , , , , , , , , , , , , , , , , , , , , , , , , , , , , , , , , , , , , , , , , , , , , , , , , , , , , , , , , , ,5,10
2014279N11096,2014,73,NI,BB,HUDHUD,2014-10-13 15:00:00,TS,21.7,81.5, , , ,main,0,0,_____P_________, ,IO032014, , , ,TD, , ,-5, , , , , , , , , , , , , , , , , , , , , , , , , , , , , , , , , , , , , , , , , , , , , , , , , ,21.7,81.5,D,25,999, ,4, , , , , , , , , , , , , , , , , , , , , , , , , , , , , , , , , , , , , , , , , , , , , , , , , , , , , , , , , , , , , , , , , , , , , , , , , , , , , , , , , , , , , , , , , , ,9,5
2014279N11096,2014,73,NI,BB,HUDHUD,2014-10-13 18:00:00,TS,22.3,81.5,25,1000,newdelhi,main,0,0,_____O_________, , , , , , , , ,-5, , , , , , , , , , , , , , , , , , , , , , , , , , , , , , , , , , , , , , , , , , , , , , , , , ,22.3,81.5,D,25,1000,0.00000,4, , , , , , , , , , , , , , , , , , , , , , , , , , , , , , , , , , , , , , , , , , , , , , , , , , , , , , , , , , , , , , , , , , , , , , , , , , , , , , , , , , , , , , , , , , ,20,360
2014279N11096,2014,73,NI,BB,HUDHUD,2014-10-13 21:00:00,TS,23.6,81.5, , , ,main,0,0,_____P_________, , , , , , , , ,-5, , , , , , , , , , , , , , , , , , , , , , , , , , , , , , , , , , , , , , , , , , , , , , , , , ,23.6,81.5,D,25,1000, ,4, , , , , , , , , , , , , , , , , , , , , , , , , , , , , , , , , , , , , , , , , , , , , , , , , , , , , , , , , , , , , , , , , , , , , , , , , , , , , , , , , , , , , , , , , , ,25,0
2014279N11096,2014,73,NI,BB,HUDHUD,2014-10-14 00:00:00,TS,24.8,81.5,25,1000,newdelhi,main,0,0,_____O_________, , , , , , , , ,-5, , , , , , , , , , , , , , , , , , , , , , , , , , , , , , , , , , , , , , , , , , , , , , , , , ,24.8,81.5,D,25,1000,0.00000,4, , , , , , , , , , , , , , , , , , , , , , , , , , , , , , , , , , , , , , , , , , , , , , , , , , , , , , , , , , , , , , , , , , , , , , , , , , , , , , , , , , , , , , , , , , ,15,5
2014279N11096,2014,73,NI,BB,HUDHUD,2014-10-14 03:00:00,TS,25.1,81.6,20,1000,newdelhi,main,0,0,_____O_________, , , , , , , , ,-5, , , , , , , , , , , , , , , , , , , , , , , , , , , , , , , , , , , , , , , , , , , , , , , , , ,25.1,81.6,D,20,1000,0.00000,3, , , , , , , , , , , , , , , , , , , , , , , , , , , , , , , , , , , , , , , , , , , , , , , , , , , , , , , , , , , , , , , , , , , , , , , , , , , , , , , , , , , , , , , , , , ,8,15
2014279N11096,2014,73,NI,BB,HUDHUD,2014-10-14 06:00:00,TS,25.6,81.7,20,1000,newdelhi,main,0,0,_____O_________, , , , , , , , ,-5, , , , , , , , , , , , , , , , , , , , , , , , , , , , , , , , , , , , , , , , , , , , , , , , , ,25.6,81.7,D,20,1000,0.00000,3, , , , , , , , , , , , , , , , , , , , , , , , , , , , , , , , , , , , , , , , , , , , , , , , , , , , , , , , , , , , , , , , , , , , , , , , , , , , , , , , , , , , , , , , , , ,12,10
2014279N11096,2014,73,NI,BB,HUDHUD,2014-10-14 09:00:00,TS,26.3,81.8,20,1000,newdelhi,main,0, ,_____O_________, , , , , , , , ,-5, , , , , , , , , , , , , , , , , , , , , , , , , , , , , , , , , , , , , , , , , , , , , , , , , ,26.3,81.8,D,20,1000,0.00000,3, , , , , , , , , , , , , , , , , , , , , , , , , , , , , , , , , , , , , , , , , , , , , , , , , , , , , , , , , , , , , , , , , , , , , , , , , , , , , , , , , , , , , , , , , , ,14,5
2014297N11062,2014,79,NI,AS,NILOFAR,2014-10-23 12:00:00,DS,10.8,62.1, , , ,main,852,836,O______________,jtwc_io,IO042014,10.8,62.1, ,DB,15,1010,-3, , , , , , , , , , , , ,1009,200,60, , , , , , , , , , , , , , , , , , , , , , , , , , , , , , , , , , , , , , , , , , , , , , , , , , , , , , , , , , , , , , , , , , , , , , , , , , , , , , , , , , , , , , , , , , , , , , , , , , , , , , , , , , , , , , , , , , , , , , , , , , , , , , , , , , , ,5,315
2014297N11062,2014,79,NI,AS,NILOFAR,2014-10-23 15:00:00,DS,11.0,61.9, , , ,main,825,812,P______________, ,IO042014,11.0,61.9, ,DB,15,1010,-3, , , , , , , , , , , , ,1009,200,60, , , , , , , , , , , , , , , , , , , , , , , , , , , , , , , , , , , , , , , , , , , , , , , , , , , , , , , , , , , , , , , , , , , , , , , , , , , , , , , , , , , , , , , , , , , , , , , , , , , , , , , , , , , , , , , , , , , , , , , , , , , , , , , , , , , ,4,315
2014297N11062,2014,79,NI,AS,NILOFAR,2014-10-23 18:00:00,DS,11.1,61.8, , , ,main,812,799,O______________,jtwc_io,IO042014,11.1,61.8, ,DB,15,1010,-3, , , , , , , , , , , , ,1009,200,60, , , , , , , , , , , , , , , , , , , , , , , , , , , , , , , , , , , , , , , , , , , , , , , , , , , , , , , , , , , , , , , , , , , , , , , , , , , , , , , , , , , , , , , , , , , , , , , , , , , , , , , , , , , , , , , , , , , , , , , , , , , , , , , , , , , ,3,315
2014297N11062,2014,79,NI,AS,NILOFAR,2014-10-23 21:00:00,DS,11.2,61.7, , , ,main,799,786,P______________, ,IO042014,11.2,61.7, ,DB,18,1009,-3, , , , , , , , , , , , ,1009,250,60, , , , , , , , , , , , , , , , , , , , , , , , , , , , , , , , , , , , , , , , , , , , , , , , , , , , , , , , , , , , , , , , , , , , , , , , , , , , , , , , , , , , , , , , , , , , , , , , , , , , , , , , , , , , , , , , , , , , , , , , , , , , , , , , , , , ,3,315
2014297N11062,2014,79,NI,AS,NILOFAR,2014-10-24 00:00:00,DS,11.3,61.6, , , ,main,786,773,O______________,jtwc_io,IO042014,11.3,61.6, ,DB,20,1007,-3, , , , , , , , , , , , ,1008,300,60, , , , , , , , , , , , , , , , , , , , , , , , , , , , , , , , , , , , , , , , , , , , , , , , , , , , , , , , , , , , , , , , , , , , , , , , , , , , , , , , , , , , , , , , , , , , , , , , , , , , , , , , , , , , , , , , , , , , , , , , , , , , , , , , , , , ,3,325
2014297N11062,2014,79,NI,AS,NILOFAR,2014-10-24 03:00:00,DS,11.4,61.5, , , ,main,771,769,P______________, ,IO042014,11.4,61.5, ,DB,20,1007,-3, , , , , , , , , , , , ,1008,275,55, , , , , , , , , , , , , , , , , , , , , , , , , , , , , , , , , , , , , , , , , , , , , , , , , , , , , , , , , , , , , , , , , , , , , , , , , , , , , , , , , , , , , , , , , , , , , , , , , , , , , , , , , , , , , , , , , , , , , , , , , , , , , , , , , , , ,3,345
2014297N11062,2014,79,NI,AS,NILOFAR,2014-10-24 06:00:00,DS,11.6,61.5, , , ,main,769,768,O______________,jtwc_io,IO042014,11.6,61.5, ,DB,20,1007,-3, , , , , , , , , , , , ,1008,250,50, , , , , , , , , , , , , , , , , , , , , , , , , , , , , , , , , , , , , , , , , , , , , , , , , , , , , , , , , , , , , , , , , , , , , , , , , , , , , , , , , , , , , , , , , , , , , , , , , , , , , , , , , , , , , , , , , , , , , , , , , , , , , , , , , , , ,3,10
2014297N11062,2014,79,NI,AS,NILOFAR,2014-10-24 09:00:00,DS,11.7,61.6, , , ,main,778,777,P______________, ,IO042014,11.7,61.6, ,DB,20,1007,-3, , , , , , , , , , , , ,1008,275,55, , , , , , , , , , , , , , , , , , , , , , , , , , , , , , , , , , , , , , , , , , , , , , , , , , , , , , , , , , , , , , , , , , , , , , , , , , , , , , , , , , , , , , , , , , , , , , , , , , , , , , , , , , , , , , , , , , , , , , , , , , , , , , , , , , , ,3,45
2014297N11062,2014,79,NI,AS,NILOFAR,2014-10-24 12:00:00,DS,11.8,61.7, , , ,main,788,788,O______________,jtwc_io,IO042014,11.8,61.7, ,DB,20,1007,-3, , , , , , , , , , , , ,1007,300,60, , , , , , , , , , , , , , , , , , , , , , , , , , , , , , , , , , , , , , , , , , , , , , , , , , , , , , , , , , , , , , , , , , , , , , , , , , , , , , , , , , , , , , , , , , , , , , , , , , , , , , , , , , , , , , , , , , , , , , , , , , , , , , , , , , , ,3,55
2014297N11062,2014,79,NI,AS,NILOFAR,2014-10-24 15:00:00,DS,11.9,61.8, , , ,main,797,797,P______________, ,IO042014,11.9,61.8, ,DB,23,1006,-3, , , , , , , , , , , , ,1007,283,60, , , , , , , , , , , , , , , , , , , , , , , , , , , , , , , , , , , , , , , , , , , , , , , , , , , , , , , , , , , , , , , , , , , , , , , , , , , , , , , , , , , , , , , , , , , , , , , , , , , , , , , , , , , , , , , , , , , , , , , , , , , , , , , , , , , ,4,55
2014297N11062,2014,79,NI,AS,NILOFAR,2014-10-24 18:00:00,TS,12.0,62.0, , , ,main,818,818,O______________,jtwc_io,IO042014,12.0,62.0, ,TD,25,1004,-1, , , , , , , , , , , , ,1007,265,60, , , , , , , , , , , , , , , , , , , , , , , , , , , , , , , , , , , , , , , , , , , , , , , , , , , , , , , , , , , , , , , , , , , , , , , , , , , , , , , , , , , , , , , , , , , , , , , , , , , , , , , , , , , , , , , , , , , , , , , , , , , , , , , , , , , ,4,55
2014297N11062,2014,79,NI,AS,NILOFAR,2014-10-24 21:00:00,TS,12.1,62.2, , , ,main,838,826,P______________, ,IO042014,12.1,62.2, ,TD,28,1002,-1, , , , , , , , , , , , ,1007,265,60, , , , , , , , , , , , , , , , , , , , , , , , , , , , , , , , , , , , , , , , , , , , , , , , , , , , , , , , , , , , , , , , , , , , , , , , , , , , , , , , , , , , , , , , , , , , , , , , , , , , , , , , , , , , , , , , , , , , , , , , , , , , , , , , , , , ,4,20
2014297N11062,2014,79,NI,AS,NILOFAR,2014-10-25 00:00:00,TS,12.3,62.1,25,1004,newdelhi,main,826,825,O____O_________,jtwc_io,IO042014,12.3,62.3, ,TD,30,1000,-1, , , , , , , , , , , , ,1007,265,60, , , , , , , , , , , , , , , , , , , , , , , , , , , , , , , , , , ,12.5,61.5,D,25,1004,1.50000,3, , , , , , , , , , , , , , , , , , , , , , , , , , , , , , , , , , , , , , , , , , , , , , , , , , , , , , , , , , , , , , , , , , , , , , , , , , , , , , , , , , , , , , , , , , ,4,345
2014297N11062,2014,79,NI,AS,NILOFAR,2014-10-25 03:00:00,TS,12.6,62.1,25,1004,newdelhi,main,825,814,P____O_________, ,IO042014,12.6,62.3, ,TD,30,1000,-1, , , , , , , , , , , , ,1008,275,70, , , , , , , , , , , , , , , , , , , , , , , , , , , , , , , , , , ,12.5,61.5,D,25,1004,1.50000,3, , , , , , , , , , , , , , , , , , , , , , , , , , , , , , , , , , , , , , , , , , , , , , , , , , , , , , , , , , , , , , , , , , , , , , , , , , , , , , , , , , , , , , , , , , ,4,345
2014297N11062,2014,79,NI,AS,NILOFAR,2014-10-25 06:00:00,TS,12.7,62.0,25,1004,newdelhi,main,814,801,O____O_________,jtwc_io,IO042014,12.9,62.4, ,TD,30,1000,-1, , , , , , , , , , , , ,1008,285,80, , , , , , , , , , , , , , , , , , , , , , , , , , , , , , , , , , ,12.5,61.5,D,25,1004,1.50000,3, , , , , , , , , , , , , , , , , , , , , , , , , , , , , , , , , , , , , , , , , , , , , , , , , , , , , , , , , , , , , , , , , , , , , , , , , , , , , , , , , , , , , , , , , , ,4,345
2014297N11062,2014,79,NI,AS,NILOFAR,2014-10-25 09:00:00,TS,13.0,61.9, , , ,main,801,783,P____P_________, ,IO042014,13.2,62.6, ,TD,33,998,-1, , , , , , , , , , , , ,1008,278,70, , , , , , , , , , , , , , , , , , , , , , , , , , , , , , , , , , ,12.7,61.3,D,25,1004, ,3, , , , , , , , , , , , , , , , , , , , , , , , , , , , , , , , , , , , , , , , , , , , , , , , , , , , , , , , , , , , , , , , , , , , , , , , , , , , , , , , , , , , , , , , , , ,5,350
2014297N11062,2014,79,NI,AS,NILOFAR,2014-10-25 12:00:00,TS,13.3,61.9,25,1003,newdelhi,main,773,773,O____O_________,jtwc_io,IO042014,13.5,62.8, ,TS,35,996,0, , , , , , , , , , , , ,1007,270,60, , , , , , , , , , , , , , , , , , , , , , , , , , , , , , , , , , ,13.0,61.0,D,25,1003,1.50000,3, , , , , , , , , , , , , , , , , , , , , , , , , , , , , , , , , , , , , , , , , , , , , , , , , , , , , , , , , , , , , , , , , , , , , , , , , , , , , , , , , , , , , , , , , , ,4,0
2014297N11062,2014,79,NI,AS,NILOFAR,2014-10-25 15:00:00,TS,13.3,61.9, , , ,main,773,764,P____P_________, ,IO042014,13.7,62.9, ,TS,35,996,0, , , , , , , , , , , , ,1007,270,60, , , , , , , , , , , , , , , , , , , , , , , , , , , , , , , , , , ,13.0,60.9,D,25,1003, ,3, , , , , , , , , , , , , , , , , , , , , , , , , , , , , , , , , , , , , , , , , , , , , , , , , , , , , , , , , , , , , , , , , , , , , , , , , , , , , , , , , , , , , , , , , , ,2,25
2014297N11062,2014,79,NI,AS,NILOFAR,2014-10-25 18:00:00,TS,13.5,62.0,25,1003,newdelhi,main,761,754,O____O_________,jtwc_io,IO042014,13.9,63.0, ,TS,35,996,0, , , , , , , , , , , , ,1007,270,60, , , , , , , , , , , , , , , , , , , , , , , , , , , , , , , , , , ,13.0,61.0,D,25,1003,1.50000,3, , , , , , , , , , , , , , , , , , , , , , , , , , , , , , , , , , , , , , , , , , , , , , , , , , , , , , , , , , , , , , , , , , , , , , , , , , , , , , , , , , , , , , , , , , ,6,40
2014297N11062,2014,79,NI,AS,NILOFAR,2014-10-25 21:00:00,TS,13.8,62.3, , , ,main,754,744,P____P_________, ,IO042014,14.0,63.0, ,TS,38,995,0, , , , , , , , , , , , ,1007,260,60, , , , , , , , , , , , , , , , , , , , , , , , , , , , , , , , , , ,13.5,61.5,D,25,1003, ,4, , , , , , , , , , , , , , , , , , , , , , , , , , , , , , , , , , , , , , , , , , , , , , , , , , , , , , , , , , , , , , , , , , , , , , , , , , , , , , , , , , , , , , , , , , ,8,40
2014297N11062,2014,79,NI,AS,NILOFAR,2014-10-26 00:00:00,TS,14.1,62.5,25,1002,newdelhi,main,742,742,O____O_________,jtwc_io,IO042014,14.1,63.0, ,TS,40,993,0,65,65,65,65, , , , , , , , ,1007,250,60, , , , , , , , , , , , , , , , , , , , , , , , , , , , , , , , , , ,14.0,62.0,D,25,1002,1.50000,4, , , , , , , , , , , , , , , , , , , , , , , , , , , , , , , , , , , , , , , , , , , , , , , , , , , , , , , , , , , , , , , , , , , , , , , , , , , , , , , , , , , , , , , , , , ,4,35
2014297N11062,2014,79,NI,AS,NILOFAR,2014-10-26 03:00:00,TS,14.1,62.5,30,999,newdelhi,main,742,742,P____O_________, ,IO042014,14.2,63.0, ,TS,43,991,0,65,65,65,65, , , , , , , , ,1008,245,50, , , , , , , , , , , , , , , , , , , , , , , , , , , , , , , , , , ,14.0,62.0,DD,30,999,2.00000,5, , , , , , , , , , , , , , , , , , , , , , , , , , , , , , , , , , , , , , , , , , , , , , , , , , , , , , , , , , , , , , , , , , , , , , , , , , , , , , , , , , , , , , , , , , ,1,0
2014297N11062,2014,79,NI,AS,NILOFAR,2014-10-26 06:00:00,TS,14.2,62.5,35,998,newdelhi,main,734,734,O____O_________,jtwc_io,IO042014,14.2,63.0, ,TS,45,989,0,65,65,65,65, , , , , , , , ,1008,240,40, , , , , , , , , , , , , , , , , , , , , , , , , , , , , , , , , , ,14.1,62.0,CS,35,998,2.50000,6, , , , , , , , , , , , , , , , , , , , , , , , , , , , , , , , , , , , , , , , , , , , , , , , , , , , , , , , , , , , , , , , , , , , , , , , , , , , , , , , , , , , , , , , , , ,1,0
2014297N11062,2014,79,NI,AS,NILOFAR,2014-10-26 09:00:00,TS,14.2,62.5,35,996,newdelhi,main,734,734,P____O_________, ,IO042014,14.2,63.0, ,TS,50,986,0,70,73,73,70,10,10,10,10, , , , ,1008,240,28, , , , , , , , , , , , , , , , , , , , , , , , , , , , , , , , , , ,14.1,62.0,CS,35,996,2.50000,7, , , , , , , , , , , , , , , , , , , , , , , , , , , , , , , , , , , , , , , , , , , , , , , , , , , , , , , , , , , , , , , , , , , , , , , , , , , , , , , , , , , , , , , , , , ,1,0
2014297N11062,2014,79,NI,AS,NILOFAR,2014-10-26 12:00:00,TS,14.3,62.5,40,994,newdelhi,main,726,726,O____O_________,jtwc_io,IO042014,14.3,63.0, ,TS,55,982,0,75,80,80,75,20,20,20,20, , , , ,1007,240,15, , , , , , , , , , , , , , , , , , , , , , , , , , , , , , , , , , ,14.2,62.0,CS,40,994,2.50000,8, , , , , , , , , , , , , , , , , , , , , , , , , , , , , , , , , , , , , , , , , , , , , , , , , , , , , , , , , , , , , , , , , , , , , , , , , , , , , , , , , , , , , , , , , , ,2,350
2014297N11062,2014,79,NI,AS,NILOFAR,2014-10-26 15:00:00,TS,14.3,62.5,40,994,newdelhi,main,726,718,P____O_________, ,IO042014,14.4,63.0, ,TS,55,982,0,83,85,80,78,28,28,28,28, , , , ,1007,240,18, , , , , , , , , , , , , , , , , , , , , , , , , , , , , , , , , , ,14.3,62.0,CS,40,994,3.00000,8, , , , , , , , , , , , , , , , , , , , , , , , , , , , , , , , , , , , , , , , , , , , , , , , , , , , , , , , , , , , , , , , , , , , , , , , , , , , , , , , , , , , , , , , , , ,2,345
2014297N11062,2014,79,NI,AS,NILOFAR,2014-10-26 18:00:00,TS,14.5,62.5,45,994,newdelhi,main,709,702,O____O_________,jtwc_io,IO042014,14.5,62.9, ,TS,55,982,0,90,90,80,80,35,35,35,35, , , , ,1007,240,20, , , , , , , , , , , , , , , , , , , , , , , , , , , , , , , , , , ,14.4,62.0,CS,45,994,3.00000,10, , , , , , , , , , , , , , , , , , , , , , , , , , , , , , , , , , , , , , , , , , , , , , , , , , , , , , , , , , , , , , , , , , , , , , , , , , , , , , , , , , , , , , , , , , ,2,345
2014297N11062,2014,79,NI,AS,NILOFAR,2014-10-26 21:00:00,TS,14.6,62.4,50,994,newdelhi,main,694,686,P____O_________, ,IO042014,14.6,62.9, ,TS,60,978,0,90,90,80,80,35,35,35,35, , , , ,1008,235,20, , , , , , , , , , , , , , , , , , , , , , , , , , , , , , , , , , ,14.5,62.0,SCS,50,994,3.00000,12, , , , , , , , , , , , , , , , , , , , , , , , , , , , , , , , , , , , , , , , , , , , , , , , , , , , , , , , , , , , , , , , , , , , , , , , , , , , , , , , , , , , , , , , , , ,3,355
2014297N11062,2014,79,NI,AS,NILOFAR,2014-10-27 00:00:00,TS,14.8,62.4,55,990,newdelhi,main,678,670,O____O_________,jtwc_io,IO042014,14.7,62.8, ,TY,65,974,1,90,90,80,80,35,35,35,35, , , , ,1008,230,20,30, , , , , , , , , , , , , , , , , , , , , , , , , , , , , , , , , ,14.8,62.0,SCS,55,990,3.50000,16, , , , , , , , , , , , , , , , , , , , , , , , , , , , , , , , , , , , , , , , , , , , , , , , , , , , , , , , , , , , , , , , , , , , , , , , , , , , , , , , , , , , , , , , , , ,3,340
2014297N11062,2014,79,NI,AS,NILOFAR,2014-10-27 03:00:00,TS,14.8,62.3,60,990,newdelhi,main,670,670,P____O_________, ,IO042014,14.8,62.7, ,TY,68,972,1,93,93,88,88,38,38,38,38, , , , ,1008,220,15, , , , , , , , , , , , , , , , , , , , , , , , , , , , , , , , , , ,14.9,62.0,SCS,60,990,3.50000,18, , , , , , , , , , , , , , , , , , , , , , , , , , , , , , , , , , , , , , , , , , , , , , , , , , , , , , , , , , , , , , , , , , , , , , , , , , , , , , , , , , , , , , , , , , ,2,305
2014297N11062,2014,79,NI,AS,NILOFAR,2014-10-27 06:00:00,TS,14.9,62.3,65,986,newdelhi,main,663,655,O____O_________,jtwc_io,IO042014,14.8,62.5, ,TY,70,970,1,95,95,95,95,40,40,40,40,20,20,20,20,1008,210,10,10, , , , , , , , , , , , , , , , , , , , , , , , , , , , , , , , , ,14.9,62.0,VSCS,65,986,4.00000,20, , , , , , , , , , , , , , , , , , , , , , , , , , , , , , , , , , , , , , , , , , , , , , , , , , , , , , , , , , , , , , , , , , , , , , , , , , , , , , , , , , , , , , , , , , ,1,300
2014297N11062,2014,79,NI,AS,NILOFAR,2014-10-27 09:00:00,TS,14.9,62.2,65,984,newdelhi,main,655,647,P____O_________, ,IO042014,14.9,62.4, ,TY,75,967,1,95,95,95,95,40,40,40,40,20,20,20,20,1007,205,10, , , , , , , , , , , , , , , , , , , , , , , , , , , , , , , , , , ,14.9,62.0,VSCS,65,984,4.00000,22, , , , , , , , , , , , , , , , , , , , , , , , , , , , , , , , , , , , , , , , , , , , , , , , , , , , , , , , , , , , , , , , , , , , , , , , , , , , , , , , , , , , , , , , , , ,2,330
2014297N11062,2014,79,NI,AS,NILOFAR,2014-10-27 12:00:00,TS,15.0,62.2,70,982,newdelhi,main,647,632,O____O_________,jtwc_io,IO042014,15.0,62.3, ,TY,80,963,1,95,95,95,95,40,40,40,40,20,20,20,20,1006,200,10, , , , , , , , , , , , , , , , , , , , , , , , , , , , , , , , , , ,15.0,62.0,VSCS,70,982,4.00000,24, , , , , , , , , , , , , , , , , , , , , , , , , , , , , , , , , , , , , , , , , , , , , , , , , , , , , , , , , , , , , , , , , , , , , , , , , , , , , , , , , , , , , , , , , , ,2,330
2014297N11062,2014,79,NI,AS,NILOFAR,2014-10-27 15:00:00,TS,15.1,62.1,70,981,newdelhi,main,632,624,P____O_________, ,IO042014,15.0,62.2, ,TY,85,960,2,100,100,98,98,45,45,45,45,20,20,20,20,1006,205,10, , , , , , , , , , , , , , , , , , , , , , , , , , , , , , , , , , ,15.1,62.0,VSCS,70,981,4.00000,25, , , , , , , , , , , , , , , , , , , , , , , , , , , , , , , , , , , , , , , , , , , , , , , , , , , , , , , , , , , , , , , , , , , , , , , , , , , , , , , , , , , , , , , , , , ,2,335
2014297N11062,2014,79,NI,AS,NILOFAR,2014-10-27 18:00:00,TS,15.2,62.1,70,980,newdelhi,main,624,593,O____O_________,jtwc_io,IO042014,15.1,62.1, ,TY,90,956,2,105,105,100,100,50,50,50,50,20,20,20,20,1006,210,10,10, , , , , , , , , , , , , , , , , , , , , , , , , , , , , , , , , ,15.3,62.0,VSCS,70,980,4.00000,26, , , , , , , , , , , , , , , , , , , , , , , , , , , , , , , , , , , , , , , , , , , , , , , , , , , , , , , , , , , , , , , , , , , , , , , , , , , , , , , , , , , , , , , , , , ,5,325
2014297N11062,2014,79,NI,AS,NILOFAR,2014-10-27 21:00:00,TS,15.4,61.8,75,979,newdelhi,main,585,570,P____O_________, ,IO042014,15.3,61.9, ,TY,93,954,2,105,105,100,100,50,50,50,50,20,20,20,20,1006,210,10, , , , , , , , , , , , , , , , , , , , , , , , , , , , , , , , , , ,15.6,61.8,VSCS,75,979,4.00000,27, , , , , , , , , , , , , , , , , , , , , , , , , , , , , , , , , , , , , , , , , , , , , , , , , , , , , , , , , , , , , , , , , , , , , , , , , , , , , , , , , , , , , , , , , , ,5,325
2014297N11062,2014,79,NI,AS,NILOFAR,2014-10-28 00:00:00,TS,15.6,61.8,75,978,newdelhi,main,570,547,O____O_________,jtwc_io,IO042014,15.5,61.7, ,TY,95,952,2,105,105,100,100,50,50,50,50,20,20,20,20,1006,210,10, , , , , , , , , , , , , , , , , , , , , , , , , , , , , , , , , , ,15.7,61.8,VSCS,75,978,4.00000,28, , , , , , , , , , , , , , , , , , , , , , , , , , , , , , , , , , , , , , , , , , , , , , , , , , , , , , , , , , , , , , , , , , , , , , , , , , , , , , , , , , , , , , , , , , ,4,335
2014297N11062,2014,79,NI,AS,NILOFAR,2014-10-28 03:00:00,TS,15.8,61.7,75,977,newdelhi,main,547,531,P____O_________, ,IO042014,15.7,61.7, ,TY,98,950,3,105,105,103,103,50,50,50,50,20,20,20,20,1007,205,10, , , , , , , , , , , , , , , , , , , , , , , , , , , , , , , , , , ,15.8,61.7,VSCS,75,977,4.00000,29, , , , , , , , , , , , , , , , , , , , , , , , , , , , , , , , , , , , , , , , , , , , , , , , , , , , , , , , , , , , , , , , , , , , , , , , , , , , , , , , , , , , , , , , , , ,4,345
2014297N11062,2014,79,NI,AS,NILOFAR,2014-10-28 06:00:00,TS,16.0,61.7,80,974,newdelhi,main,532,511,O____O_________,jtwc_io,IO042014,16.0,61.7, ,TY,100,948,3,105,105,105,105,50,50,50,50,20,20,20,20,1007,200,10, , , , , , , , , , , , , , , , , , , , , , , , , , , , , , , , , , ,15.9,61.6,VSCS,80,974,4.50000,32, , , , , , , , , , , , , , , , , , , , , , , , , , , , , , , , , , , , , , , , , , , , , , , , , , , , , , , , , , , , , , , , , , , , , , , , , , , , , , , , , , , , , , , , , , ,6,0
2014297N11062,2014,79,NI,AS,NILOFAR,2014-10-28 09:00:00,TS,16.3,61.7,90,966,newdelhi,main,511,495,P____O_________, ,IO042014,16.4,61.8, ,TY,108,943,3,105,105,105,105,50,50,50,50,20,20,20,20,1007,195,10, , , , , , , , , , , , , , , , , , , , , , , , , , , , , , , , , , ,16.3,61.6,VSCS,90,966,5.00000,40, , , , , , , , , , , , , , , , , , , , , , , , , , , , , , , , , , , , , , , , , , , , , , , , , , , , , , , , , , , , , , , , , , , , , , , , , , , , , , , , , , , , , , , , , , ,8,10
2014297N11062,2014,79,NI,AS,NILOFAR,2014-10-28 12:00:00,TS,16.8,61.8,100,954,newdelhi,main,489,468,O____O_________,jtwc_io,IO042014,16.8,61.8, ,TY,115,937,4,105,105,105,105,50,50,50,50,20,20,20,20,1006,190,10,10, , , , , , , , , , , , , , , , , , , , , , , , , , , , , , , , , ,16.7,61.8,VSCS,100,954,5.50000,52, , , , , , , , , , , , , , , , , , , , , , , , , , , , , , , , , , , , , , , , , , , , , , , , , , , , , , , , , , , , , , , , , , , , , , , , , , , , , , , , , , , , , , , , , , ,9,5
2014297N11062,2014,79,NI,AS,NILOFAR,2014-10-28 15:00:00,TS,17.2,61.8,105,952,newdelhi,main,468,440,P____O_________, ,IO042014,17.3,61.7, ,TY,115,937,4,105,100,98,103,55,50,50,55,20,20,20,20,1006,200,10, , , , , , , , , , , , , , , , , , , , , , , , , , , , , , , , , , ,17.2,61.8,VSCS,105,952,5.50000,54, , , , , , , , , , , , , , , , , , , , , , , , , , , , , , , , , , , , , , , , , , , , , , , , , , , , , , , , , , , , , , , , , , , , , , , , , , , , , , , , , , , , , , , , , , ,9,355
2014297N11062,2014,79,NI,AS,NILOFAR,2014-10-28 18:00:00,TS,17.7,61.7,110,950,newdelhi,main,436,429,O____O_________,jtwc_io,IO042014,17.7,61.6, ,TY,115,937,4,105,95,90,100,60,50,50,60,20,20,20,20,1006,210,10,10, , , , , , , , , , , , , , , , , , , , , , , , , , , , , , , , , ,17.6,61.8,VSCS,110,950,5.50000,56, , , , , , , , , , , , , , , , , , , , , , , , , , , , , , , , , , , , , , , , , , , , , , , , , , , , , , , , , , , , , , , , , , , , , , , , , , , , , , , , , , , , , , , , , , ,7,355
2014297N11062,2014,79,NI,AS,NILOFAR,2014-10-28 21:00:00,TS,17.9,61.7,110,950,newdelhi,main,429,426,P____O_________, ,IO042014,17.9,61.6, ,TY,110,941,3,100,90,85,95,60,50,50,60,20,20,20,20,1006,210,9, , , , , , , , , , , , , , , , , , , , , , , , , , , , , , , , , , ,18.0,61.8,VSCS,110,950,5.50000,56, , , , , , , , , , , , , , , , , , , , , , , , , , , , , , , , , , , , , , , , , , , , , , , , , , , , , , , , , , , , , , , , , , , , , , , , , , , , , , , , , , , , , , , , , , ,5,10
2014297N11062,2014,79,NI,AS,NILOFAR,2014-10-29 00:00:00,TS,18.1,61.8,105,954,newdelhi,main,431,406,O____O_________,jtwc_io,IO042014,18.0,61.6, ,TY,105,944,3,95,85,80,90,60,50,50,60,20,20,20,20,1006,210,7,5, , , , , , , , , , , , , , , , , , , , , , , , , , , , , , , , , ,18.2,62.0,VSCS,105,954,5.50000,52, , , , , , , , , , , , , , , , , , , , , , , , , , , , , , , , , , , , , , , , , , , , , , , , , , , , , , , , , , , , , , , , , , , , , , , , , , , , , , , , , , , , , , , , , , ,6,15
2014297N11062,2014,79,NI,AS,NILOFAR,2014-10-29 03:00:00,TS,18.5,61.8,100,958,newdelhi,main,406,402,P____O_________, ,IO042014,18.2,61.7, ,TY,100,948,3,98,80,78,90,65,45,45,68,23,20,20,23,1008,210,9, , , , , , , , , , , , , , , , , , , , , , , , , , , , , , , , , , ,18.7,62.0,VSCS,100,958,5.00000,48, , , , , , , , , , , , , , , , , , , , , , , , , , , , , , , , , , , , , , , , , , , , , , , , , , , , , , , , , , , , , , , , , , , , , , , , , , , , , , , , , , , , , , , , , , ,6,10
2014297N11062,2014,79,NI,AS,NILOFAR,2014-10-29 06:00:00,TS,18.7,61.9,95,962,newdelhi,main,402,396,O____O_________,jtwc_io,IO042014,18.5,61.8, ,TY,95,952,2,100,75,75,90,70,40,40,75,25,20,20,25,1009,210,10, , , , , , , , , , , , , , , , , , , , , , , , , , , , , , , , , , ,18.9,62.0,VSCS,95,962,5.00000,44, , , , , , , , , , , , , , , , , , , , , , , , , , , , , , , , , , , , , , , , , , , , , , , , , , , , , , , , , , , , , , , , , , , , , , , , , , , , , , , , , , , , , , , , , , ,4,20
2014297N11062,2014,79,NI,AS,NILOFAR,2014-10-29 09:00:00,TS,18.8,62.0,90,968,newdelhi,main,404,396,P____O_________, ,IO042014,18.7,62.0, ,TY,88,958,2,100,75,75,90,68,50,43,70,25,23,23,25,1008,193,15, , , , , , , , , , , , , , , , , , , , , , , , , , , , , , , , , , ,19.0,62.0,VSCS,90,968,5.00000,40, , , , , , , , , , , , , , , , , , , , , , , , , , , , , , , , , , , , , , , , , , , , , , , , , , , , , , , , , , , , , , , , , , , , , , , , , , , , , , , , , , , , , , , , , , ,4,45
2014297N11062,2014,79,NI,AS,NILOFAR,2014-10-29 12:00:00,TS,19.0,62.2,80,974,newdelhi,main,404,404,O____O_________,jtwc_io,IO042014,18.8,62.2, ,TY,80,963,1,100,75,75,90,65,60,45,65,25,25,25,25,1007,175,20, , , , , , , , , , , , , , , , , , , , , , , , , , , , , , , , , , ,19.2,62.2,VSCS,80,974,4.50000,32, , , , , , , , , , , , , , , , , , , , , , , , , , , , , , , , , , , , , , , , , , , , , , , , , , , , , , , , , , , , , , , , , , , , , , , , , , , , , , , , , , , , , , , , , , ,6,55
2014297N11062,2014,79,NI,AS,NILOFAR,2014-10-29 15:00:00,TS,19.2,62.5,70,980,newdelhi,main,414,414,P____O_________, ,IO042014,18.9,62.5, ,TY,75,967,1,100,75,75,90,65,60,45,65,20,20,20,20,1007,175,23, , , , , , , , , , , , , , , , , , , , , , , , , , , , , , , , , , ,19.4,62.5,VSCS,70,980,4.00000,26, , , , , , , , , , , , , , , , , , , , , , , , , , , , , , , , , , , , , , , , , , , , , , , , , , , , , , , , , , , , , , , , , , , , , , , , , , , , , , , , , , , , , , , , , , ,7,70
2014297N11062,2014,79,NI,AS,NILOFAR,2014-10-29 18:00:00,TS,19.3,62.9,70,986,newdelhi,main,442,442,O____O_________,jtwc_io,IO042014,19.1,62.9, ,TY,70,970,1,100,75,75,90,65,60,45,65,15,15,15,15,1007,175,25, , , , , , , , , , , , , , , , , , , , , , , , , , , , , , , , , , ,19.4,62.8,VSCS,70,986,4.00000,24, , , , , , , , , , , , , , , , , , , , , , , , , , , , , , , , , , , , , , , , , , , , , , , , , , , , , , , , , , , , , , , , , , , , , , , , , , , , , , , , , , , , , , , , , , ,6,70
2014297N11062,2014,79,NI,AS,NILOFAR,2014-10-29 21:00:00,TS,19.4,63.2,60,988,newdelhi,main,463,463,P____O_________, ,IO042014,19.3,63.2, ,TY,65,974,1,105,93,83,90,65,63,48,58,7,7,7,7,1007,175,28, , , , , , , , , , , , , , , , , , , , , , , , , , , , , , , , , , ,19.4,63.1,SCS,60,988,3.50000,20, , , , , , , , , , , , , , , , , , , , , , , , , , , , , , , , , , , , , , , , , , , , , , , , , , , , , , , , , , , , , , , , , , , , , , , , , , , , , , , , , , , , , , , , , , ,7,65
2014297N11062,2014,79,NI,AS,NILOFAR,2014-10-30 00:00:00,TS,19.6,63.6,60,990,newdelhi,main,488,488,O____O_________,jtwc_io,IO042014,19.6,63.5, ,TS,60,978,0,110,110,90,90,65,65,50,50, , , , ,1007,175,30, , , , , , , , , , , , , , , , , , , , , , , , , , , , , , , , , , ,19.5,63.6,SCS,60,990,3.50000,18, , , , , , , , , , , , , , , , , , , , , , , , , , , , , , , , , , , , , , , , , , , , , , , , , , , , , , , , , , , , , , , , , , , , , , , , , , , , , , , , , , , , , , , , , , ,8,60
2014297N11062,2014,79,NI,AS,NILOFAR,2014-10-30 03:00:00,TS,19.8,63.9,50,994,newdelhi,main,503,503,P____O_________, ,IO042014,19.8,63.8, ,TS,55,982,0,105,100,80,90, , , , , , , , ,1008,170,35, , , , , , , , , , , , , , , , , , , , , , , , , , , , , , , , , , ,19.8,64.1,SCS,50,994,3.00000,14, , , , , , , , , , , , , , , , , , , , , , , , , , , , , , , , , , , , , , , , , , , , , , , , , , , , , , , , , , , , , , , , , , , , , , , , , , , , , , , , , , , , , , , , , , ,8,50
2014297N11062,2014,79,NI,AS,NILOFAR,2014-10-30 06:00:00,TS,20.1,64.2,45,998,newdelhi,main,513,513,O____O_________,jtwc_io,IO042014,19.9,64.0, ,TS,50,985,0,100,90,70,90, , , , , , , , ,1008,165,40, , , , , , , , , , , , , , , , , , , , , , , , , , , , , , , , , , ,20.2,64.3,SCS,45,998,3.00000,10, , , , , , , , , , , , , , , , , , , , , , , , , , , , , , , , , , , , , , , , , , , , , , , , , , , , , , , , , , , , , , , , , , , , , , , , , , , , , , , , , , , , , , , , , , ,5,55
2014297N11062,2014,79,NI,AS,NILOFAR,2014-10-30 09:00:00,TS,20.1,64.4,40,1000,newdelhi,main,527,512,P____O_________, ,IO042014,19.9,64.3, ,TS,48,987,0,95,85,65,85, , , , , , , , ,1008,170,40, , , , , , , , , , , , , , , , , , , , , , , , , , , , , , , , , , ,20.2,64.5,CS,40,1000,2.50000,9, , , , , , , , , , , , , , , , , , , , , , , , , , , , , , , , , , , , , , , , , , , , , , , , , , , , , , , , , , , , , , , , , , , , , , , , , , , , , , , , , , , , , , , , , , ,4,60
2014297N11062,2014,79,NI,AS,NILOFAR,2014-10-30 12:00:00,TS,20.3,64.6,40,1001,newdelhi,main,498,489,O____O_________,jtwc_io,IO042014,20.0,64.5, ,TS,45,989,0,90,80,60,80, , , , , , , , ,1007,175,40, , , , , , , , , , , , , , , , , , , , , , , , , , , , , , , , , , ,20.5,64.6,CS,40,1001,2.50000,8, , , , , , , , , , , , , , , , , , , , , , , , , , , , , , , , , , , , , , , , , , , , , , , , , , , , , , , , , , , , , , , , , , , , , , , , , , , , , , , , , , , , , , , , , , ,4,40
2014297N11062,2014,79,NI,AS,NILOFAR,2014-10-30 15:00:00,TS,20.4,64.6, , , ,main,489,474,P____P_________, ,IO042014,20.2,64.7, ,TS,40,993,0,90,80,60,80, , , , , , , , ,1007,175,40, , , , , , , , , , , , , , , , , , , , , , , , , , , , , , , , , , ,20.6,64.6,CS,38,1002, ,8, , , , , , , , , , , , , , , , , , , , , , , , , , , , , , , , , , , , , , , , , , , , , , , , , , , , , , , , , , , , , , , , , , , , , , , , , , , , , , , , , , , , , , , , , , ,3,40
2014297N11062,2014,79,NI,AS,NILOFAR,2014-10-30 18:00:00,TS,20.5,64.8,35,1002,newdelhi,main,468,452,O____O_________,jtwc_io,IO042014,20.4,64.8, ,TS,35,996,0,90,80,60,80, , , , , , , , ,1007,175,40, , , , , , , , , , , , , , , , , , , , , , , , , , , , , , , , , , ,20.6,64.7,CS,35,1002,2.50000,7, , , , , , , , , , , , , , , , , , , , , , , , , , , , , , , , , , , , , , , , , , , , , , , , , , , , , , , , , , , , , , , , , , , , , , , , , , , , , , , , , , , , , , , , , , ,4,50
2014297N11062,2014,79,NI,AS,NILOFAR,2014-10-30 21:00:00,TS,20.6,64.9,30,1003,newdelhi,main,452,437,P____O_________, ,IO042014,20.6,64.9, ,TS,33,998,-1, , , , , , , , , , , , ,1007,175,40, , , , , , , , , , , , , , , , , , , , , , , , , , , , , , , , , , ,20.7,65.0,DD,30,1003,2.00000,5, , , , , , , , , , , , , , , , , , , , , , , , , , , , , , , , , , , , , , , , , , , , , , , , , , , , , , , , , , , , , , , , , , , , , , , , , , , , , , , , , , , , , , , , , , ,3,50
2014297N11062,2014,79,NI,AS,NILOFAR,2014-10-31 00:00:00,TS,20.7,65.0,25,1004,newdelhi,main,437,422,O____O_________,jtwc_io,IO042014,20.7,65.0, ,TD,30,1000,-1, , , , , , , , , , , , ,1007,175,40, , , , , , , , , , , , , , , , , , , , , , , , , , , , , , , , , , ,20.7,65.1,D,25,1004,1.50000,4, , , , , , , , , , , , , , , , , , , , , , , , , , , , , , , , , , , , , , , , , , , , , , , , , , , , , , , , , , , , , , , , , , , , , , , , , , , , , , , , , , , , , , , , , , ,3,25
2014297N11062,2014,79,NI,AS,NILOFAR,2014-10-31 03:00:00,TS,20.8,65.1, , , ,main,422,404,P______________, ,IO042014,20.8,65.1, ,TD,28,1002,-1, , , , , , , , , , , , ,1008,170,45, , , , , , , , , , , , , , , , , , , , , , , , , , , , , , , , , , , , , , , , , , , , , , , , , , , , , , , , , , , , , , , , , , , , , , , , , , , , , , , , , , , , , , , , , , , , , , , , , , , , , , , , , , , , , , , , , , , , , , , , , , , , , , , , , , , ,3,15
2014297N11062,2014,79,NI,AS,NILOFAR,2014-10-31 06:00:00,TS,21.0,65.1, , , ,main,404,387,O______________,jtwc_io,IO042014,21.0,65.1, ,TD,25,1004,-1, , , , , , , , , , , , ,1009,165,50, , , , , , , , , , , , , , , , , , , , , , , , , , , , , , , , , , , , , , , , , , , , , , , , , , , , , , , , , , , , , , , , , , , , , , , , , , , , , , , , , , , , , , , , , , , , , , , , , , , , , , , , , , , , , , , , , , , , , , , , , , , , , , , , , , , ,4,5
2014297N11062,2014,79,NI,AS,NILOFAR,2014-10-31 09:00:00,TS,21.2,65.1, , , ,main,387,378,P______________, ,IO042014,21.2,65.1, ,TD,25,1004,-1, , , , , , , , , , , , ,1009,170,55, , , , , , , , , , , , , , , , , , , , , , , , , , , , , , , , , , , , , , , , , , , , , , , , , , , , , , , , , , , , , , , , , , , , , , , , , , , , , , , , , , , , , , , , , , , , , , , , , , , , , , , , , , , , , , , , , , , , , , , , , , , , , , , , , , , ,4,345
2014297N11062,2014,79,NI,AS,NILOFAR,2014-10-31 12:00:00,TS,21.4,65.0, , , ,main,378,370,O______________,jtwc_io,IO042014,21.4,65.0, ,TD,25,1004,-1, , , , , , , , , , , , ,1008,175,60, , , , , , , , , , , , , , , , , , , , , , , , , , , , , , , , , , , , , , , , , , , , , , , , , , , , , , , , , , , , , , , , , , , , , , , , , , , , , , , , , , , , , , , , , , , , , , , , , , , , , , , , , , , , , , , , , , , , , , , , , , , , , , , , , , , ,4,335
2014297N11062,2014,79,NI,AS,NILOFAR,2014-10-31 15:00:00,TS,21.6,64.9, , , ,main,370,370,P______________, ,IO042014,21.6,64.9, ,TD,23,1006,-1, , , , , , , , , , , , ,1008,175,60, , , , , , , , , , , , , , , , , , , , , , , , , , , , , , , , , , , , , , , , , , , , , , , , , , , , , , , , , , , , , , , , , , , , , , , , , , , , , , , , , , , , , , , , , , , , , , , , , , , , , , , , , , , , , , , , , , , , , , , , , , , , , , , , , , , ,4,315
2014297N11062,2014,79,NI,AS,NILOFAR,2014-10-31 18:00:00,DS,21.7,64.7, , , ,main,377,377,O______________,jtwc_io,IO042014,21.7,64.7, ,DB,20,1007,-3, , , , , , , , , , , , ,1008,175,60, , , , , , , , , , , , , , , , , , , , , , , , , , , , , , , , , , , , , , , , , , , , , , , , , , , , , , , , , , , , , , , , , , , , , , , , , , , , , , , , , , , , , , , , , , , , , , , , , , , , , , , , , , , , , , , , , , , , , , , , , , , , , , , , , , , ,4,290
2014297N11062,2014,79,NI,AS,NILOFAR,2014-10-31 21:00:00,DS,21.7,64.5, , , ,main,391,391,P______________, ,IO042014,21.7,64.5, ,DB,20,1007,-3, , , , , , , , , , , , ,1008,175,60, , , , , , , , , , , , , , , , , , , , , , , , , , , , , , , , , , , , , , , , , , , , , , , , , , , , , , , , , , , , , , , , , , , , , , , , , , , , , , , , , , , , , , , , , , , , , , , , , , , , , , , , , , , , , , , , , , , , , , , , , , , , , , , , , , , ,5,270
2014297N11062,2014,79,NI,AS,NILOFAR,2014-11-01 00:00:00,DS,21.7,64.2, , , ,main,391,391,O______________,jtwc_io,IO042014,21.7,64.2, ,DB,20,1007,-3, , , , , , , , , , , , ,1008,175,60, , , , , , , , , , , , , , , , , , , , , , , , , , , , , , , , , , , , , , , , , , , , , , , , , , , , , , , , , , , , , , , , , , , , , , , , , , , , , , , , , , , , , , , , , , , , , , , , , , , , , , , , , , , , , , , , , , , , , , , , , , , , , , , , , , , ,4,265
2014297N11062,2014,79,NI,AS,NILOFAR,2014-11-01 03:00:00,DS,21.7,64.0, , , ,main,393,392,P______________, ,IO042014,21.7,64.0, ,DB,20,1007,-3, , , , , , , , , , , , ,1008,175,60, , , , , , , , , , , , , , , , , , , , , , , , , , , , , , , , , , , , , , , , , , , , , , , , , , , , , , , , , , , , , , , , , , , , , , , , , , , , , , , , , , , , , , , , , , , , , , , , , , , , , , , , , , , , , , , , , , , , , , , , , , , , , , , , , , , ,4,270
2014297N11062,2014,79,NI,AS,NILOFAR,2014-11-01 06:00:00,DS,21.7,63.8, , , ,main,392,391,O______________,jtwc_io,IO042014,21.7,63.8, ,DB,20,1007,-3, , , , , , , , , , , , ,1008,175,60, , , , , , , , , , , , , , , , , , , , , , , , , , , , , , , , , , , , , , , , , , , , , , , , , , , , , , , , , , , , , , , , , , , , , , , , , , , , , , , , , , , , , , , , , , , , , , , , , , , , , , , , , , , , , , , , , , , , , , , , , , , , , , , , , , , ,4,270
2014297N11062,2014,79,NI,AS,NILOFAR,2014-11-01 09:00:00,DS,21.7,63.6, , , ,main,391,365,P______________, ,IO042014,21.7,63.6, ,DB,18,1009,-3, , , , , , , , , , , , ,1008,175,60, , , , , , , , , , , , , , , , , , , , , , , , , , , , , , , , , , , , , , , , , , , , , , , , , , , , , , , , , , , , , , , , , , , , , , , , , , , , , , , , , , , , , , , , , , , , , , , , , , , , , , , , , , , , , , , , , , , , , , , , , , , , , , , , , , , ,5,270
2014297N11062,2014,79,NI,AS,NILOFAR,2014-11-01 12:00:00,DS,21.7,63.3, , , ,main,365, ,O______________,jtwc_io,IO042014,21.7,63.3, ,DB,15,1010,-3, , , , , , , , , , , , ,1008,175,60, , , , , , , , , , , , , , , , , , , , , , , , , , , , , , , , , , , , , , , , , , , , , , , , , , , , , , , , , , , , , , , , , , , , , , , , , , , , , , , , , , , , , , , , , , , , , , , , , , , , , , , , , , , , , , , , , , , , , , , , , , , , , , , , , , , ,5,270
2015301N11065,2015,98,NI,AS,CHAPALA,2015-10-27 12:00:00,TS,10.7,65.1, , , ,main,1073,1068,O______________,jtwc_io,IO042015,10.7,65.1, ,TD,25,1004,-1, , , , , , , , , , , , ,1009,200,55, , , , , , , , , , , , , , , , , , , , , , , , , , , , , , , , , , , , , , , , , , , , , , , , , , , , , , , , , , , , , , , , , , , , , , , , , , , , , , , , , , , , , , , , , , , , , , , , , , , , , , , , , , , , , , , , , , , , , , , , , , , , , , , , , , , ,4,335
2015301N11065,2015,98,NI,AS,CHAPALA,2015-10-27 15:00:00,TS,10.9,65.0, , , ,main,1073,1068,P______________, ,IO042015,10.9,65.0, ,TD,25,1004,-1, , , , , , , , , , , , ,1009,200,50, , , , , , , , , , , , , , , , , , , , , , , , , , , , , , , , , , , , , , , , , , , , , , , , , , , , , , , , , , , , , , , , , , , , , , , , , , , , , , , , , , , , , , , , , , , , , , , , , , , , , , , , , , , , , , , , , , , , , , , , , , , , , , , , , , , ,4,335
2015301N11065,2015,98,NI,AS,CHAPALA,2015-10-27 18:00:00,TS,11.1,64.9, , , ,main,1072,1068,O______________,jtwc_io,IO042015,11.1,64.9, ,TD,25,1004,-1, , , , , , , , , , , , ,1009,200,45, , , , , , , , , , , , , , , , , , , , , , , , , , , , , , , , , , , , , , , , , , , , , , , , , , , , , , , , , , , , , , , , , , , , , , , , , , , , , , , , , , , , , , , , , , , , , , , , , , , , , , , , , , , , , , , , , , , , , , , , , , , , , , , , , , , ,5,335
2015301N11065,2015,98,NI,AS,CHAPALA,2015-10-27 21:00:00,TS,11.3,64.8, , , ,main,1073,1068,P______________, ,IO042015,11.3,64.8, ,TD,28,1002,-1, , , , , , , , , , , , ,1009,205,43, , , , , , , , , , , , , , , , , , , , , , , , , , , , , , , , , , , , , , , , , , , , , , , , , , , , , , , , , , , , , , , , , , , , , , , , , , , , , , , , , , , , , , , , , , , , , , , , , , , , , , , , , , , , , , , , , , , , , , , , , , , , , , , , , , , ,5,340
2015301N11065,2015,98,NI,AS,CHAPALA,2015-10-28 00:00:00,TS,11.6,64.7, , , ,main,1070,1065,O______________,jtwc_io,IO042015,11.6,64.7, ,TD,30,1000,-1, , , , , , , , , , , , ,1009,210,40, , , , , , , , , , , , , , , , , , , , , , , , , , , , , , , , , , , , , , , , , , , , , , , , , , , , , , , , , , , , , , , , , , , , , , , , , , , , , , , , , , , , , , , , , , , , , , , , , , , , , , , , , , , , , , , , , , , , , , , , , , , , , , , , , , , ,4,350
2015301N11065,2015,98,NI,AS,CHAPALA,2015-10-28 03:00:00,TS,11.8,64.7,25,1005,newdelhi,main,1061,1042,P____O_________, ,IO042015,11.8,64.7, ,TD,33,998,-1, , , , , , , , , , , , ,1009,210,40, , , , , , , , , , , , , , , , , , , , , , , , , , , , , , , , , , ,11.5,65.0,D,25,1005,1.50000,3, , , , , , , , , , , , , , , , , , , , , , , , , , , , , , , , , , , , , , , , , , , , , , , , , , , , , , , , , , , , , , , , , , , , , , , , , , , , , , , , , , , , , , , , , , ,4,10
2015301N11065,2015,98,NI,AS,CHAPALA,2015-10-28 06:00:00,TS,12.0,64.8,25,1004,newdelhi,main,1042,1029,O____O_________,jtwc_io,IO042015,12.1,64.7, ,TS,35,996,0, , , , , , , , , , , , ,1009,210,40, , , , , , , , , , , , , , , , , , , , , , , , , , , , , , , , , , ,11.8,64.9,D,25,1004,2.00000,4, , , , , , , , , , , , , , , , , , , , , , , , , , , , , , , , , , , , , , , , , , , , , , , , , , , , , , , , , , , , , , , , , , , , , , , , , , , , , , , , , , , , , , , , , , ,6,5
2015301N11065,2015,98,NI,AS,CHAPALA,2015-10-28 09:00:00,TS,12.4,64.8, , , ,main,1024,1013,O____P_________,jtwc_io,IO042015,12.5,64.8, ,TS,35,996,0, , , , , , , , , , , , ,1009,210,40, , , , , , , , , , , , , , , , , , , , , , , , , , , , , , , , , , ,12.2,64.8,D,28,1003, ,5, , , , , , , , , , , , , , , , , , , , , , , , , , , , , , , , , , , , , , , , , , , , , , , , , , , , , , , , , , , , , , , , , , , , , , , , , , , , , , , , , , , , , , , , , , ,7,5
2015301N11065,2015,98,NI,AS,CHAPALA,2015-10-28 12:00:00,TS,12.7,64.8,30,1001,newdelhi,main,1008,999,O____O_________,jtwc_io,IO042015,12.8,64.9, ,TS,45,989,0,45,45,45,45, , , , , , , , ,1009,210,40, , , , , , , , , , , , , , , , , , , , , , , , , , , , , , , , , , ,12.5,64.7,DD,30,1001,2.00000,5, , , , , , , , , , , , , , , , , , , , , , , , , , , , , , , , , , , , , , , , , , , , , , , , , , , , , , , , , , , , , , , , , , , , , , , , , , , , , , , , , , , , , , , , , , ,5,355
2015301N11065,2015,98,NI,AS,CHAPALA,2015-10-28 15:00:00,TS,12.9,64.8, , , ,main,999,997,O____P_________,jtwc_io,IO042015,13.0,64.8, ,TS,45,989,0,45,45,45,45, , , , , , , , ,1009,210,40, , , , , , , , , , , , , , , , , , , , , , , , , , , , , , , , , , ,12.7,64.7,DD,30,1001, ,5, , , , , , , , , , , , , , , , , , , , , , , , , , , , , , , , , , , , , , , , , , , , , , , , , , , , , , , , , , , , , , , , , , , , , , , , , , , , , , , , , , , , , , , , , , ,4,340
2015301N11065,2015,98,NI,AS,CHAPALA,2015-10-28 18:00:00,TS,13.1,64.6,30,1001,newdelhi,main,989,950,O____O_________,jtwc_io,IO042015,13.1,64.6, ,TS,45,989,0,100,65,55,75, , , , , , , , ,1010,200,40, , , , , , , , , , , , , , , , , , , , , , , , , , , , , , , , , , ,13.0,64.7,DD,30,1001,2.00000,5, , , , , , , , , , , , , , , , , , , , , , , , , , , , , , , , , , , , , , , , , , , , , , , , , , , , , , , , , , , , , , , , , , , , , , , , , , , , , , , , , , , , , , , , , , ,5,320
2015301N11065,2015,98,NI,AS,CHAPALA,2015-10-28 21:00:00,TS,13.3,64.4, , , ,main,950,927,O____P_________,jtwc_io,IO042015,13.2,64.3, ,TS,45,989,0,55,55,55,55, , , , , , , , ,1010,200,40, , , , , , , , , , , , , , , , , , , , , , , , , , , , , , , , , , ,13.4,64.5,DD,33,1000, ,6, , , , , , , , , , , , , , , , , , , , , , , , , , , , , , , , , , , , , , , , , , , , , , , , , , , , , , , , , , , , , , , , , , , , , , , , , , , , , , , , , , , , , , , , , , ,6,320
2015301N11065,2015,98,NI,AS,CHAPALA,2015-10-29 00:00:00,TS,13.6,64.3,35,999,newdelhi,main,919,896,O____O_________,jtwc_io,IO042015,13.4,64.2, ,TS,50,985,0,35,30,35,35, , , , , , , , ,1010,210,25, , , , , , , , , , , , , , , , , , , , , , , , , , , , , , , , , , ,13.7,64.3,CS,35,999,2.50000,7, , , , , , , , , , , , , , , , , , , , , , , , , , , , , , , , , , , , , , , , , , , , , , , , , , , , , , , , , , , , , , , , , , , , , , , , , , , , , , , , , , , , , , , , , , ,5,325
2015301N11065,2015,98,NI,AS,CHAPALA,2015-10-29 03:00:00,TS,13.7,64.1,40,997,newdelhi,main,896,864,P____O_________, ,IO042015,13.6,64.0, ,TS,53,984,0,48,38,40,48, , , , , , , , ,1009,200,23, , , , , , , , , , , , , , , , , , , , , , , , , , , , , , , , , , ,13.8,64.2,CS,40,997,2.50000,9, , , , , , , , , , , , , , , , , , , , , , , , , , , , , , , , , , , , , , , , , , , , , , , , , , , , , , , , , , , , , , , , , , , , , , , , , , , , , , , , , , , , , , , , , , ,6,300
2015301N11065,2015,98,NI,AS,CHAPALA,2015-10-29 06:00:00,TS,13.9,63.8,45,996,newdelhi,main,857,826,O____O_________,jtwc_io,IO042015,13.8,63.7, ,TS,55,982,0,60,45,45,60,35,35,30,30, , , , ,1008,190,20, , , , , , , , , , , , , , , , , , , , , , , , , , , , , , , , , , ,13.9,63.8,CS,45,996,3.00000,10, , , , , , , , , , , , , , , , , , , , , , , , , , , , , , , , , , , , , , , , , , , , , , , , , , , , , , , , , , , , , , , , , , , , , , , , , , , , , , , , , , , , , , , , , , ,7,295
2015301N11065,2015,98,NI,AS,CHAPALA,2015-10-29 09:00:00,TS,14.0,63.5,50,994,newdelhi,main,826,794,P____O_________, ,IO042015,14.0,63.4, ,TS,60,978,0,63,50,50,63,38,35,33,35, , , , ,1008,190,20, , , , , , , , , , , , , , , , , , , , , , , , , , , , , , , , , , ,14.0,63.5,SCS,50,994,3.00000,12, , , , , , , , , , , , , , , , , , , , , , , , , , , , , , , , , , , , , , , , , , , , , , , , , , , , , , , , , , , , , , , , , , , , , , , , , , , , , , , , , , , , , , , , , , ,6,300
2015301N11065,2015,98,NI,AS,CHAPALA,2015-10-29 12:00:00,TS,14.2,63.2,55,990,newdelhi,main,787,748,O____O_________,jtwc_io,IO042015,14.2,63.1, ,TY,65,974,1,65,55,55,65,40,35,35,40, , , , ,1008,190,20, , , , , , , , , , , , , , , , , , , , , , , , , , , , , , , , , , ,14.1,63.3,SCS,55,990,3.50000,16, , , , , , , , , , , , , , , , , , , , , , , , , , , , , , , , , , , , , , , , , , , , , , , , , , , , , , , , , , , , , , , , , , , , , , , , , , , , , , , , , , , , , , , , , , ,7,290
2015301N11065,2015,98,NI,AS,CHAPALA,2015-10-29 15:00:00,TS,14.3,62.8,60,988,newdelhi,main,748,726,P____O_________, ,IO042015,14.2,62.7, ,TY,73,969,1,65,55,55,65,40,35,35,40, , , , ,1008,198,18, , , , , , , , , , , , , , , , , , , , , , , , , , , , , , , , , , ,14.3,62.8,SCS,60,988,3.50000,18, , , , , , , , , , , , , , , , , , , , , , , , , , , , , , , , , , , , , , , , , , , , , , , , , , , , , , , , , , , , , , , , , , , , , , , , , , , , , , , , , , , , , , , , , , ,7,280
2015301N11065,2015,98,NI,AS,CHAPALA,2015-10-29 18:00:00,TS,14.3,62.5,65,984,newdelhi,main,726,704,O____O_________,jtwc_io,IO042015,14.2,62.4, ,TY,80,963,1,65,55,55,65,40,35,35,40,25,20,20,25,1008,205,15, , , , , , , , , , , , , , , , , , , , , , , , , , , , , , , , , , ,14.3,62.5,VSCS,65,984,4.00000,22, , , , , , , , , , , , , , , , , , , , , , , , , , , , , , , , , , , , , , , , , , , , , , , , , , , , , , , , , , , , , , , , , , , , , , , , , , , , , , , , , , , , , , , , , , ,6,270
2015301N11065,2015,98,NI,AS,CHAPALA,2015-10-29 21:00:00,TS,14.3,62.2,75,976,newdelhi,main,704,676,P____O_________, ,IO042015,14.2,62.1, ,TY,90,956,2,80,68,68,88,45,40,40,45,25,23,28,30,1008,200,10, , , , , , , , , , , , , , , , , , , , , , , , , , , , , , , , , , ,14.3,62.3,VSCS,75,976,4.50000,30, , , , , , , , , , , , , , , , , , , , , , , , , , , , , , , , , , , , , , , , , , , , , , , , , , , , , , , , , , , , , , , , , , , , , , , , , , , , , , , , , , , , , , , , , , ,6,270
2015301N11065,2015,98,NI,AS,CHAPALA,2015-10-30 00:00:00,TS,14.3,61.8,90,966,newdelhi,main,676,666,O____O_________,jtwc_io,IO042015,14.2,61.8, ,TY,100,948,3,95,80,80,110,50,45,45,50,25,25,35,35,1008,195,5, , , , , , , , , , , , , , , , , , , , , , , , , , , , , , , , , , ,14.3,61.8,ESCS,90,966,5.00000,40, , , , , , , , , , , , , , , , , , , , , , , , , , , , , , , , , , , , , , , , , , , , , , , , , , , , , , , , , , , , , , , , , , , , , , , , , , , , , , , , , , , , , , , , , , ,7,270
2015301N11065,2015,98,NI,AS,CHAPALA,2015-10-30 03:00:00,TS,14.2,61.5,105,954,newdelhi,main,666,642,P____O_________, ,IO042015,14.2,61.4, ,TY,115,937,4,105,93,93,115,53,45,45,53,28,25,30,33,1008,195,8, , , , , , , , , , , , , , , , , , , , , , , , , , , , , , , , , , ,14.3,61.5,ESCS,105,954,5.50000,52, , , , , , , , , , , , , , , , , , , , , , , , , , , , , , , , , , , , , , , , , , , , , , , , , , , , , , , , , , , , , , , , , , , , , , , , , , , , , , , , , , , , , , , , , , ,7,265
2015301N11065,2015,98,NI,AS,CHAPALA,2015-10-30 06:00:00,TS,14.2,61.1,110,948,newdelhi,main,642,630,O____O_________,jtwc_io,IO042015,14.1,61.1, ,ST,130,926,4,115,105,105,120,55,45,45,55,30,25,25,30,1008,195,10,10, , , , , , , , , , , , , , , , , , , , , , , , , , , , , , , , , ,14.3,61.1,ESCS,110,948,5.50000,58, , , , , , , , , , , , , , , , , , , , , , , , , , , , , , , , , , , , , , , , , , , , , , , , , , , , , , , , , , , , , , , , , , , , , , , , , , , , , , , , , , , , , , , , , , ,6,260
2015301N11065,2015,98,NI,AS,CHAPALA,2015-10-30 09:00:00,TS,14.1,60.8,115,940,newdelhi,main,633,618,P____O_________, ,IO042015,14.0,60.8, ,ST,128,928,4,115,105,105,120,55,45,45,55,30,25,25,30,1008,195,10, , , , , , , , , , , , , , , , , , , , , , , , , , , , , , , , , , ,14.2,60.8,ESCS,115,940,6.00000,66, , , , , , , , , , , , , , , , , , , , , , , , , , , , , , , , , , , , , , , , , , , , , , , , , , , , , , , , , , , , , , , , , , , , , , , , , , , , , , , , , , , , , , , , , , ,5,255
2015301N11065,2015,98,NI,AS,CHAPALA,2015-10-30 12:00:00,TS,14.1,60.6,115,940,newdelhi,main,618,611,O____O_________,jtwc_io,IO042015,14.0,60.6, ,TY,125,929,4,115,105,105,120,55,45,45,55,30,25,25,30,1008,195,10,10, , , , , , , , , , , , , , , , , , , , , , , , , , , , , , , , , ,14.1,60.6,ESCS,115,940,6.00000,66, , , , , , , , , , , , , , , , , , , , , , , , , , , , , , , , , , , , , , , , , , , , , , , , , , , , , , , , , , , , , , , , , , , , , , , , , , , , , , , , , , , , , , , , , , ,5,250
2015301N11065,2015,98,NI,AS,CHAPALA,2015-10-30 15:00:00,TS,14.0,60.4,115,940,newdelhi,main,611,603,P____O_________, ,IO042015,13.9,60.4, ,TY,123,931,4,115,105,105,120,55,45,45,55,30,25,25,30,1008,195,10, , , , , , , , , , , , , , , , , , , , , , , , , , , , , , , , , , ,14.0,60.4,ESCS,115,940,6.00000,66, , , , , , , , , , , , , , , , , , , , , , , , , , , , , , , , , , , , , , , , , , , , , , , , , , , , , , , , , , , , , , , , , , , , , , , , , , , , , , , , , , , , , , , , , , ,5,250
2015301N11065,2015,98,NI,AS,CHAPALA,2015-10-30 18:00:00,TS,13.9,60.2,115,940,newdelhi,main,604,583,O____O_________,jtwc_io,IO042015,13.9,60.1, ,TY,120,933,4,115,105,105,120,55,45,45,55,30,25,25,30,1008,195,10,10, , , , , , , , , , , , , , , , , , , , , , , , , , , , , , , , , ,13.9,60.2,ESCS,115,940,6.00000,66, , , , , , , , , , , , , , , , , , , , , , , , , , , , , , , , , , , , , , , , , , , , , , , , , , , , , , , , , , , , , , , , , , , , , , , , , , , , , , , , ,160, , , , , , , , , ,5,260
2015301N11065,2015,98,NI,AS,CHAPALA,2015-10-30 21:00:00,TS,13.9,59.9,115,942,newdelhi,main,583,563,P____O_________, ,IO042015,13.8,59.8, ,TY,118,935,4,115,105,105,120,55,45,45,55,30,25,25,30,1008,195,9, , , , , , , , , , , , , , , , , , , , , , , , , , , , , , , , , , ,13.9,59.9,ESCS,115,942,6.00000,64, , , , , , , , , , , , , , , , , , , , , , , , , , , , , , , , , , , , , , , , , , , , , , , , , , , , , , , , , , , , , , , , , , , , , , , , , , , , , , , , , , , , , , , , , , ,6,265
2015301N11065,2015,98,NI,AS,CHAPALA,2015-10-31 00:00:00,TS,13.8,59.6,110,944,newdelhi,main,563,526,O____O_________,jtwc_io,IO042015,13.8,59.5, ,TY,115,937,4,115,105,105,120,55,45,45,55,30,25,25,30,1008,195,7,5, , , , , , , , , , , , , , , , , , , , , , , , , , , , , , , , , ,13.9,59.6,ESCS,110,944,5.50000,62, , , , , , , , , , , , , , , , , , , , , , , , , , , , , , , , , , , , , , , , , , , , , , , , , , , , , , , , , , , , , , , , , , , , , , , , , , , , , , , , , , , , , , , , , , ,7,265
2015301N11065,2015,98,NI,AS,CHAPALA,2015-10-31 03:00:00,TS,13.8,59.2,110,946,newdelhi,main,526,474,P____O_________, ,IO042015,13.8,59.1, ,TY,113,939,4,100,88,85,108,55,43,43,55,30,25,23,30,1008,195,9, , , , , , , , , , , , , , , , , , , , , , , , , , , , , , , , , , ,13.8,59.2,ESCS,110,946,5.50000,60, , , , , , , , , , , , , , , , , , , , , , , , , , , , , , , , , , , , , , , , , , , , , , , , , , , , , , , , , , , , , , , , , , , , , , , , , , , , , , , , , , , , , , , , , , ,8,265
2015301N11065,2015,98,NI,AS,CHAPALA,2015-10-31 06:00:00,TS,13.8,58.7,105,950,newdelhi,main,474,432,O____O_________,jtwc_io,IO042015,13.8,58.7, ,TY,110,941,3,85,70,65,95,55,40,40,55,30,25,20,30,1008,195,10,10, , , , , , , , , , , , , , , , , , , , , , , , , , , , , , , , , ,13.8,58.7,ESCS,105,950,5.50000,56, , , , , , , , , , , , , , , , , , , , , , , , , , , , , , , , , , , , , , , , , , , , , , , , , , , , , , , , , , , , , , , , , , , , , , , , , , , , , , , , , , , , , , , , , , ,8,270
2015301N11065,2015,98,NI,AS,CHAPALA,2015-10-31 09:00:00,TS,13.8,58.3,105,950,newdelhi,main,432,392,P____O_________, ,IO042015,13.8,58.3, ,TY,110,941,3,85,65,63,93,55,40,38,55,30,25,20,30,1008,195,10, , , , , , , , , , , , , , , , , , , , , , , , , , , , , , , , , , ,13.8,58.3,ESCS,105,950,5.50000,56, , , , , , , , , , , , , , , , , , , , , , , , , , , , , , , , , , , , , , , , , , , , , , , , , , , , , , , , , , , , , , , , , , , , , , , , , , , , , , , , , , , , , , , , , , ,8,270
2015301N11065,2015,98,NI,AS,CHAPALA,2015-10-31 12:00:00,TS,13.8,57.9,105,950,newdelhi,main,392,351,O____O_________,jtwc_io,IO042015,13.8,57.9, ,TY,110,941,3,85,60,60,90,55,40,35,55,30,25,20,30,1008,195,10,10, , , , , , , , , , , , , , , , , , , , , , , , , , , , , , , , , ,13.8,57.9,ESCS,105,950,5.50000,56, , , , , , , , , , , , , , , , , , , , , , , , , , , , , , , , , , , , , , , , , , , , , , , , , , , , , , , , , , , , , , , , , , , , , , , , , , , , , , , , , , , , , , , , , , ,8,270
2015301N11065,2015,98,NI,AS,CHAPALA,2015-10-31 15:00:00,TS,13.8,57.5,105,950,newdelhi,main,351,321,P____O_________, ,IO042015,13.8,57.5, ,TY,110,941,3,83,78,73,93,55,45,40,55,30,30,23,30,1008,195,9, , , , , , , , , , , , , , , , , , , , , , , , , , , , , , , , , , ,13.8,57.5,ESCS,105,950,5.50000,56, , , , , , , , , , , , , , , , , , , , , , , , , , , , , , , , , , , , , , , , , , , , , , , , , , , , , , , , , , , , , , , , , , , , , , , , , , , , , , , , , , , , , , , , , , ,7,265
2015301N11065,2015,98,NI,AS,CHAPALA,2015-10-31 18:00:00,TS,13.8,57.2,105,950,newdelhi,main,321,277,O____O_________,jtwc_io,IO042015,13.7,57.2, ,TY,110,941,3,80,95,85,95,55,50,45,55,30,35,25,30,1008,195,7,5, , , , , , , , , , , , , , , , , , , , , , , , , , , , , , , , , ,13.8,57.2,ESCS,105,950,5.50000,56, , , , , , , , , , , , , , , , , , , , , , , , , , , , , , , , , , , , , , , , , , , , , , , , , , , , , , , , , , , , , , , , , , , , , , , , , , , , , , , , , , , , , , , , , , ,7,260
2015301N11065,2015,98,NI,AS,CHAPALA,2015-10-31 21:00:00,TS,13.7,56.8,105,950,newdelhi,main,277,239,P____O_________, ,IO042015,13.7,56.8, ,TY,113,939,4,80,95,85,95,55,50,45,55,30,35,25,30,1008,195,7, , , , , , , , , , , , , , , , , , , , , , , , , , , , , , , , , , ,13.7,56.8,ESCS,105,950,5.50000,56, , , , , , , , , , , , , , , , , , , , , , , , , , , , , , , , , , , , , , , , , , , , , , , , , , , , , , , , , , , , , , , , , , , , , , , , , , , , , , , , , , , , , , , , , , ,8,265
2015301N11065,2015,98,NI,AS,CHAPALA,2015-11-01 00:00:00,TS,13.7,56.4,105,950,newdelhi,main,239,206,O____O_________,jtwc_io,IO042015,13.6,56.4, ,TY,115,937,4,80,95,85,95,55,50,45,55,30,35,25,30,1008,195,7,5, , , , , , , , , , , , , , , , , , , , , , , , , , , , , , , , , ,13.7,56.4,ESCS,105,950,5.50000,56, , , , , , , , , , , , , , , , , , , , , , , , , , , , , , , , , , , , , , , , , , , , , , , , , , , , , , , , , , , , , , , , , , , , , , , , , , , , , , , , , , , , , , , , , , ,7,260
2015301N11065,2015,98,NI,AS,CHAPALA,2015-11-01 03:00:00,TS,13.6,56.1,105,952,newdelhi,main,206,171,P____O_________, ,IO042015,13.5,56.1, ,TY,115,937,4,90,95,88,108,55,50,45,55,30,35,25,30,1008,195,7, , , , , , , , , , , , , , , , , , , , , , , , , , , , , , , , , , ,13.6,56.1,ESCS,105,952,5.50000,54, , , , , , , , , , , , , , , , , , , , , , , , , , , , , , , , , , , , , , , , , , , , , , , , , , , , , , , , , , , , , , , , , , , , , , , , , , , , , , , , , , , , , , , , , , ,7,260
2015301N11065,2015,98,NI,AS,CHAPALA,2015-11-01 06:00:00,TS,13.6,55.7,100,954,newdelhi,main,171,126,O____O_________,jtwc_io,IO042015,13.5,55.7, ,TY,115,937,4,100,95,90,120,55,50,45,55,30,35,25,30,1008,195,7,5, , , , , , , , , , , , , , , , , , , , , , , , , , , , , , , , , ,13.6,55.6,ESCS,100,954,5.50000,52, , , , , , , , , , , , , , , , , , , , , , , , , , , , , , , , , , , , , , , , , , , , , , , , , , , , , , , , , , , , , , , , , , , , , , , , , , , , , , , , , , , , , , , , , , ,9,270
2015301N11065,2015,98,NI,AS,CHAPALA,2015-11-01 09:00:00,TS,13.5,55.2,100,956,newdelhi,main,126,114,P____O_________, ,IO042015,13.5,55.2, ,TY,118,935,4,90,95,88,108,55,50,45,55,30,35,25,30,1008,195,7, , , , , , , , , , , , , , , , , , , , , , , , , , , , , , , , , , ,13.6,55.1,ESCS,100,956,5.50000,50, , , , , , , , , , , , , , , , , , , , , , , , , , , , , , , , , , , , , , , , , , , , , , , , , , , , , , , , , , , , , , , , , , , , , , , , , , , , , , , , , , , , , , , , , , ,10,270
2015301N11065,2015,98,NI,AS,CHAPALA,2015-11-01 12:00:00,TS,13.6,54.7,100,956,newdelhi,main,114,100,O____O_________,jtwc_io,IO042015,13.5,54.7, ,TY,120,933,4,80,95,85,95,55,50,45,55,30,35,25,30,1008,195,7,5, , , , , , , , , , , , , , , , , , , , , , , , , , , , , , , , , ,13.6,54.6,ESCS,100,956,5.50000,50, , , , , , , , , , , , , , , , , , , , , , , , , , , , , , , , , , , , , , , , , , , , , , , , , , , , , , , , , , , , , , , , , , , , , , , , , , , , , , , , , , , , , , , , , , ,10,270
2015301N11065,2015,98,NI,AS,CHAPALA,2015-11-01 15:00:00,TS,13.5,54.2,100,956,newdelhi,main,100,89,P____O_________, ,IO042015,13.5,54.2, ,TY,120,933,4,80,95,85,95,55,50,45,55,30,35,25,30,1008,195,11, , , , , , , , , , , , , , , , , , , , , , , , , , , , , , , , , , ,13.6,54.2,ESCS,100,956,5.50000,50, , , , , , , , , , , , , , , , , , , , , , , , , , , , , , , , , , , , , , , , , , , , , , , , , , , , , , , , , , , , , , , , , , , , , , , , , , , , , , , , , , , , , , , , , , ,10,260
2015301N11065,2015,98,NI,AS,CHAPALA,2015-11-01 18:00:00,TS,13.4,53.7,100,956,newdelhi,main,89,78,O____O_________,jtwc_io,IO042015,13.4,53.6, ,TY,120,933,4,80,95,85,95,55,50,45,55,30,35,25,30,1007,195,15,20, , , , , , , , , , , , , , , , , , , , , , , , , , , , , , , , , ,13.4,53.7,ESCS,100,956,5.50000,50, , , , , , , , , , , , , , , , , , , , , , , , , , , , , , , , , , , , , , , , , , , , , , , , , , , , , , , , , , , , , , , , , , , , , , , , , , , , , , , , , , , , , , , , , , ,11,255
2015301N11065,2015,98,NI,AS,CHAPALA,2015-11-01 21:00:00,TS,13.3,53.1,100,956,newdelhi,main,84,84,P____O_________, ,IO042015,13.3,53.1, ,TY,115,937,4,80,95,85,95,55,50,45,55,30,35,25,30,1007,195,16, , , , , , , , , , , , , , , , , , , , , , , , , , , , , , , , , , ,13.3,53.1,ESCS,100,956,5.50000,50, , , , , , , , , , , , , , , , , , , , , , , , , , , , , , , , , , , , , , , , , , , , , , , , , , , , , , , , , , , , , , , , , , , , , , , , , , , , , , , , , , , , , , , , , , ,11,260
2015301N11065,2015,98,NI,AS,CHAPALA,2015-11-02 00:00:00,TS,13.2,52.6,100,958,newdelhi,main,109,109,O____O_________,jtwc_io,IO042015,13.2,52.6, ,TY,110,941,3,80,95,85,95,55,50,45,55,30,35,25,30,1007,195,17,25, , , , , , , , , , , , , , , , , , , , , , , , , , , , , , , , , ,13.2,52.5,ESCS,100,958,5.50000,48, , , , , , , , , , , , , , , , , , , , , , , , , , , , , , , , , , , , , , , , , , , , , , , , , , , , , , , , , , , , , , , , , , , , , , , , , , , , , , , , , , , , , , , , , , ,9,265
2015301N11065,2015,98,NI,AS,CHAPALA,2015-11-02 03:00:00,TS,13.2,52.2,95,960,newdelhi,main,142,142,P____O_________, ,IO042015,13.2,52.1, ,TY,108,943,3,80,95,85,95,55,50,45,55,30,35,25,30,1007,195,17, , , , , , , , , , , , , , , , , , , , , , , , , , , , , , , , , , ,13.2,52.2,ESCS,95,960,5.00000,46, , , , , , , , , , , , , , , , , , , , , , , , , , , , , , , , , , , , , , , , , , , , , , , , , , , , , , , , , , , , , , , , , , , , , , , , , , , , , , , , , , , , , , , , , , ,9,275
2015301N11065,2015,98,NI,AS,CHAPALA,2015-11-02 06:00:00,TS,13.3,51.6,90,964,newdelhi,main,169,157,O____O_________,jtwc_io,IO042015,13.3,51.6, ,TY,105,944,3,80,95,85,95,55,50,45,55,30,35,25,30,1007,195,17,25, , , , , , , , , , , , , , , , , , , , , , , , , , , , , , , , , ,13.3,51.6,ESCS,90,964,5.00000,42, , , , , , , , , , , , , , , , , , , , , , , , , , , , , , , , , , , , , , , , , , , , , , , , , , , , , , , , , , , , , , , , , , , , , , , , , , , , , , , , , , , , , , , , , , ,11,275
2015301N11065,2015,98,NI,AS,CHAPALA,2015-11-02 09:00:00,TS,13.3,51.0,90,966,newdelhi,main,156,156,P____O_________, ,IO042015,13.3,51.1, ,TY,103,946,3,80,95,85,95,55,50,45,55,30,35,25,30,1007,195,15, , , , , , , , , , , , , , , , , , , , , , , , , , , , , , , , , , ,13.3,51.0,ESCS,90,966,5.00000,40, , , , , , , , , , , , , , , , , , , , , , , , , , , , , , , , , , , , , , , , , , , , , , , , , , , , , , , , , , , , , , , , , , , , , , , , , , , , , , , , , , , , , , , , , , ,10,275
2015301N11065,2015,98,NI,AS,CHAPALA,2015-11-02 12:00:00,TS,13.4,50.6,85,968,newdelhi,main,162,144,O____O_________,jtwc_io,IO042015,13.4,50.6, ,TY,100,948,3,80,95,85,95,55,50,45,55,30,35,25,30,1007,195,12,15, , , , , , , , , , , , , , , , , , , , , , , , , , , , , , , , , ,13.4,50.5,VSCS,85,968,4.50000,38, , , , , , , , , , , , , , , , , , , , , , , , , , , , , , , , , , , , , , , , , , , , , , , , , , , , , , , , , , , , , , , , , , , , , , , , , , , , , , , , , , , , , , , , , , ,10,280
2015301N11065,2015,98,NI,AS,CHAPALA,2015-11-02 15:00:00,TS,13.5,50.0,85,970,newdelhi,main,140,93,P____O_________, ,IO042015,13.5,50.1, ,TY,95,952,2,88,98,90,95,55,55,50,55,33,38,30,33,1007,188,14, , , , , , , , , , , , , , , , , , , , , , , , , , , , , , , , , , ,13.5,50.0,VSCS,85,970,4.50000,36, , , , , , , , , , , , , , , , , , , , , , , , , , , , , , , , , , , , , , , , , , , , , , , , , , , , , , , , , , , , , , , , , , , , , , , , , , , , , , , , , , , , , , , , , , ,10,290
2015301N11065,2015,98,NI,AS,CHAPALA,2015-11-02 18:00:00,TS,13.7,49.6,80,974,newdelhi,main,93,62,O____O_________,jtwc_io,IO042015,13.7,49.6, ,TY,90,956,2,95,100,95,95,55,60,55,55,35,40,35,35,1006,180,15, , , , , , , , , , , , , , , , , , , , , , , , , , , , , , , , , , ,13.7,49.6,VSCS,80,974,4.50000,32, , , , , , , , , , , , , , , , , , , , , , , , , , , , , , , , , , , , , , , , , , , , , , , , , , , , , , , , , , , , , , , , , , , , , , , , , , , , , , , , , , , , , , , , , , ,8,295
2015301N11065,2015,98,NI,AS,CHAPALA,2015-11-02 21:00:00,TS,13.8,49.3,75,978,newdelhi,main,62,15,P____O_________, ,IO042015,13.9,49.3, ,TY,83,962,2,100,108,103,100,58,65,60,58,35,43,38,35,1007,173,20, , , , , , , , , , , , , , , , , , , , , , , , , , , , , , , , , , ,13.8,49.3,VSCS,75,978,4.00000,28, , , , , , , , , , , , , , , , , , , , , , , , , , , , , , , , , , , , , , , , , , , , , , , , , , , , , , , , , , , , , , , , , , , , , , , , , , , , , , , , , , , , , , , , , , ,8,290
2015301N11065,2015,98,NI,AS,CHAPALA,2015-11-03 00:00:00,TS,14.0,48.9,65,984,newdelhi,main,15,0,O____O_________,jtwc_io,IO042015,14.0,48.9, ,TY,75,967,1,105,115,110,105,60,70,65,60,35,45,40,35,1008,165,25, , , , , , , , , , , , , , , , , , , , , , , , , , , , , , , , , , ,14.0,48.8,VSCS,65,984,4.00000,22, , , , , , , , , , , , , , , , , , , , , , , , , , , , , , , , , , , , , , , , , , , , , , , , , , , , , , , , , , , , , , , , , , , , , , , , , , , , , , , , , , , , , , , , , , ,9,285
2015301N11065,2015,98,NI,AS,CHAPALA,2015-11-03 03:00:00,TS,14.1,48.4,55,990,newdelhi,main,0,0,O____O_________,jtwc_io,IO042015,14.0,48.4, ,TS,60,978,0,105,115,110,105,60,70,65,60, , , , ,1008,165,25, , , , , , , , , , , , , , , , , , , , , , , , , , , , , , , , , , ,14.2,48.4,SCS,55,990,0.00000,16, , , , , , , , , , , , , , , , , , , , , , , , , , , , , , , , , , , , , , , , , , , , , , , , , , , , , , , , , , , , , , , , , , , , , , , , , , , , , , , , , , , , , , , , , , ,10,275
2015301N11065,2015,98,NI,AS,CHAPALA,2015-11-03 06:00:00,TS,14.1,47.9,45,996,newdelhi,main,0,0,O____O_________,jtwc_io,IO042015,13.9,47.9, ,TS,50,985,0,70,60,65,80,35,25,30,35, , , , ,1008,155,10,10, , , , , , , , , , , , , , , , , , , , , , , , , , , , , , , , , ,14.2,47.8,CS,45,996,0.00000,10, , , , , , , , , , , , , , , , , , , , , , , , , , , , , , , , , , , , , , , , , , , , , , , , , , , , , , , , , , , , , , , , , , , , , , , , , , , , , , , , , , , , , , , , , , ,7,265
2015301N11065,2015,98,NI,AS,CHAPALA,2015-11-03 09:00:00,TS,14.1,47.6,40,998,newdelhi,main,0,0,P____O_________, ,IO042015,13.9,47.7, ,TS,45,989,0,70,60,65,80, , , , , , , , ,1008,155,10, , , , , , , , , , , , , , , , , , , , , , , , , , , , , , , , , , ,14.2,47.6,CS,40,998,0.00000,8, , , , , , , , , , , , , , , , , , , , , , , , , , , , , , , , , , , , , , , , , , , , , , , , , , , , , , , , , , , , , , , , , , , , , , , , , , , , , , , , , , , , , , , , , , ,4,280
2015301N11065,2015,98,NI,AS,CHAPALA,2015-11-03 12:00:00,TS,14.1,47.4,40,998,newdelhi,main,0,0,O____O_________,jtwc_io,IO042015,14.0,47.6, ,TS,40,993,0,70,60,65,80, , , , , , , , ,1008,155,10,10, , , , , , , , , , , , , , , , , , , , , , , , , , , , , , , , , ,14.2,47.3,CS,40,998,0.00000,8, , , , , , , , , , , , , , , , , , , , , , , , , , , , , , , , , , , , , , , , , , , , , , , , , , , , , , , , , , , , , , , , , , , , , , , , , , , , , , , , , , , , , , , , , , ,4,290
2015301N11065,2015,98,NI,AS,CHAPALA,2015-11-03 15:00:00,TS,14.2,47.2,40,998,newdelhi,main,0,0,P____O_________, ,IO042015,14.1,47.5, ,TS,35,997,0,35,30,32,40, , , , , , , , ,1008,155,10, , , , , , , , , , , , , , , , , , , , , , , , , , , , , , , , , , ,14.2,47.1,CS,40,998,0.00000,8, , , , , , , , , , , , , , , , , , , , , , , , , , , , , , , , , , , , , , , , , , , , , , , , , , , , , , , , , , , , , , , , , , , , , , , , , , , , , , , , , , , , , , , , , , ,4,300
2015301N11065,2015,98,NI,AS,CHAPALA,2015-11-03 18:00:00,TS,14.3,47.1,30,1001,newdelhi,main,0,0,O____O_________,jtwc_io,IO042015,14.3,47.4, ,TD,30,1000,-1, , , , , , , , , , , , ,1008,155,10, , , , , , , , , , , , , , , , , , , , , , , , , , , , , , , , , , ,14.3,47.0,DD,30,1001,0.00000,5, , , , , , , , , , , , , , , , , , , , , , , , , , , , , , , , , , , , , , , , , , , , , , , , , , , , , , , , , , , , , , , , , , , , , , , , , , , , , , , , , , , , , , , , , , ,5,310
2015301N11065,2015,98,NI,AS,CHAPALA,2015-11-03 21:00:00,TS,14.5,46.8, , , ,main,0,0,_____P_________, ,IO042015, , , ,TD, , ,-5, , , , , , , , , , , , , , , , , , , , , , , , , , , , , , , , , , , , , , , , , , , , , , , , , ,14.5,46.8,DD,28,1002, ,4, , , , , , , , , , , , , , , , , , , , , , , , , , , , , , , , , , , , , , , , , , , , , , , , , , , , , , , , , , , , , , , , , , , , , , , , , , , , , , , , , , , , , , , , , , ,8,310
2015301N11065,2015,98,NI,AS,CHAPALA,2015-11-04 00:00:00,TS,14.8,46.5,25,1003,newdelhi,main,0, ,_____O_________, , , , , , , , ,-5, , , , , , , , , , , , , , , , , , , , , , , , , , , , , , , , , , , , , , , , , , , , , , , , , ,14.8,46.5,D,25,1003,0.00000,3, , , , , , , , , , , , , , , , , , , , , , , , , , , , , , , , , , , , , , , , , , , , , , , , , , , , , , , , , , , , , , , , , , , , , , , , , , , , , , , , , , , , , , , , , , ,8,315
2015309N14067,2015,99,NI,AS,MEGH,2015-11-04 12:00:00,DS,14.0,66.9, , , ,main,741,741,O______________,jtwc_io,IO052015,14.0,66.9, ,DB,20,1007,-3, , , , , , , , , , , , ,1010,190,40, , , , , , , , , , , , , , , , , , , , , , , , , , , , , , , , , , , , , , , , , , , , , , , , , , , , , , , , , , , , , , , , , , , , , , , , , , , , , , , , , , , , , , , , , , , , , , , , , , , , , , , , , , , , , , , , , , , , , , , , , , , , , , , , , , , ,5,265
2015309N14067,2015,99,NI,AS,MEGH,2015-11-04 15:00:00,DS,14.0,66.6, , , ,main,771,771,P______________, ,IO052015,14.0,66.6, ,DB,23,1006,-3, , , , , , , , , , , , ,1010,195,40, , , , , , , , , , , , , , , , , , , , , , , , , , , , , , , , , , , , , , , , , , , , , , , , , , , , , , , , , , , , , , , , , , , , , , , , , , , , , , , , , , , , , , , , , , , , , , , , , , , , , , , , , , , , , , , , , , , , , , , , , , , , , , , , , , , ,5,270
2015309N14067,2015,99,NI,AS,MEGH,2015-11-04 18:00:00,TS,14.0,66.4, , , ,main,791,791,O______________,jtwc_io,IO052015,14.0,66.4, ,TD,25,1004,-1, , , , , , , , , , , , ,1010,200,40, , , , , , , , , , , , , , , , , , , , , , , , , , , , , , , , , , , , , , , , , , , , , , , , , , , , , , , , , , , , , , , , , , , , , , , , , , , , , , , , , , , , , , , , , , , , , , , , , , , , , , , , , , , , , , , , , , , , , , , , , , , , , , , , , , , ,5,280
2015309N14067,2015,99,NI,AS,MEGH,2015-11-04 21:00:00,TS,14.1,66.1, , , ,main,817,817,P______________, ,IO052015,14.1,66.1, ,TD,28,1002,-1, , , , , , , , , , , , ,1010,200,40, , , , , , , , , , , , , , , , , , , , , , , , , , , , , , , , , , , , , , , , , , , , , , , , , , , , , , , , , , , , , , , , , , , , , , , , , , , , , , , , , , , , , , , , , , , , , , , , , , , , , , , , , , , , , , , , , , , , , , , , , , , , , , , , , , , ,6,280
2015309N14067,2015,99,NI,AS,MEGH,2015-11-05 00:00:00,TS,14.1,65.8,25,1006,newdelhi,main,848,848,O____O_________,jtwc_io,IO052015,14.1,65.8, ,TD,30,1000,-1, , , , , , , , , , , , ,1010,200,40, , , , , , , , , , , , , , , , , , , , , , , , , , , , , , , , , , ,14.1,66.0,D,25,1006,1.50000,3, , , , , , , , , , , , , , , , , , , , , , , , , , , , , , , , , , , , , , , , , , , , , , , , , , , , , , , , , , , , , , , , , , , , , , , , , , , , , , , , , , , , , , , , , , ,7,270
2015309N14067,2015,99,NI,AS,MEGH,2015-11-05 03:00:00,TS,14.1,65.4,25,1004,newdelhi,main,889,889,P____O_________, ,IO052015,14.1,65.3, ,TD,33,998,-1, , , , , , , , , , , , ,1010,200,40, , , , , , , , , , , , , , , , , , , , , , , , , , , , , , , , , , ,14.1,65.6,D,25,1004,1.50000,4, , , , , , , , , , , , , , , , , , , , , , , , , , , , , , , , , , , , , , , , , , , , , , , , , , , , , , , , , , , , , , , , , , , , , , , , , , , , , , , , , , , , , , , , , , ,10,265
2015309N14067,2015,99,NI,AS,MEGH,2015-11-05 06:00:00,TS,14.0,64.8,30,1002,newdelhi,main,932,890,O____O_________,jtwc_io,IO052015,14.0,64.8, ,TS,35,996,0, , , , , , , , , , , , ,1010,200,40, , , , , , , , , , , , , , , , , , , , , , , , , , , , , , , , , , ,14.1,64.8,DD,30,1002,2.00000,5, , , , , , , , , , , , , , , , , , , , , , , , , , , , , , , , , , , , , , , , , , , , , , , , , , , , , , , , , , , , , , , , , , , , , , , , , , , , , , , , , , , , , , , , , , ,11,265
2015309N14067,2015,99,NI,AS,MEGH,2015-11-05 09:00:00,TS,14.0,64.3, , , ,main,890,865,P____P_________, ,IO052015,14.0,64.3, ,TS,35,996,0, , , , , , , , , , , , ,1010,200,40, , , , , , , , , , , , , , , , , , , , , , , , , , , , , , , , , , ,14.1,64.3,DD,33,1000, ,6, , , , , , , , , , , , , , , , , , , , , , , , , , , , , , , , , , , , , , , , , , , , , , , , , , , , , , , , , , , , , , , , , , , , , , , , , , , , , , , , , , , , , , , , , , ,8,265
2015309N14067,2015,99,NI,AS,MEGH,2015-11-05 12:00:00,TS,14.0,64.0,35,998,newdelhi,main,865,841,O____O_________,jtwc_io,IO052015,13.9,63.9, ,TS,35,996,0, , , , , , , , , , , , ,1010,200,40, , , , , , , , , , , , , , , , , , , , , , , , , , , , , , , , , , ,14.0,64.0,CS,35,998,2.50000,7, , , , , , , , , , , , , , , , , , , , , , , , , , , , , , , , , , , , , , , , , , , , , , , , , , , , , , , , , , , , , , , , , , , , , , , , , , , , , , , , , , , , , , , , , , ,7,255
2015309N14067,2015,99,NI,AS,MEGH,2015-11-05 15:00:00,TS,13.9,63.6,40,996,newdelhi,main,841,826,P____O_________, ,IO052015,13.8,63.5, ,TS,38,995,0, , , , , , , , , , , , ,1010,195,38, , , , , , , , , , , , , , , , , , , , , , , , , , , , , , , , , , ,13.9,63.7,CS,40,996,2.50000,8, , , , , , , , , , , , , , , , , , , , , , , , , , , , , , , , , , , , , , , , , , , , , , , , , , , , , , , , , , , , , , , , , , , , , , , , , , , , , , , , , , , , , , , , , , ,6,255
2015309N14067,2015,99,NI,AS,MEGH,2015-11-05 18:00:00,TS,13.8,63.3,45,994,newdelhi,main,826,804,O____O_________,jtwc_io,IO052015,13.7,63.2, ,TS,40,993,0,40,40,45,45, , , , , , , , ,1009,190,35, , , , , , , , , , , , , , , , , , , , , , , , , , , , , , , , , , ,13.9,63.4,CS,45,994,3.00000,10, , , , , , , , , , , , , , , , , , , , , , , , , , , , , , , , , , , , , , , , , , , , , , , , , , , , , , , , , , , , , , , , , , , , , , , , , , , , , , , , , , , , , , , , , , ,7,255
2015309N14067,2015,99,NI,AS,MEGH,2015-11-05 21:00:00,TS,13.7,62.9,45,994,newdelhi,main,804,785,P____O_________, ,IO052015,13.6,62.8, ,TS,40,993,0,40,40,45,45, , , , , , , , ,1009,190,35, , , , , , , , , , , , , , , , , , , , , , , , , , , , , , , , , , ,13.8,63.0,CS,45,994,3.00000,10, , , , , , , , , , , , , , , , , , , , , , , , , , , , , , , , , , , , , , , , , , , , , , , , , , , , , , , , , , , , , , , , , , , , , , , , , , , , , , , , , , , , , , , , , , ,8,255
2015309N14067,2015,99,NI,AS,MEGH,2015-11-06 00:00:00,TS,13.6,62.5,45,994,newdelhi,main,785,774,O____O_________,jtwc_io,IO052015,13.5,62.5, ,TS,40,993,0,40,40,45,45, , , , , , , , ,1009,190,35, , , , , , , , , , , , , , , , , , , , , , , , , , , , , , , , , , ,13.7,62.5,CS,45,994,3.00000,10, , , , , , , , , , , , , , , , , , , , , , , , , , , , , , , , , , , , , , , , , , , , , , , , , , , , , , , , , , , , , , , , , , , , , , , , , , , , , , , , , , , , , , , , , , ,7,250
2015309N14067,2015,99,NI,AS,MEGH,2015-11-06 03:00:00,TS,13.4,62.2,45,994,newdelhi,main,783,773,P____O_________, ,IO052015,13.4,62.2, ,TS,43,991,0,45,45,45,50, , , , , , , , ,1009,195,35, , , , , , , , , , , , , , , , , , , , , , , , , , , , , , , , , , ,13.5,62.2,CS,45,994,3.00000,10, , , , , , , , , , , , , , , , , , , , , , , , , , , , , , , , , , , , , , , , , , , , , , , , , , , , , , , , , , , , , , , , , , , , , , , , , , , , , , , , , , , , , , , , , , ,7,240
2015309N14067,2015,99,NI,AS,MEGH,2015-11-06 06:00:00,TS,13.3,61.9,45,994,newdelhi,main,773,765,O____O_________,jtwc_io,IO052015,13.3,61.9, ,TS,45,989,0,50,50,45,55, , , , , , , , ,1009,200,35, , , , , , , , , , , , , , , , , , , , , , , , , , , , , , , , , , ,13.2,61.9,CS,45,994,3.00000,10, , , , , , , , , , , , , , , , , , , , , , , , , , , , , , , , , , , , , , , , , , , , , , , , , , , , , , , , , , , , , , , , , , , , , , , , , , , , , , , , , , , , , , , , , , ,7,245
2015309N14067,2015,99,NI,AS,MEGH,2015-11-06 09:00:00,TS,13.1,61.6,45,994,newdelhi,main,772,728,P____O_________, ,IO052015,13.2,61.6, ,TS,45,989,0,53,48,45,55, , , , , , , , ,1009,200,35, , , , , , , , , , , , , , , , , , , , , , , , , , , , , , , , , , ,13.1,61.5,CS,45,994,3.00000,10, , , , , , , , , , , , , , , , , , , , , , , , , , , , , , , , , , , , , , , , , , , , , , , , , , , , , , , , , , , , , , , , , , , , , , , , , , , , , , , , , , , , , , , , , , ,8,255
2015309N14067,2015,99,NI,AS,MEGH,2015-11-06 12:00:00,TS,13.1,61.2,45,994,newdelhi,main,728,695,O____O_________,jtwc_io,IO052015,13.1,61.3, ,TS,45,989,0,55,45,45,55, , , , , , , , ,1009,200,35, , , , , , , , , , , , , , , , , , , , , , , , , , , , , , , , , , ,13.0,61.0,CS,45,994,3.00000,10, , , , , , , , , , , , , , , , , , , , , , , , , , , , , , , , , , , , , , , , , , , , , , , , , , , , , , , , , , , , , , , , , , , , , , , , , , , , , , , , , , , , , , , , , , ,7,250
2015309N14067,2015,99,NI,AS,MEGH,2015-11-06 15:00:00,TS,12.9,60.9,45,994,newdelhi,main,695,673,P____O_________, ,IO052015,13.0,61.0, ,TS,45,989,0,45,38,38,45, , , , , , , , ,1009,185,35, , , , , , , , , , , , , , , , , , , , , , , , , , , , , , , , , , ,12.9,60.8,CS,45,994,3.00000,10, , , , , , , , , , , , , , , , , , , , , , , , , , , , , , , , , , , , , , , , , , , , , , , , , , , , , , , , , , , , , , , , , , , , , , , , , , , , , , , , , , , , , , , , , , ,5,255
2015309N14067,2015,99,NI,AS,MEGH,2015-11-06 18:00:00,TS,12.9,60.7,45,994,newdelhi,main,673,640,O____O_________,jtwc_io,IO052015,12.9,60.7, ,TS,45,989,0,35,30,30,35, , , , , , , , ,1008,170,35, , , , , , , , , , , , , , , , , , , , , , , , , , , , , , , , , , ,12.9,60.6,CS,45,994,3.00000,10, , , , , , , , , , , , , , , , , , , , , , , , , , , , , , , , , , , , , , , , , , , , , , , , , , , , , , , , , , , , , , , , , , , , , , , , , , , , , , , , , , , , , , , , , , ,5,255
2015309N14067,2015,99,NI,AS,MEGH,2015-11-06 21:00:00,TS,12.8,60.4,45,994,newdelhi,main,640,608,P____O_________, ,IO052015,12.8,60.4, ,TS,50,986,0,43,35,35,43, , , , , , , , ,1008,165,28, , , , , , , , , , , , , , , , , , , , , , , , , , , , , , , , , , ,12.8,60.4,CS,45,994,3.00000,10, , , , , , , , , , , , , , , , , , , , , , , , , , , , , , , , , , , , , , , , , , , , , , , , , , , , , , , , , , , , , , , , , , , , , , , , , , , , , , , , , , , , , , , , , , ,6,260
2015309N14067,2015,99,NI,AS,MEGH,2015-11-07 00:00:00,TS,12.8,60.1,45,994,newdelhi,main,608,564,O____O_________,jtwc_io,IO052015,12.8,60.0, ,TS,55,982,0,50,40,40,50, , , , , , , , ,1008,160,20, , , , , , , , , , , , , , , , , , , , , , , , , , , , , , , , , , ,12.8,60.1,CS,45,994,3.00000,10, , , , , , , , , , , , , , , , , , , , , , , , , , , , , , , , , , , , , , , , , , , , , , , , , , , , , , , , , , , , , , , , , , , , , , , , , , , , , , , , , , , , , , , , , , ,7,265
2015309N14067,2015,99,NI,AS,MEGH,2015-11-07 03:00:00,TS,12.8,59.6,45,994,newdelhi,main,554,521,P____O_________, ,IO052015,12.7,59.7, ,TS,60,978,0,45,40,38,45, , , , , , , , ,1008,155,13, , , , , , , , , , , , , , , , , , , , , , , , , , , , , , , , , , ,12.8,59.6,CS,45,994,3.00000,10, , , , , , , , , , , , , , , , , , , , , , , , , , , , , , , , , , , , , , , , , , , , , , , , , , , , , , , , , , , , , , , , , , , , , , , , , , , , , , , , , , , , , , , , , , ,8,265
2015309N14067,2015,99,NI,AS,MEGH,2015-11-07 06:00:00,TS,12.7,59.3,50,992,newdelhi,main,521,466,O____O_________,jtwc_io,IO052015,12.7,59.3, ,TY,65,974,1,40,40,35,40,15,15,15,15, , , , ,1008,150,5, , , , , , , , , , , , , , , , , , , , , , , , , , , , , , , , , , ,12.7,59.2,SCS,50,992,3.00000,12, , , , , , , , , , , , , , , , , , , , , , , , , , , , , , , , , , , , , , , , , , , , , , , , , , , , , , , , , , , , , , , , , , , , , , , , , , , , , , , , , , , , , , , , , , ,8,265
2015309N14067,2015,99,NI,AS,MEGH,2015-11-07 09:00:00,TS,12.7,58.8,55,990,newdelhi,main,466,423,P____O_________, ,IO052015,12.7,58.8, ,TY,73,969,1,48,43,40,48,20,18,18,20, , , , ,1009,160,5, , , , , , , , , , , , , , , , , , , , , , , , , , , , , , , , , , ,12.6,58.8,SCS,55,990,3.50000,16, , , , , , , , , , , , , , , , , , , , , , , , , , , , , , , , , , , , , , , , , , , , , , , , , , , , , , , , , , , , , , , , , , , , , , , , , , , , , , , , , , , , , , , , , , ,9,275
2015309N14067,2015,99,NI,AS,MEGH,2015-11-07 12:00:00,TS,12.8,58.4,60,988,newdelhi,main,423,369,O____O_________,jtwc_io,IO052015,12.8,58.3, ,TY,80,963,1,55,45,45,55,25,20,20,25,10,10,10,10,1009,170,5, , , , , , , , , , , , , , , , , , , , , , , , , , , , , , , , , , ,12.7,58.4,SCS,60,988,3.50000,18, , , , , , , , , , , , , , , , , , , , , , , , , , , , , , , , , , , , , , , , , , , , , , , , , , , , , , , , , , , , , , , , , , , , , , , , , , , , , , , , , , , , , , , , , , ,9,270
2015309N14067,2015,99,NI,AS,MEGH,2015-11-07 15:00:00,TS,12.7,57.9,65,984,newdelhi,main,369,304,P____O_________, ,IO052015,12.8,57.8, ,TY,85,960,2,50,45,43,48,25,23,23,25,13,13,13,13,1009,165,10, , , , , , , , , , , , , , , , , , , , , , , , , , , , , , , , , , ,12.6,57.9,VSCS,65,984,4.00000,22, , , , , , , , , , , , , , , , , , , , , , , , , , , , , , , , , , , , , , , , , , , , , , , , , , , , , , , , , , , , , , , , , , , , , , , , , , , , , , , , , , , , , , , , , , ,10,270
2015309N14067,2015,99,NI,AS,MEGH,2015-11-07 18:00:00,TS,12.8,57.3,70,980,newdelhi,main,304,239,O____O_________,jtwc_io,IO052015,12.8,57.3, ,TY,90,956,2,45,45,40,40,25,25,25,25,15,15,15,15,1008,160,15,15, , , , , , , , , , , , , , , , , , , , , , , , , , , , , , , , , ,12.7,57.3,VSCS,70,980,4.00000,26, , , , , , , , , , , , , , , , , , , , , , , , , , , , , , , , , , , , , , , , , , , , , , , , , , , , , , , , , , , , , , , , , , , , , , , , , , , , , , , , , , , , , , , , , , ,11,270
2015309N14067,2015,99,NI,AS,MEGH,2015-11-07 21:00:00,TS,12.7,56.7,80,976,newdelhi,main,239,174,P____O_________, ,IO052015,12.8,56.7, ,TY,98,950,3,45,43,40,43,25,25,25,25,15,15,15,15,1008,160,11, , , , , , , , , , , , , , , , , , , , , , , , , , , , , , , , , , ,12.7,56.7,VSCS,80,976,4.50000,32, , , , , , , , , , , , , , , , , , , , , , , , , , , , , , , , , , , , , , , , , , , , , , , , , , , , , , , , , , , , , , , , , , , , , , , , , , , , , , , , , , , , , , , , , , ,12,270
2015309N14067,2015,99,NI,AS,MEGH,2015-11-08 00:00:00,TS,12.7,56.1,85,974,newdelhi,main,174,109,O____O_________,jtwc_io,IO052015,12.7,56.1, ,TY,105,944,3,45,40,40,45,25,25,25,25,15,15,15,15,1008,160,7,5, , , , , , , , , , , , , , , , , , , , , , , , , , , , , , , , , ,12.7,56.1,VSCS,85,974,4.50000,36, , , , , , , , , , , , , , , , , , , , , , , , , , , , , , , , , , , , , , , , , , , , , , , , , , , , , , , , , , , , , , , , , , , , , , , , , , , , , , , , , , , , , , , , , , ,12,265
2015309N14067,2015,99,NI,AS,MEGH,2015-11-08 03:00:00,TS,12.7,55.5,90,968,newdelhi,main,109,44,P____O_________, ,IO052015,12.6,55.5, ,TY,108,943,3,45,40,40,45,25,25,25,25,15,15,15,15,1008,160,9, , , , , , , , , , , , , , , , , , , , , , , , , , , , , , , , , , ,12.7,55.5,ESCS,90,968,5.00000,40, , , , , , , , , , , , , , , , , , , , , , , , , , , , , , , , , , , , , , , , , , , , , , , , , , , , , , , , , , , , , , , , , , , , , , , , , , , , , , , , , , , , , , , , , , ,12,270
2015309N14067,2015,99,NI,AS,MEGH,2015-11-08 06:00:00,TS,12.7,54.9,95,964,newdelhi,main,44,10,O____O_________,jtwc_io,IO052015,12.6,54.9, ,TY,110,941,3,45,40,40,45,25,25,25,25,15,15,15,15,1008,160,10,10, , , , , , , , , , , , , , , , , , , , , , , , , , , , , , , , , ,12.7,54.9,ESCS,95,964,5.00000,44, , , , , , , , , , , , , , , , , , , , , , , , , , , , , , , , , , , , , , , , , , , , , , , , , , , , , , , , , , , , , , , , , , , , , , , , , , , , , , , , , , , , , , , , , , ,13,270
2015309N14067,2015,99,NI,AS,MEGH,2015-11-08 09:00:00,TS,12.7,54.2,95,964,newdelhi,main,11,11,P____O_________, ,IO052015,12.6,54.2, ,TY,103,947,3,53,48,48,53,28,28,28,28,18,18,18,18,1008,145,10, , , , , , , , , , , , , , , , , , , , , , , , , , , , , , , , , , ,12.7,54.2,ESCS,95,964,5.00000,44, , , , , , , , , , , , , , , , , , , , , , , , , , , , , , , , , , , , , , , , , , , , , , , , , , , , , , , , , , , , , , , , , , , , , , , , , , , , , , , , , , , , , , , , , , ,14,270
2015309N14067,2015,99,NI,AS,MEGH,2015-11-08 12:00:00,TS,12.7,53.5,90,970,newdelhi,main,11,0,O____O_________,jtwc_io,IO052015,12.6,53.5, ,TY,95,952,2,60,55,55,60,30,30,30,30,20,20,20,20,1008,130,10, , , , , , , , , , , , , , , , , , , , , , , , , , , , , , , , , , ,12.7,53.5,ESCS,90,970,5.00000,40, , , , , , , , , , , , , , , , , , , , , , , , , , , , , , , , , , , , , , , , , , , , , , , , , , , , , , , , , , , , , , , , , , , , , , , , , , , , , , , , , , , , , , , , , , ,13,270
2015309N14067,2015,99,NI,AS,MEGH,2015-11-08 15:00:00,TS,12.6,52.8,90,970,newdelhi,main,55,55,P____O_________, ,IO052015,12.5,52.8, ,TY,88,958,2,60,55,55,60,30,30,30,30,20,20,20,20,1010,135,13, , , , , , , , , , , , , , , , , , , , , , , , , , , , , , , , , , ,12.7,52.9,ESCS,90,970,5.00000,40, , , , , , , , , , , , , , , , , , , , , , , , , , , , , , , , , , , , , , , , , , , , , , , , , , , , , , , , , , , , , , , , , , , , , , , , , , , , , , , , , , , , , , , , , , ,12,260
2015309N14067,2015,99,NI,AS,MEGH,2015-11-08 18:00:00,TS,12.5,52.3,90,970,newdelhi,main,108,74,O____O_________,jtwc_io,IO052015,12.4,52.1, ,TY,80,963,1,60,55,55,60,30,30,30,30,20,20,20,20,1011,140,15, , , , , , , , , , , , , , , , , , , , , , , , , , , , , , , , , , ,12.5,52.4,ESCS,90,970,5.00000,40, , , , , , , , , , , , , , , , , , , , , , , , , , , , , , , , , , , , , , , , , , , , , , , , , , , , , , , , , , , , , , , , , , , , , , , , , , , , , , , , , , , , , , , , , , ,13,260
2015309N14067,2015,99,NI,AS,MEGH,2015-11-08 21:00:00,TS,12.4,51.6,90,970,newdelhi,main,74,44,P____O_________, ,IO052015,12.3,51.4, ,TY,75,967,1,60,55,55,60,30,30,30,30,20,20,20,20,1011,140,15, , , , , , , , , , , , , , , , , , , , , , , , , , , , , , , , , , ,12.5,51.7,ESCS,90,970,5.00000,40, , , , , , , , , , , , , , , , , , , , , , , , , , , , , , , , , , , , , , , , , , , , , , , , , , , , , , , , , , , , , , , , , , , , , , , , , , , , , , , , , , , , , , , , , , ,13,260
2015309N14067,2015,99,NI,AS,MEGH,2015-11-09 00:00:00,TS,12.3,50.9,85,974,newdelhi,main,44,33,O____O_________,jtwc_io,IO052015,12.2,50.8, ,TY,70,970,1,60,55,55,60,30,30,30,30,20,20,20,20,1011,140,15, , , , , , , , , , , , , , , , , , , , , , , , , , , , , , , , , , ,12.3,51.0,VSCS,85,974,4.50000,36, , , , , , , , , , , , , , , , , , , , , , , , , , , , , , , , , , , , , , , , , , , , , , , , , , , , , , , , , , , , , , , , , , , , , , , , , , , , , , , , , , , , , , , , , , ,13,265
2015309N14067,2015,99,NI,AS,MEGH,2015-11-09 03:00:00,TS,12.2,50.2,80,976,newdelhi,main,54,54,P____O_________, ,IO052015,12.2,50.1, ,TY,65,974,1,58,55,58,58,30,30,30,30,10,10,10,10,1011,130,15, , , , , , , , , , , , , , , , , , , , , , , , , , , , , , , , , , ,12.3,50.3,VSCS,80,976,4.50000,32, , , , , , , , , , , , , , , , , , , , , , , , , , , , , , , , , , , , , , , , , , , , , , , , , , , , , , , , , , , , , , , , , , , , , , , , , , , , , , , , , , , , , , , , , , ,13,270
2015309N14067,2015,99,NI,AS,MEGH,2015-11-09 06:00:00,TS,12.3,49.6,80,978,newdelhi,main,89,89,O____O_________,jtwc_io,IO052015,12.2,49.5, ,TS,60,978,0,55,55,60,55,30,30,30,30, , , , ,1011,120,15, , , , , , , , , , , , , , , , , , , , , , , , , , , , , , , , , , ,12.3,49.6,VSCS,80,978,4.50000,30, , , , , , , , , , , , , , , , , , , , , , , , , , , , , , , , , , , , , , , , , , , , , , , , , , , , , , , , , , , , , , , , , , , , , , , , , , , , , , , , , , , , , , , , , , ,13,275
2015309N14067,2015,99,NI,AS,MEGH,2015-11-09 09:00:00,TS,12.3,48.9,75,980,newdelhi,main,117,117,P____O_________, ,IO052015,12.3,49.0, ,TS,55,982,0,55,55,58,55, , , , , , , , ,1011,120,15, , , , , , , , , , , , , , , , , , , , , , , , , , , , , , , , , , ,12.4,48.8,VSCS,75,980,4.00000,28, , , , , , , , , , , , , , , , , , , , , , , , , , , , , , , , , , , , , , , , , , , , , , , , , , , , , , , , , , , , , , , , , , , , , , , , , , , , , , , , , , , , , , , , , , ,12,280
2015309N14067,2015,99,NI,AS,MEGH,2015-11-09 12:00:00,TS,12.5,48.3,70,982,newdelhi,main,145,139,O____O_________,jtwc_io,IO052015,12.4,48.6, ,TS,50,985,0,55,55,55,55, , , , , , , , ,1010,120,15, , , , , , , , , , , , , , , , , , , , , , , , , , , , , , , , , , ,12.5,48.0,VSCS,70,982,4.00000,26, , , , , , , , , , , , , , , , , , , , , , , , , , , , , , , , , , , , , , , , , , , , , , , , , , , , , , , , , , , , , , , , , , , , , , , , , , , , , , , , , , , , , , , , , , ,9,280
2015309N14067,2015,99,NI,AS,MEGH,2015-11-09 15:00:00,TS,12.5,48.0,65,986,newdelhi,main,139,116,P____O_________, ,IO052015,12.5,48.3, ,TS,45,989,0,55,55,55,55, , , , , , , , ,1010,120,18, , , , , , , , , , , , , , , , , , , , , , , , , , , , , , , , , , ,12.5,47.6,VSCS,65,986,4.00000,22, , , , , , , , , , , , , , , , , , , , , , , , , , , , , , , , , , , , , , , , , , , , , , , , , , , , , , , , , , , , , , , , , , , , , , , , , , , , , , , , , , , , , , , , , , ,7,285
2015309N14067,2015,99,NI,AS,MEGH,2015-11-09 18:00:00,TS,12.6,47.6,65,988,newdelhi,main,116,95,O____O_________,jtwc_io,IO052015,12.6,48.1, ,TS,40,993,0,55,55,55,55, , , , , , , , ,1010,120,20, , , , , , , , , , , , , , , , , , , , , , , , , , , , , , , , , , ,12.6,47.2,VSCS,65,988,4.00000,20, , , , , , , , , , , , , , , , , , , , , , , , , , , , , , , , , , , , , , , , , , , , , , , , , , , , , , , , , , , , , , , , , , , , , , , , , , , , , , , , , , , , , , , , , , ,7,285
2015309N14067,2015,99,NI,AS,MEGH,2015-11-09 21:00:00,TS,12.7,47.3,60,990,newdelhi,main,95,74,P____O_________, ,IO052015,12.7,47.8, ,TS,35,997,0,27,27,27,27, , , , , , , , ,1010,120,20, , , , , , , , , , , , , , , , , , , , , , , , , , , , , , , , , , ,12.7,46.8,SCS,60,990,3.50000,18, , , , , , , , , , , , , , , , , , , , , , , , , , , , , , , , , , , , , , , , , , , , , , , , , , , , , , , , , , , , , , , , , , , , , , , , , , , , , , , , , , , , , , , , , , ,7,290
2015309N14067,2015,99,NI,AS,MEGH,2015-11-10 00:00:00,TS,12.9,47.0,50,996,newdelhi,main,64,46,O____O_________,jtwc_io,IO052015,12.8,47.6, ,TD,30,1000,-1, , , , , , , , , , , , ,1010,120,20, , , , , , , , , , , , , , , , , , , , , , , , , , , , , , , , , , ,12.9,46.4,SCS,50,996,3.00000,14, , , , , , , , , , , , , , , , , , , , , , , , , , , , , , , , , , , , , , , , , , , , , , , , , , , , , , , , , , , , , , , , , , , , , , , , , , , , , , , , , , , , , , , , , , ,6,305
2015309N14067,2015,99,NI,AS,MEGH,2015-11-10 03:00:00,TS,13.0,46.8,40,998,newdelhi,main,46,22,P____O_________, ,IO052015,13.0,47.3, ,TD,28,1002,-1, , , , , , , , , , , , ,1010,120,30, , , , , , , , , , , , , , , , , , , , , , , , , , , , , , , , , , ,13.1,46.2,CS,40,998,3.00000,12, , , , , , , , , , , , , , , , , , , , , , , , , , , , , , , , , , , , , , , , , , , , , , , , , , , , , , , , , , , , , , , , , , , , , , , , , , , , , , , , , , , , , , , , , , ,6,315
2015309N14067,2015,99,NI,AS,MEGH,2015-11-10 06:00:00,TS,13.3,46.6,30,1003,newdelhi,main,11,0,O____O_________,jtwc_io,IO052015,13.2,47.1, ,TD,25,1004,-1, , , , , , , , , , , , ,1010,120,40, , , , , , , , , , , , , , , , , , , , , , , , , , , , , , , , , , ,13.3,46.1,DD,30,1003,2.00000,5, , , , , , , , , , , , , , , , , , , , , , , , , , , , , , , , , , , , , , , , , , , , , , , , , , , , , , , , , , , , , , , , , , , , , , , , , , , , , , , , , , , , , , , , , , ,5,335
2015309N14067,2015,99,NI,AS,MEGH,2015-11-10 09:00:00,TS,13.5,46.6, , , ,main,0,0,P____P_________, ,IO052015,13.4,46.9, ,TD,23,1006,-1, , , , , , , , , , , , ,1009,120,40, , , , , , , , , , , , , , , , , , , , , , , , , , , , , , , , , , ,13.5,46.2,DD,28,1004, ,4, , , , , , , , , , , , , , , , , , , , , , , , , , , , , , , , , , , , , , , , , , , , , , , , , , , , , , , , , , , , , , , , , , , , , , , , , , , , , , , , , , , , , , , , , , ,4,0
2015309N14067,2015,99,NI,AS,MEGH,2015-11-10 12:00:00,MX,13.7,46.6,25,1005,newdelhi,main,0, ,O____O_________,jtwc_io,IO052015,13.7,46.7, ,DB,20,1007,-3, , , , , , , , , , , , ,1008,120,40, , , , , , , , , , , , , , , , , , , , , , , , , , , , , , , , , , ,13.6,46.5,D,25,1005,1.50000,3, , , , , , , , , , , , , , , , , , , , , , , , , , , , , , , , , , , , , , , , , , , , , , , , , , , , , , , , , , , , , , , , , , , , , , , , , , , , , , , , , , , , , , , , , , ,4,15
